Organisation Code,Legal Name,Business name(s),training_code,National Title,Specialisations,NRT Type,Usage Recommendation,Usage Recommendation Start Date,NRT Status,Currency Period Start Date,Currency Period End Date,Scope Extent,Scope Start Date,Scope End Date,Scope,NSW delivery approved,VIC delivery approved,QLD delivery approved,SA delivery approved,WA delivery approved,TAS delivery approved,NT delivery approved,ACT delivery approved,International delivery approved,Superseded by,Is Equivalent,Supersedes,Is Equivalent,Latest Release Number,Latest Release Date,Parent Training Package Code,Parent Training Package Title,Is Confidential,Training Package Developer,Copyright Holder,Copyright Holder Job Title,Copyright Holder Group Name,Copyright Holder Organisation,Copyright Holder Email,Recognition Manager,ANZSCO Code,ANZSCO Name,ASCO Code,ASCO Name,ASCED6 Code,ASCED6 Name,ASCED4 Code,ASCED4 Name,Taxonomy (Industry),Taxonomy (Occupation),Qualification Level Code,Qualification Level Name,Licencing,Has Work Placement Hours,Work Placement Hours,Pre-requisite
41304,PM2 Pty Ltd,ONSHIFT EDUCATION;PM SQUARED,AHCBUS407,Cost a project,N,Unit of competency,Current,21/10/2019,Current,21/10/2019,,"Deliver and assess , Granted",29/08/2024,06/10/2029,Implicit,FALSE,FALSE,FALSE,FALSE,FALSE,FALSE,FALSE,FALSE,FALSE,,,AHCBUS402,TRUE,1,21/10/2019,AHC,"Agriculture, Horticulture and Conservation and Land Management Training Package",FALSE,Skills Insight,,,,,,Skills and Workforce Ministerial Council,,,,,80315,Project Management,,,,,,,FALSE,FALSE,,FALSE
41304,PM2 Pty Ltd,ONSHIFT EDUCATION;PM SQUARED,AHCDRG305,Install drainage systems,N,Unit of competency,Current,21/10/2019,Current,21/10/2019,,"Deliver and assess , Granted",29/08/2024,06/10/2029,Implicit,FALSE,FALSE,FALSE,FALSE,FALSE,FALSE,FALSE,FALSE,FALSE,,,AHCDRG301,TRUE,1,21/10/2019,AHC,"Agriculture, Horticulture and Conservation and Land Management Training Package",FALSE,Skills Insight,,,,,,Skills and Workforce Ministerial Council,,,,,30907,Water And Sanitary Engineering,,,,,,,FALSE,FALSE,,FALSE
41304,PM2 Pty Ltd,ONSHIFT EDUCATION;PM SQUARED,AHCGRI301,"Maintain roof gardens, vertical gardens and green facades",N,Unit of competency,Current,24/12/2020,Current,24/12/2020,,"Deliver and assess , Granted",29/08/2024,06/10/2029,Implicit,FALSE,FALSE,FALSE,FALSE,FALSE,FALSE,FALSE,FALSE,FALSE,,,,,1,24/12/2020,AHC,"Agriculture, Horticulture and Conservation and Land Management Training Package",FALSE,Skills Insight,,,,,,Skills and Workforce Ministerial Council,,,,,50301,Horticulture,,,,,,,TRUE,FALSE,,FALSE
41304,PM2 Pty Ltd,ONSHIFT EDUCATION;PM SQUARED,AHCIRG345,Install pressurised irrigation systems,N,Unit of competency,Current,21/10/2019,Current,21/10/2019,,"Deliver and assess , Granted",29/08/2024,06/10/2029,Implicit,FALSE,FALSE,FALSE,FALSE,FALSE,FALSE,FALSE,FALSE,FALSE,,,AHCIRG331,TRUE,1,21/10/2019,AHC,"Agriculture, Horticulture and Conservation and Land Management Training Package",FALSE,Skills Insight,,,,,,Skills and Workforce Ministerial Council,,,,,59999,"Agriculture, Environmental And Related Studies, N.e.c.",,,,,,,FALSE,FALSE,,FALSE
41304,PM2 Pty Ltd,ONSHIFT EDUCATION;PM SQUARED,AHCLSC311,Set out site for construction works,N,Unit of competency,Current,15/02/2022,Current,15/02/2022,,"Deliver and assess , Granted",29/08/2024,06/10/2029,Implicit,FALSE,FALSE,FALSE,FALSE,FALSE,FALSE,FALSE,FALSE,FALSE,,,AHCLSC301,FALSE,1,15/02/2022,AHC,"Agriculture, Horticulture and Conservation and Land Management Training Package",FALSE,Skills Insight,,,,,,Skills and Workforce Ministerial Council,,,,,40303,Building Construction Management,,,,,,,FALSE,FALSE,,FALSE
41304,PM2 Pty Ltd,ONSHIFT EDUCATION;PM SQUARED,AHCLSC312,Construct brick and block structures and features,N,Unit of competency,Current,15/02/2022,Current,15/02/2022,,"Deliver and assess , Granted",29/08/2024,06/10/2029,Implicit,FALSE,FALSE,FALSE,FALSE,FALSE,FALSE,FALSE,FALSE,FALSE,,,AHCLSC303,FALSE,1,15/02/2022,AHC,"Agriculture, Horticulture and Conservation and Land Management Training Package",FALSE,Skills Insight,,,,,,Skills and Workforce Ministerial Council,,,,,40309,Bricklaying And Stonemasonry,,,,,,,TRUE,FALSE,,TRUE
41304,PM2 Pty Ltd,ONSHIFT EDUCATION;PM SQUARED,AHCLSC313,"Construct stone structures and features, and install stone cladding",N,Unit of competency,Current,15/02/2022,Current,15/02/2022,,"Deliver and assess , Granted",29/08/2024,06/10/2029,Implicit,FALSE,FALSE,FALSE,FALSE,FALSE,FALSE,FALSE,FALSE,FALSE,,,AHCLSC305,FALSE,1,15/02/2022,AHC,"Agriculture, Horticulture and Conservation and Land Management Training Package",FALSE,Skills Insight,,,,,,Skills and Workforce Ministerial Council,,,,,40309,Bricklaying And Stonemasonry,,,,,,,TRUE,FALSE,,FALSE
41304,PM2 Pty Ltd,ONSHIFT EDUCATION;PM SQUARED,AHCLSC314,Implement a tree transplanting program,N,Unit of competency,Current,15/02/2022,Current,15/02/2022,,"Deliver and assess , Granted",29/08/2024,06/10/2029,Implicit,FALSE,FALSE,FALSE,FALSE,FALSE,FALSE,FALSE,FALSE,FALSE,,,AHCLSC310,FALSE,1,15/02/2022,AHC,"Agriculture, Horticulture and Conservation and Land Management Training Package",FALSE,Skills Insight,,,,,,Skills and Workforce Ministerial Council,,,,,50301,Horticulture,,,,,,,FALSE,FALSE,,FALSE
41304,PM2 Pty Ltd,ONSHIFT EDUCATION;PM SQUARED,AHCLSC315,Implement an outdoor tiling project,N,Unit of competency,Current,15/02/2022,Current,15/02/2022,,"Deliver and assess , Granted",29/08/2024,06/10/2029,Implicit,FALSE,FALSE,FALSE,FALSE,FALSE,FALSE,FALSE,FALSE,FALSE,,,,,1,15/02/2022,AHC,"Agriculture, Horticulture and Conservation and Land Management Training Package",FALSE,Skills Insight,,,,,,Skills and Workforce Ministerial Council,,,,,40399,"Building, N.e.c.",,,,,,,FALSE,FALSE,,FALSE
41304,PM2 Pty Ltd,ONSHIFT EDUCATION;PM SQUARED,AHCLSC316,Implement a paving project,N,Unit of competency,Current,15/02/2022,Current,15/02/2022,,"Deliver and assess , Granted",29/08/2024,06/10/2029,Implicit,FALSE,FALSE,FALSE,FALSE,FALSE,FALSE,FALSE,FALSE,FALSE,,,AHCLSC306,FALSE,1,15/02/2022,AHC,"Agriculture, Horticulture and Conservation and Land Management Training Package",FALSE,Skills Insight,,,,,,Skills and Workforce Ministerial Council,,,,,40399,"Building, N.e.c.",,,,,,,TRUE,FALSE,,FALSE
41304,PM2 Pty Ltd,ONSHIFT EDUCATION;PM SQUARED,AHCLSC317,Construct landscape features using concrete,N,Unit of competency,Current,15/02/2022,Current,15/02/2022,,"Deliver and assess , Granted",29/08/2024,06/10/2029,Implicit,FALSE,FALSE,FALSE,FALSE,FALSE,FALSE,FALSE,FALSE,FALSE,,,AHCLSC302,TRUE,1,15/02/2022,AHC,"Agriculture, Horticulture and Conservation and Land Management Training Package",FALSE,Skills Insight,,,,,,Skills and Workforce Ministerial Council,,,,,40301,Building Science And Technology,,,,,,,TRUE,FALSE,,FALSE
41304,PM2 Pty Ltd,ONSHIFT EDUCATION;PM SQUARED,AHCLSC318,Erect timber structures and features,N,Unit of competency,Current,15/02/2022,Current,15/02/2022,,"Deliver and assess , Granted",29/08/2024,06/10/2029,Implicit,FALSE,FALSE,FALSE,FALSE,FALSE,FALSE,FALSE,FALSE,FALSE,,,AHCLSC304,TRUE,1,15/02/2022,AHC,"Agriculture, Horticulture and Conservation and Land Management Training Package",FALSE,Skills Insight,,,,,,Skills and Workforce Ministerial Council,,,,,40311,Carpentry And Joinery,,,,,,,FALSE,FALSE,,FALSE
41304,PM2 Pty Ltd,ONSHIFT EDUCATION;PM SQUARED,AHCLSC319,Implement a retaining wall project,N,Unit of competency,Current,15/02/2022,Current,15/02/2022,,"Deliver and assess , Granted",29/08/2024,06/10/2029,Implicit,FALSE,FALSE,FALSE,FALSE,FALSE,FALSE,FALSE,FALSE,FALSE,,,AHCLSC307,TRUE,1,15/02/2022,AHC,"Agriculture, Horticulture and Conservation and Land Management Training Package",FALSE,Skills Insight,,,,,,Skills and Workforce Ministerial Council,,,,,40105,Landscape Architecture,,,,,,,TRUE,FALSE,,FALSE
41304,PM2 Pty Ltd,ONSHIFT EDUCATION;PM SQUARED,AHCLSC320,Install water features,N,Unit of competency,Current,15/02/2022,Current,15/02/2022,,"Deliver and assess , Granted",29/08/2024,06/10/2029,Implicit,FALSE,FALSE,FALSE,FALSE,FALSE,FALSE,FALSE,FALSE,FALSE,,,AHCLSC309,TRUE,1,15/02/2022,AHC,"Agriculture, Horticulture and Conservation and Land Management Training Package",FALSE,Skills Insight,,,,,,Skills and Workforce Ministerial Council,,,,,40105,Landscape Architecture,,,,,,,FALSE,FALSE,,FALSE
41304,PM2 Pty Ltd,ONSHIFT EDUCATION;PM SQUARED,AHCLSC321,Install metal structures and features,N,Unit of competency,Current,15/02/2022,Current,15/02/2022,,"Deliver and assess , Granted",29/08/2024,06/10/2029,Implicit,FALSE,FALSE,FALSE,FALSE,FALSE,FALSE,FALSE,FALSE,FALSE,,,AHCLSC308,TRUE,1,15/02/2022,AHC,"Agriculture, Horticulture and Conservation and Land Management Training Package",FALSE,Skills Insight,,,,,,Skills and Workforce Ministerial Council,,,,,40301,Building Science And Technology,,,,,,,FALSE,FALSE,,FALSE
41304,PM2 Pty Ltd,ONSHIFT EDUCATION;PM SQUARED,AHCMOM201,Operate two wheel motorbikes,N,Unit of competency,Current,27/06/2016,Current,27/06/2016,,"Deliver and assess , Granted",29/08/2024,06/10/2029,Explicit,TRUE,TRUE,TRUE,TRUE,TRUE,TRUE,TRUE,TRUE,FALSE,,,AHCMOM201A,TRUE,2,19/12/2018,AHC,"Agriculture, Horticulture and Conservation and Land Management Training Package",FALSE,Skills Insight,,,,,,Skills and Workforce Ministerial Council,,,,,30515,Automotive Vehicle Operations,,,,,,,FALSE,FALSE,,FALSE
41304,PM2 Pty Ltd,ONSHIFT EDUCATION;PM SQUARED,AHCMOM213,Operate and maintain chainsaws,N,Unit of competency,Current,27/06/2016,Current,27/06/2016,,"Deliver and assess , Granted",19/04/2024,06/10/2029,Explicit,TRUE,TRUE,TRUE,TRUE,TRUE,TRUE,TRUE,TRUE,FALSE,,,AHCARB205A,TRUE,2,19/12/2018,AHC,"Agriculture, Horticulture and Conservation and Land Management Training Package",FALSE,Skills Insight,,,,,,Skills and Workforce Ministerial Council,,,,,30717,Plant And Machine Operations,,,,,,,FALSE,FALSE,,FALSE
41304,PM2 Pty Ltd,ONSHIFT EDUCATION;PM SQUARED,AHCMOM216,Operate side by side utility vehicles,N,Unit of competency,Current,19/12/2018,Current,19/12/2018,,"Deliver and assess , Granted",29/08/2024,06/10/2029,Explicit,TRUE,TRUE,TRUE,TRUE,TRUE,TRUE,TRUE,TRUE,FALSE,,,AHCMOM211,FALSE,1,19/12/2018,AHC,"Agriculture, Horticulture and Conservation and Land Management Training Package",FALSE,Skills Insight,,,,,,Skills and Workforce Ministerial Council,,,,,30515,Automotive Vehicle Operations,,,,,,,FALSE,FALSE,,FALSE
41304,PM2 Pty Ltd,ONSHIFT EDUCATION;PM SQUARED,AHCMOM217,Operate quad bikes,N,Unit of competency,Current,19/12/2018,Current,19/12/2018,,"Deliver and assess , Granted",29/08/2024,06/10/2029,Explicit,TRUE,TRUE,TRUE,TRUE,TRUE,TRUE,TRUE,TRUE,FALSE,,,AHCMOM212,FALSE,1,19/12/2018,AHC,"Agriculture, Horticulture and Conservation and Land Management Training Package",FALSE,Skills Insight,,,,,,Skills and Workforce Ministerial Council,,,,,30515,Automotive Vehicle Operations,,,,,,,FALSE,FALSE,,FALSE
41304,PM2 Pty Ltd,ONSHIFT EDUCATION;PM SQUARED,AHCMOM304,Operate machinery and equipment,N,Unit of competency,Current,27/06/2016,Current,27/06/2016,,"Deliver and assess , Granted",29/08/2024,06/10/2029,Implicit,FALSE,FALSE,FALSE,FALSE,FALSE,FALSE,FALSE,FALSE,FALSE,,,AHCMOM304A,TRUE,2,19/12/2018,AHC,"Agriculture, Horticulture and Conservation and Land Management Training Package",FALSE,Skills Insight,,,,,,Skills and Workforce Ministerial Council,,,,,30717,Plant And Machine Operations,,,,,,,FALSE,FALSE,,FALSE
41304,PM2 Pty Ltd,ONSHIFT EDUCATION;PM SQUARED,AHCNAR201,Carry out natural area restoration works,N,Unit of competency,Superseded,23/12/2020,Superseded,27/06/2016,22/12/2020,"Deliver and assess , Granted",13/10/2023,06/10/2029,Implicit,FALSE,FALSE,FALSE,FALSE,FALSE,FALSE,FALSE,FALSE,FALSE,AHCECR203,FALSE,AHCNAR201A,TRUE,1,27/06/2016,AHC,"Agriculture, Horticulture and Conservation and Land Management Training Package",FALSE,Skills Insight,,,,,,Skills and Workforce Ministerial Council,,,,,50999,"Environmental Studies, N.e.c.",,,,,,,FALSE,FALSE,,FALSE
41304,PM2 Pty Ltd,ONSHIFT EDUCATION;PM SQUARED,AHCNAR303,Implement revegetation works,N,Unit of competency,Superseded,23/12/2020,Superseded,27/06/2016,22/12/2020,"Deliver and assess , Granted",13/10/2023,06/10/2029,Implicit,FALSE,FALSE,FALSE,FALSE,FALSE,FALSE,FALSE,FALSE,FALSE,AHCECR303,FALSE,AHCNAR303A,TRUE,1,27/06/2016,AHC,"Agriculture, Horticulture and Conservation and Land Management Training Package",FALSE,Skills Insight,,,,,,Skills and Workforce Ministerial Council,,,,,50301,Horticulture,,,,,,,FALSE,FALSE,,FALSE
41304,PM2 Pty Ltd,ONSHIFT EDUCATION;PM SQUARED,AHCPCM204,Recognise plants,N,Unit of competency,Current,24/12/2020,Current,24/12/2020,,"Deliver and assess , Granted",29/08/2024,06/10/2029,Implicit,FALSE,FALSE,FALSE,FALSE,FALSE,FALSE,FALSE,FALSE,FALSE,,,AHCPCM201,FALSE,1,24/12/2020,AHC,"Agriculture, Horticulture and Conservation and Land Management Training Package",FALSE,Skills Insight,,,,,,Skills and Workforce Ministerial Council,,,,,50301,Horticulture,,,,,,,FALSE,FALSE,,FALSE
41304,PM2 Pty Ltd,ONSHIFT EDUCATION;PM SQUARED,AHCPCM303,Identify plant specimens,N,Unit of competency,Current,27/06/2016,Current,27/06/2016,,"Deliver and assess , Granted",29/08/2024,06/10/2029,Implicit,FALSE,FALSE,FALSE,FALSE,FALSE,FALSE,FALSE,FALSE,FALSE,,,AHCPCM303A,TRUE,2,19/12/2018,AHC,"Agriculture, Horticulture and Conservation and Land Management Training Package",FALSE,Skills Insight,,,,,,Skills and Workforce Ministerial Council,,,,,10903,Botany,,,,,,,FALSE,FALSE,,FALSE
41304,PM2 Pty Ltd,ONSHIFT EDUCATION;PM SQUARED,AHCPCM306,Provide information on plants and their culture,N,Unit of competency,Current,24/12/2020,Current,24/12/2020,,"Deliver and assess , Granted",29/08/2024,06/10/2029,Implicit,FALSE,FALSE,FALSE,FALSE,FALSE,FALSE,FALSE,FALSE,FALSE,,,AHCPCM302,TRUE,1,24/12/2020,AHC,"Agriculture, Horticulture and Conservation and Land Management Training Package",FALSE,Skills Insight,,,,,,Skills and Workforce Ministerial Council,,,,,100799,"Communication And Media Studies, N.e.c.",,,,,,,FALSE,FALSE,,FALSE
41304,PM2 Pty Ltd,ONSHIFT EDUCATION;PM SQUARED,AHCPGD307,Implement a plant establishment program,N,Unit of competency,Current,15/02/2022,Current,15/02/2022,,"Deliver and assess , Granted",29/08/2024,06/10/2029,Implicit,FALSE,FALSE,FALSE,FALSE,FALSE,FALSE,FALSE,FALSE,FALSE,,,AHCPGD301,FALSE,1,15/02/2022,AHC,"Agriculture, Horticulture and Conservation and Land Management Training Package",FALSE,Skills Insight,,,,,,Skills and Workforce Ministerial Council,,,,,50301,Horticulture,,,,,,,FALSE,FALSE,,FALSE
41304,PM2 Pty Ltd,ONSHIFT EDUCATION;PM SQUARED,AHCPGD310,Implement a landscape maintenance program,N,Unit of competency,Current,15/02/2022,Current,15/02/2022,,"Deliver and assess , Granted",29/08/2024,06/10/2029,Implicit,FALSE,FALSE,FALSE,FALSE,FALSE,FALSE,FALSE,FALSE,FALSE,,,AHCPGD304,TRUE,1,15/02/2022,AHC,"Agriculture, Horticulture and Conservation and Land Management Training Package",FALSE,Skills Insight,,,,,,Skills and Workforce Ministerial Council,,,,,40105,Landscape Architecture,,,,,,,FALSE,FALSE,,FALSE
41304,PM2 Pty Ltd,ONSHIFT EDUCATION;PM SQUARED,AHCSAW201,Conduct erosion and sediment control activities,N,Unit of competency,Superseded,23/12/2020,Superseded,27/06/2016,22/12/2020,"Deliver and assess , Granted",14/06/2022,06/10/2029,Implicit,FALSE,FALSE,FALSE,FALSE,FALSE,FALSE,FALSE,FALSE,FALSE,AHCSAW203,FALSE,AHCSAW201A,TRUE,1,27/06/2016,AHC,"Agriculture, Horticulture and Conservation and Land Management Training Package",FALSE,Skills Insight,,,,,,Skills and Workforce Ministerial Council,,,,,50999,"Environmental Studies, N.e.c.",,,,,,,FALSE,FALSE,,FALSE
41304,PM2 Pty Ltd,ONSHIFT EDUCATION;PM SQUARED,AHCSAW301,Construct conservation earthworks,N,Unit of competency,Superseded,23/12/2020,Superseded,27/06/2016,22/12/2020,"Deliver and assess , Granted",14/06/2022,06/10/2029,Implicit,FALSE,FALSE,FALSE,FALSE,FALSE,FALSE,FALSE,FALSE,FALSE,AHCSAW303,FALSE,AHCSAW301A,TRUE,1,27/06/2016,AHC,"Agriculture, Horticulture and Conservation and Land Management Training Package",FALSE,Skills Insight,,,,,,Skills and Workforce Ministerial Council,,,,,40399,"Building, N.e.c.",,,,,,,FALSE,FALSE,,FALSE
41304,PM2 Pty Ltd,ONSHIFT EDUCATION;PM SQUARED,AHCSOL304,Implement soil improvements for garden and turf areas,N,Unit of competency,Current,21/10/2019,Current,21/10/2019,,"Deliver and assess , Granted",29/08/2024,06/10/2029,Implicit,FALSE,FALSE,FALSE,FALSE,FALSE,FALSE,FALSE,FALSE,FALSE,,,AHCSOL303,TRUE,1,21/10/2019,AHC,"Agriculture, Horticulture and Conservation and Land Management Training Package",FALSE,Skills Insight,,,,,,Skills and Workforce Ministerial Council,,,,,50301,Horticulture,,,,,,,FALSE,FALSE,,FALSE
41304,PM2 Pty Ltd,ONSHIFT EDUCATION;PM SQUARED,AHCWHS302,Contribute to workplace health and safety processes,N,Unit of competency,Current,24/01/2023,Current,24/01/2023,,"Deliver and assess , Granted",29/08/2024,06/10/2029,Implicit,FALSE,FALSE,FALSE,FALSE,FALSE,FALSE,FALSE,FALSE,FALSE,,,AHCWHS301,FALSE,1,24/01/2023,AHC,"Agriculture, Horticulture and Conservation and Land Management Training Package",FALSE,Skills Insight,,,,,,Skills and Workforce Ministerial Council,,,,,61301,Occupational Health And Safety,,,,,,,FALSE,FALSE,,FALSE
41304,PM2 Pty Ltd,ONSHIFT EDUCATION;PM SQUARED,AHCWRK320,Apply environmentally sustainable work practices,N,Unit of competency,Current,24/01/2023,Current,24/01/2023,,"Deliver and assess , Granted",29/08/2024,06/10/2029,Implicit,FALSE,FALSE,FALSE,FALSE,FALSE,FALSE,FALSE,FALSE,FALSE,,,AHCWRK309,FALSE,1,24/01/2023,AHC,"Agriculture, Horticulture and Conservation and Land Management Training Package",FALSE,Skills Insight,,,,,,Skills and Workforce Ministerial Council,,,,,120505,Work Practices Programmes,,,,,,,FALSE,FALSE,,FALSE
41304,PM2 Pty Ltd,ONSHIFT EDUCATION;PM SQUARED,AUMABA012,Operate load shifting equipment,N,Unit of competency,Current,12/12/2018,Current,12/12/2018,,"Deliver and assess , Granted",03/12/2025,06/10/2029,Implicit,FALSE,FALSE,FALSE,FALSE,FALSE,FALSE,FALSE,FALSE,FALSE,,,AUMABA002,TRUE,1,12/12/2018,AUM,Automotive Manufacturing,FALSE,Mining and Automotive Skills Alliance,,,,,,Skills and Workforce Ministerial Council,,,,,30717,Plant And Machine Operations,,,,,,,TRUE,FALSE,,FALSE
41304,PM2 Pty Ltd,ONSHIFT EDUCATION;PM SQUARED,AURACA101,Respond to customer needs and enquiries in an automotive workplace,N,Unit of competency,Current,13/11/2020,Current,13/11/2020,,"Deliver and assess , Granted",13/10/2023,06/10/2029,Implicit,FALSE,FALSE,FALSE,FALSE,FALSE,FALSE,FALSE,FALSE,FALSE,,,AURACA001,TRUE,1,13/11/2020,AUR,"Automotive Retail, Service and Repair Training Package",FALSE,Mining and Automotive Skills Alliance,,,,,,Skills and Workforce Ministerial Council,,,,,80501,Sales,,,,,,,FALSE,FALSE,,FALSE
41304,PM2 Pty Ltd,ONSHIFT EDUCATION;PM SQUARED,AURAEA002,Follow environmental and sustainability best practice in an automotive workplace,N,Unit of competency,Current,14/04/2016,Current,14/04/2016,,"Deliver and assess , Granted",13/10/2023,06/10/2029,Implicit,FALSE,FALSE,FALSE,FALSE,FALSE,FALSE,FALSE,FALSE,FALSE,,,AURAEA2002,TRUE,1,14/04/2016,AUR,"Automotive Retail, Service and Repair Training Package",FALSE,Mining and Automotive Skills Alliance,,,,,,Skills and Workforce Ministerial Council,,,,,50999,"Environmental Studies, N.e.c.",,,,,,,FALSE,FALSE,,FALSE
41304,PM2 Pty Ltd,ONSHIFT EDUCATION;PM SQUARED,AURAFA103,Communicate effectively in an automotive workplace,N,Unit of competency,Current,13/11/2020,Current,13/11/2020,,"Deliver and assess , Granted",13/10/2023,06/10/2029,Implicit,FALSE,FALSE,FALSE,FALSE,FALSE,FALSE,FALSE,FALSE,FALSE,,,AURAFA003,TRUE,1,13/11/2020,AUR,"Automotive Retail, Service and Repair Training Package",FALSE,Mining and Automotive Skills Alliance,,,,,,Skills and Workforce Ministerial Council,,,,,120505,Work Practices Programmes,,,,,,,FALSE,FALSE,,FALSE
41304,PM2 Pty Ltd,ONSHIFT EDUCATION;PM SQUARED,AURAMA001,Work effectively with others in an automotive workplace,N,Unit of competency,Current,14/04/2016,Current,14/04/2016,,"Deliver and assess , Granted",13/10/2023,06/10/2029,Implicit,FALSE,FALSE,FALSE,FALSE,FALSE,FALSE,FALSE,FALSE,FALSE,,,AURAMA2001,TRUE,1,14/04/2016,AUR,"Automotive Retail, Service and Repair Training Package",FALSE,Mining and Automotive Skills Alliance,,,,,,Skills and Workforce Ministerial Council,,,,,120505,Work Practices Programmes,,,,,,,FALSE,FALSE,,FALSE
41304,PM2 Pty Ltd,ONSHIFT EDUCATION;PM SQUARED,AURASA102,Follow safe working practices in an automotive workplace,N,Unit of competency,Current,13/11/2020,Current,13/11/2020,,"Deliver and assess , Granted",13/10/2023,06/10/2029,Implicit,FALSE,FALSE,FALSE,FALSE,FALSE,FALSE,FALSE,FALSE,FALSE,,,AURASA002,TRUE,1,13/11/2020,AUR,"Automotive Retail, Service and Repair Training Package",FALSE,Mining and Automotive Skills Alliance,,,,,,Skills and Workforce Ministerial Council,,,,,61301,Occupational Health And Safety,,,,,,,FALSE,FALSE,,FALSE
41304,PM2 Pty Ltd,ONSHIFT EDUCATION;PM SQUARED,AURATA002,"Read, interpret and apply engineering drawings",N,Unit of competency,Current,14/04/2016,Current,14/04/2016,,"Deliver and assess , Granted",13/10/2023,06/10/2029,Implicit,FALSE,FALSE,FALSE,FALSE,FALSE,FALSE,FALSE,FALSE,FALSE,,,AURATA2002,TRUE,1,14/04/2016,AUR,"Automotive Retail, Service and Repair Training Package",FALSE,Mining and Automotive Skills Alliance,,,,,,Skills and Workforce Ministerial Council,,,,,30501,Automotive Engineering,,,,,,,FALSE,FALSE,,FALSE
41304,PM2 Pty Ltd,ONSHIFT EDUCATION;PM SQUARED,AURETH002,Service and maintain battery electric vehicles,N,Unit of competency,Superseded,22/02/2022,Superseded,14/04/2016,21/02/2022,"Deliver and assess , Granted",13/10/2023,06/10/2029,Implicit,FALSE,FALSE,FALSE,FALSE,FALSE,FALSE,FALSE,FALSE,FALSE,AURETH102,TRUE,AURETH3002,TRUE,1,14/04/2016,AUR,"Automotive Retail, Service and Repair Training Package",FALSE,Mining and Automotive Skills Alliance,,,,,,Skills and Workforce Ministerial Council,,,,,30505,Automotive Electrics And Electronics,,,,,,,FALSE,FALSE,,TRUE
41304,PM2 Pty Ltd,ONSHIFT EDUCATION;PM SQUARED,AURETH101,Depower and reinitialise battery electric vehicles,N,Unit of competency,Current,13/11/2020,Current,13/11/2020,,"Deliver and assess , Granted",13/10/2023,06/10/2029,Implicit,FALSE,FALSE,FALSE,FALSE,FALSE,FALSE,FALSE,FALSE,FALSE,,,AURETH001,TRUE,1,13/11/2020,AUR,"Automotive Retail, Service and Repair Training Package",FALSE,Mining and Automotive Skills Alliance,,,,,,Skills and Workforce Ministerial Council,,,,,30505,Automotive Electrics And Electronics,,,,,,,FALSE,FALSE,,FALSE
41304,PM2 Pty Ltd,ONSHIFT EDUCATION;PM SQUARED,AURETK002,Use and maintain electrical test equipment in an automotive workplace,N,Unit of competency,Current,14/04/2016,Current,14/04/2016,,"Deliver and assess , Granted",13/10/2023,06/10/2029,Implicit,FALSE,FALSE,FALSE,FALSE,FALSE,FALSE,FALSE,FALSE,FALSE,,,AURETK2002,TRUE,1,14/04/2016,AUR,"Automotive Retail, Service and Repair Training Package",FALSE,Mining and Automotive Skills Alliance,,,,,,Skills and Workforce Ministerial Council,,,,,30505,Automotive Electrics And Electronics,,,,,,,FALSE,FALSE,,FALSE
41304,PM2 Pty Ltd,ONSHIFT EDUCATION;PM SQUARED,AURETR005,Install automotive security systems and components,N,Unit of competency,Current,14/04/2016,Current,14/04/2016,,"Deliver and assess , Granted",13/10/2023,06/10/2029,Implicit,FALSE,FALSE,FALSE,FALSE,FALSE,FALSE,FALSE,FALSE,FALSE,,,AURETR2005,TRUE,1,14/04/2016,AUR,"Automotive Retail, Service and Repair Training Package",FALSE,Mining and Automotive Skills Alliance,,,,,,Skills and Workforce Ministerial Council,,,,,31317,Electronic Equipment Servicing,,,,,,,FALSE,FALSE,,FALSE
41304,PM2 Pty Ltd,ONSHIFT EDUCATION;PM SQUARED,AURETR007,Apply knowledge of automotive electrical circuits and wiring systems,N,Unit of competency,Current,14/04/2016,Current,14/04/2016,,"Deliver and assess , Granted",13/10/2023,06/10/2029,Implicit,FALSE,FALSE,FALSE,FALSE,FALSE,FALSE,FALSE,FALSE,FALSE,,,AURETR2007,TRUE,1,14/04/2016,AUR,"Automotive Retail, Service and Repair Training Package",FALSE,Mining and Automotive Skills Alliance,,,,,,Skills and Workforce Ministerial Council,,,,,30505,Automotive Electrics And Electronics,,,,,,,FALSE,FALSE,,FALSE
41304,PM2 Pty Ltd,ONSHIFT EDUCATION;PM SQUARED,AURETR010,Repair wiring harnesses and looms,N,Unit of competency,Current,14/04/2016,Current,14/04/2016,,"Deliver and assess , Granted",13/10/2023,06/10/2029,Implicit,FALSE,FALSE,FALSE,FALSE,FALSE,FALSE,FALSE,FALSE,FALSE,,,AURETR2010,TRUE,1,14/04/2016,AUR,"Automotive Retail, Service and Repair Training Package",FALSE,Mining and Automotive Skills Alliance,,,,,,Skills and Workforce Ministerial Council,,,,,30505,Automotive Electrics And Electronics,,,,,,,FALSE,FALSE,,FALSE
41304,PM2 Pty Ltd,ONSHIFT EDUCATION;PM SQUARED,AURETR011,Install basic ancillary electrical systems and components,N,Unit of competency,Current,14/04/2016,Current,14/04/2016,,"Deliver and assess , Granted",13/10/2023,06/10/2029,Implicit,FALSE,FALSE,FALSE,FALSE,FALSE,FALSE,FALSE,FALSE,FALSE,,,AURETR2011,TRUE,1,14/04/2016,AUR,"Automotive Retail, Service and Repair Training Package",FALSE,Mining and Automotive Skills Alliance,,,,,,Skills and Workforce Ministerial Council,,,,,30505,Automotive Electrics And Electronics,,,,,,,FALSE,FALSE,,FALSE
41304,PM2 Pty Ltd,ONSHIFT EDUCATION;PM SQUARED,AURETR019,"Inspect, service and repair AC electric motor drive systems",N,Unit of competency,Current,14/04/2016,Current,14/04/2016,,"Deliver and assess , Granted",13/10/2023,06/10/2029,Implicit,FALSE,FALSE,FALSE,FALSE,FALSE,FALSE,FALSE,FALSE,FALSE,,,AURETR3019,TRUE,1,14/04/2016,AUR,"Automotive Retail, Service and Repair Training Package",FALSE,Mining and Automotive Skills Alliance,,,,,,Skills and Workforce Ministerial Council,,,,,30505,Automotive Electrics And Electronics,,,,,,,FALSE,FALSE,,FALSE
41304,PM2 Pty Ltd,ONSHIFT EDUCATION;PM SQUARED,AURETR021,"Inspect, service and repair electronic management, monitoring and tracking systems",N,Unit of competency,Superseded,22/02/2022,Superseded,14/04/2016,21/02/2022,"Deliver and assess , Granted",13/10/2023,06/10/2029,Implicit,FALSE,FALSE,FALSE,FALSE,FALSE,FALSE,FALSE,FALSE,FALSE,AURETR121,TRUE,AURETR3021,TRUE,1,14/04/2016,AUR,"Automotive Retail, Service and Repair Training Package",FALSE,Mining and Automotive Skills Alliance,,,,,,Skills and Workforce Ministerial Council,,,,,30505,Automotive Electrics And Electronics,,,,,,,FALSE,FALSE,,FALSE
41304,PM2 Pty Ltd,ONSHIFT EDUCATION;PM SQUARED,AURETR112,Test and repair basic electrical circuits,N,Unit of competency,Current,13/11/2020,Current,13/11/2020,,"Deliver and assess , Granted",13/10/2023,06/10/2029,Implicit,FALSE,FALSE,FALSE,FALSE,FALSE,FALSE,FALSE,FALSE,FALSE,,,AURETR012,TRUE,1,13/11/2020,AUR,"Automotive Retail, Service and Repair Training Package",FALSE,Mining and Automotive Skills Alliance,,,,,,Skills and Workforce Ministerial Council,,,,,30505,Automotive Electrics And Electronics,,,,,,,FALSE,FALSE,,FALSE
41304,PM2 Pty Ltd,ONSHIFT EDUCATION;PM SQUARED,AURETR120,Diagnose and repair network electronic control systems,N,Unit of competency,Current,13/11/2020,Current,13/11/2020,,"Deliver and assess , Granted",13/10/2023,06/10/2029,Implicit,FALSE,FALSE,FALSE,FALSE,FALSE,FALSE,FALSE,FALSE,FALSE,,,AURETR020,TRUE,1,13/11/2020,AUR,"Automotive Retail, Service and Repair Training Package",FALSE,Mining and Automotive Skills Alliance,,,,,,Skills and Workforce Ministerial Council,,,,,30505,Automotive Electrics And Electronics,,,,,,,FALSE,FALSE,,FALSE
41304,PM2 Pty Ltd,ONSHIFT EDUCATION;PM SQUARED,AURETR122,Diagnose and repair vehicle dynamic control systems,N,Unit of competency,Current,13/11/2020,Current,13/11/2020,,"Deliver and assess , Granted",13/10/2023,06/10/2029,Implicit,FALSE,FALSE,FALSE,FALSE,FALSE,FALSE,FALSE,FALSE,FALSE,,,AURETR022,TRUE,1,13/11/2020,AUR,"Automotive Retail, Service and Repair Training Package",FALSE,Mining and Automotive Skills Alliance,,,,,,Skills and Workforce Ministerial Council,,,,,30505,Automotive Electrics And Electronics,,,,,,,FALSE,FALSE,,FALSE
41304,PM2 Pty Ltd,ONSHIFT EDUCATION;PM SQUARED,AURETR123,Diagnose and repair spark ignition engine management systems,N,Unit of competency,Current,13/11/2020,Current,13/11/2020,,"Deliver and assess , Granted",13/10/2023,06/10/2029,Implicit,FALSE,FALSE,FALSE,FALSE,FALSE,FALSE,FALSE,FALSE,FALSE,,,AURETR023,TRUE,1,13/11/2020,AUR,"Automotive Retail, Service and Repair Training Package",FALSE,Mining and Automotive Skills Alliance,,,,,,Skills and Workforce Ministerial Council,,,,,30505,Automotive Electrics And Electronics,,,,,,,FALSE,FALSE,,FALSE
41304,PM2 Pty Ltd,ONSHIFT EDUCATION;PM SQUARED,AURETR124,Diagnose and repair compression ignition engine management systems,N,Unit of competency,Current,13/11/2020,Current,13/11/2020,,"Deliver and assess , Granted",13/10/2023,06/10/2029,Implicit,FALSE,FALSE,FALSE,FALSE,FALSE,FALSE,FALSE,FALSE,FALSE,,,AURETR024,TRUE,1,13/11/2020,AUR,"Automotive Retail, Service and Repair Training Package",FALSE,Mining and Automotive Skills Alliance,,,,,,Skills and Workforce Ministerial Council,,,,,30505,Automotive Electrics And Electronics,,,,,,,FALSE,FALSE,,FALSE
41304,PM2 Pty Ltd,ONSHIFT EDUCATION;PM SQUARED,AURETR125,"Test, charge and replace batteries and jump-start vehicles",N,Unit of competency,Current,13/11/2020,Current,13/11/2020,,"Deliver and assess , Granted",13/10/2023,06/10/2029,Implicit,FALSE,FALSE,FALSE,FALSE,FALSE,FALSE,FALSE,FALSE,FALSE,,,AURETR025,TRUE,1,13/11/2020,AUR,"Automotive Retail, Service and Repair Training Package",FALSE,Mining and Automotive Skills Alliance,,,,,,Skills and Workforce Ministerial Council,,,,,30505,Automotive Electrics And Electronics,,,,,,,FALSE,FALSE,,FALSE
41304,PM2 Pty Ltd,ONSHIFT EDUCATION;PM SQUARED,AURETR128,Diagnose and repair instruments and warning systems,N,Unit of competency,Current,13/11/2020,Current,13/11/2020,,"Deliver and assess , Granted",13/10/2023,06/10/2029,Implicit,FALSE,FALSE,FALSE,FALSE,FALSE,FALSE,FALSE,FALSE,FALSE,,,AURETR028,TRUE,1,13/11/2020,AUR,"Automotive Retail, Service and Repair Training Package",FALSE,Mining and Automotive Skills Alliance,,,,,,Skills and Workforce Ministerial Council,,,,,30505,Automotive Electrics And Electronics,,,,,,,FALSE,FALSE,,FALSE
41304,PM2 Pty Ltd,ONSHIFT EDUCATION;PM SQUARED,AURETR129,Diagnose and repair charging systems,N,Unit of competency,Current,13/11/2020,Current,13/11/2020,,"Deliver and assess , Granted",13/10/2023,06/10/2029,Implicit,FALSE,FALSE,FALSE,FALSE,FALSE,FALSE,FALSE,FALSE,FALSE,,,AURETR029,TRUE,1,13/11/2020,AUR,"Automotive Retail, Service and Repair Training Package",FALSE,Mining and Automotive Skills Alliance,,,,,,Skills and Workforce Ministerial Council,,,,,30505,Automotive Electrics And Electronics,,,,,,,FALSE,FALSE,,FALSE
41304,PM2 Pty Ltd,ONSHIFT EDUCATION;PM SQUARED,AURETR130,Diagnose and repair starting systems,N,Unit of competency,Current,13/11/2020,Current,13/11/2020,,"Deliver and assess , Granted",13/10/2023,06/10/2029,Implicit,FALSE,FALSE,FALSE,FALSE,FALSE,FALSE,FALSE,FALSE,FALSE,,,AURETR030,TRUE,2,23/02/2022,AUR,"Automotive Retail, Service and Repair Training Package",FALSE,Mining and Automotive Skills Alliance,,,,,,Skills and Workforce Ministerial Council,,,,,30505,Automotive Electrics And Electronics,,,,,,,FALSE,FALSE,,FALSE
41304,PM2 Pty Ltd,ONSHIFT EDUCATION;PM SQUARED,AURETR131,Diagnose and repair ignition systems,N,Unit of competency,Current,13/11/2020,Current,13/11/2020,,"Deliver and assess , Granted",13/10/2023,06/10/2029,Implicit,FALSE,FALSE,FALSE,FALSE,FALSE,FALSE,FALSE,FALSE,FALSE,,,AURETR031,TRUE,1,13/11/2020,AUR,"Automotive Retail, Service and Repair Training Package",FALSE,Mining and Automotive Skills Alliance,,,,,,Skills and Workforce Ministerial Council,,,,,30505,Automotive Electrics And Electronics,,,,,,,FALSE,FALSE,,FALSE
41304,PM2 Pty Ltd,ONSHIFT EDUCATION;PM SQUARED,AURETR132,Diagnose and repair automotive electrical systems,N,Unit of competency,Current,13/11/2020,Current,13/11/2020,,"Deliver and assess , Granted",13/10/2023,06/10/2029,Implicit,FALSE,FALSE,FALSE,FALSE,FALSE,FALSE,FALSE,FALSE,FALSE,,,AURETR032,TRUE,1,13/11/2020,AUR,"Automotive Retail, Service and Repair Training Package",FALSE,Mining and Automotive Skills Alliance,,,,,,Skills and Workforce Ministerial Council,,,,,30505,Automotive Electrics And Electronics,,,,,,,FALSE,FALSE,,FALSE
41304,PM2 Pty Ltd,ONSHIFT EDUCATION;PM SQUARED,AURETR143,Diagnose and repair electronic body management systems,N,Unit of competency,Current,13/11/2020,Current,13/11/2020,,"Deliver and assess , Granted",13/10/2023,06/10/2029,Implicit,FALSE,FALSE,FALSE,FALSE,FALSE,FALSE,FALSE,FALSE,FALSE,,,AURETR043,TRUE,1,13/11/2020,AUR,"Automotive Retail, Service and Repair Training Package",FALSE,Mining and Automotive Skills Alliance,,,,,,Skills and Workforce Ministerial Council,,,,,30505,Automotive Electrics And Electronics,,,,,,,FALSE,FALSE,,FALSE
41304,PM2 Pty Ltd,ONSHIFT EDUCATION;PM SQUARED,AURETR144,Diagnose and repair integrated engine and transmission management systems,N,Unit of competency,Current,13/11/2020,Current,13/11/2020,,"Deliver and assess , Granted",13/10/2023,06/10/2029,Implicit,FALSE,FALSE,FALSE,FALSE,FALSE,FALSE,FALSE,FALSE,FALSE,,,AURETR044,TRUE,1,13/11/2020,AUR,"Automotive Retail, Service and Repair Training Package",FALSE,Mining and Automotive Skills Alliance,,,,,,Skills and Workforce Ministerial Council,,,,,30503,Vehicle Mechanics,,,,,,,FALSE,FALSE,,FALSE
41304,PM2 Pty Ltd,ONSHIFT EDUCATION;PM SQUARED,AURETU103,Service air conditioning and HVAC systems,N,Unit of competency,Current,13/11/2020,Current,13/11/2020,,"Deliver and assess , Granted",13/10/2023,06/10/2029,Implicit,FALSE,FALSE,FALSE,FALSE,FALSE,FALSE,FALSE,FALSE,FALSE,,,AURETU003,TRUE,1,13/11/2020,AUR,"Automotive Retail, Service and Repair Training Package",FALSE,Mining and Automotive Skills Alliance,,,,,,Skills and Workforce Ministerial Council,,,,,30503,Vehicle Mechanics,,,,,,,TRUE,FALSE,,FALSE
41304,PM2 Pty Ltd,ONSHIFT EDUCATION;PM SQUARED,AURETU104,Diagnose and repair air conditioning and HVAC components,N,Unit of competency,Current,13/11/2020,Current,13/11/2020,,"Deliver and assess , Granted",13/10/2023,06/10/2029,Implicit,FALSE,FALSE,FALSE,FALSE,FALSE,FALSE,FALSE,FALSE,FALSE,,,AURETU004,TRUE,1,13/11/2020,AUR,"Automotive Retail, Service and Repair Training Package",FALSE,Mining and Automotive Skills Alliance,,,,,,Skills and Workforce Ministerial Council,,,,,30503,Vehicle Mechanics,,,,,,,TRUE,FALSE,,FALSE
41304,PM2 Pty Ltd,ONSHIFT EDUCATION;PM SQUARED,AURETU105,Retrofit automotive air conditioning and HVAC systems,N,Unit of competency,Current,13/11/2020,Current,13/11/2020,,"Deliver and assess , Granted",13/10/2023,06/10/2029,Implicit,FALSE,FALSE,FALSE,FALSE,FALSE,FALSE,FALSE,FALSE,FALSE,,,AURETU005,TRUE,1,13/11/2020,AUR,"Automotive Retail, Service and Repair Training Package",FALSE,Mining and Automotive Skills Alliance,,,,,,Skills and Workforce Ministerial Council,,,,,30503,Vehicle Mechanics,,,,,,,TRUE,FALSE,,FALSE
41304,PM2 Pty Ltd,ONSHIFT EDUCATION;PM SQUARED,AURHTB002,Diagnose and repair heavy vehicle hydraulic and air over hydraulic braking systems,N,Unit of competency,Current,14/04/2016,Current,14/04/2016,,"Deliver and assess , Granted",13/10/2023,06/10/2029,Implicit,FALSE,FALSE,FALSE,FALSE,FALSE,FALSE,FALSE,FALSE,FALSE,,,AURHTB3002,TRUE,1,14/04/2016,AUR,"Automotive Retail, Service and Repair Training Package",FALSE,Mining and Automotive Skills Alliance,,,,,,Skills and Workforce Ministerial Council,,,,,30503,Vehicle Mechanics,,,,,,,FALSE,FALSE,,FALSE
41304,PM2 Pty Ltd,ONSHIFT EDUCATION;PM SQUARED,AURHTB101,Diagnose and repair heavy vehicle air braking systems,N,Unit of competency,Current,13/11/2020,Current,13/11/2020,,"Deliver and assess , Granted",13/10/2023,06/10/2029,Implicit,FALSE,FALSE,FALSE,FALSE,FALSE,FALSE,FALSE,FALSE,FALSE,,,AURHTB001,TRUE,1,13/11/2020,AUR,"Automotive Retail, Service and Repair Training Package",FALSE,Mining and Automotive Skills Alliance,,,,,,Skills and Workforce Ministerial Council,,,,,30503,Vehicle Mechanics,,,,,,,FALSE,FALSE,,FALSE
41304,PM2 Pty Ltd,ONSHIFT EDUCATION;PM SQUARED,AURHTB107,Diagnose and repair heavy commercial vehicle electronic braking systems,N,Unit of competency,Current,13/11/2020,Current,13/11/2020,,"Deliver and assess , Granted",13/10/2023,06/10/2029,Implicit,FALSE,FALSE,FALSE,FALSE,FALSE,FALSE,FALSE,FALSE,FALSE,,,AURHTB007,TRUE,1,13/11/2020,AUR,"Automotive Retail, Service and Repair Training Package",FALSE,Mining and Automotive Skills Alliance,,,,,,Skills and Workforce Ministerial Council,,,,,30505,Automotive Electrics And Electronics,,,,,,,FALSE,FALSE,,FALSE
41304,PM2 Pty Ltd,ONSHIFT EDUCATION;PM SQUARED,AURHTD102,Diagnose and repair heavy vehicle steering systems,N,Unit of competency,Current,13/11/2020,Current,13/11/2020,,"Deliver and assess , Granted",13/10/2023,06/10/2029,Implicit,FALSE,FALSE,FALSE,FALSE,FALSE,FALSE,FALSE,FALSE,FALSE,,,AURHTD002,TRUE,1,13/11/2020,AUR,"Automotive Retail, Service and Repair Training Package",FALSE,Mining and Automotive Skills Alliance,,,,,,Skills and Workforce Ministerial Council,,,,,30503,Vehicle Mechanics,,,,,,,FALSE,FALSE,,FALSE
41304,PM2 Pty Ltd,ONSHIFT EDUCATION;PM SQUARED,AURHTD103,Diagnose and repair heavy vehicle suspension systems,N,Unit of competency,Current,13/11/2020,Current,13/11/2020,,"Deliver and assess , Granted",13/10/2023,06/10/2029,Implicit,FALSE,FALSE,FALSE,FALSE,FALSE,FALSE,FALSE,FALSE,FALSE,,,AURHTD003,TRUE,1,13/11/2020,AUR,"Automotive Retail, Service and Repair Training Package",FALSE,Mining and Automotive Skills Alliance,,,,,,Skills and Workforce Ministerial Council,,,,,30503,Vehicle Mechanics,,,,,,,FALSE,FALSE,,FALSE
41304,PM2 Pty Ltd,ONSHIFT EDUCATION;PM SQUARED,AURHTD104,Carry out heavy vehicle wheel alignment operations,N,Unit of competency,Current,13/11/2020,Current,13/11/2020,,"Deliver and assess , Granted",13/10/2023,06/10/2029,Implicit,FALSE,FALSE,FALSE,FALSE,FALSE,FALSE,FALSE,FALSE,FALSE,,,AURHTD004,TRUE,1,13/11/2020,AUR,"Automotive Retail, Service and Repair Training Package",FALSE,Mining and Automotive Skills Alliance,,,,,,Skills and Workforce Ministerial Council,,,,,30503,Vehicle Mechanics,,,,,,,TRUE,FALSE,,FALSE
41304,PM2 Pty Ltd,ONSHIFT EDUCATION;PM SQUARED,AURHTE001,Remove and install heavy vehicle engine assemblies,N,Unit of competency,Current,14/04/2016,Current,14/04/2016,,"Deliver and assess , Granted",13/10/2023,06/10/2029,Implicit,FALSE,FALSE,FALSE,FALSE,FALSE,FALSE,FALSE,FALSE,FALSE,,,AURHTE2001,TRUE,1,14/04/2016,AUR,"Automotive Retail, Service and Repair Training Package",FALSE,Mining and Automotive Skills Alliance,,,,,,Skills and Workforce Ministerial Council,,,,,30503,Vehicle Mechanics,,,,,,,FALSE,FALSE,,FALSE
41304,PM2 Pty Ltd,ONSHIFT EDUCATION;PM SQUARED,AURHTE102,Diagnose and repair heavy vehicle compression ignition engines,N,Unit of competency,Current,13/11/2020,Current,13/11/2020,,"Deliver and assess , Granted",13/10/2023,06/10/2029,Implicit,FALSE,FALSE,FALSE,FALSE,FALSE,FALSE,FALSE,FALSE,FALSE,,,AURHTE002,TRUE,1,13/11/2020,AUR,"Automotive Retail, Service and Repair Training Package",FALSE,Mining and Automotive Skills Alliance,,,,,,Skills and Workforce Ministerial Council,,,,,30503,Vehicle Mechanics,,,,,,,FALSE,FALSE,,FALSE
41304,PM2 Pty Ltd,ONSHIFT EDUCATION;PM SQUARED,AURHTF102,Diagnose and repair heavy vehicle diesel fuel injection systems,N,Unit of competency,Current,13/11/2020,Current,13/11/2020,,"Deliver and assess , Granted",13/10/2023,06/10/2029,Implicit,FALSE,FALSE,FALSE,FALSE,FALSE,FALSE,FALSE,FALSE,FALSE,,,AURHTF002,TRUE,1,13/11/2020,AUR,"Automotive Retail, Service and Repair Training Package",FALSE,Mining and Automotive Skills Alliance,,,,,,Skills and Workforce Ministerial Council,,,,,30503,Vehicle Mechanics,,,,,,,FALSE,FALSE,,FALSE
41304,PM2 Pty Ltd,ONSHIFT EDUCATION;PM SQUARED,AURHTJ103,"Remove, inspect and refit heavy vehicle wheel and tyre assemblies",N,Unit of competency,Current,13/11/2020,Current,13/11/2020,,"Deliver and assess , Granted",13/10/2023,06/10/2029,Implicit,FALSE,FALSE,FALSE,FALSE,FALSE,FALSE,FALSE,FALSE,FALSE,,,AURHTJ003,TRUE,1,13/11/2020,AUR,"Automotive Retail, Service and Repair Training Package",FALSE,Mining and Automotive Skills Alliance,,,,,,Skills and Workforce Ministerial Council,,,,,30503,Vehicle Mechanics,,,,,,,FALSE,FALSE,,FALSE
41304,PM2 Pty Ltd,ONSHIFT EDUCATION;PM SQUARED,AURHTJ106,"Remove, inspect, repair and refit heavy vehicle tyres and tubes",N,Unit of competency,Current,13/11/2020,Current,13/11/2020,,"Deliver and assess , Granted",13/10/2023,06/10/2029,Implicit,FALSE,FALSE,FALSE,FALSE,FALSE,FALSE,FALSE,FALSE,FALSE,,,AURHTJ006,TRUE,1,13/11/2020,AUR,"Automotive Retail, Service and Repair Training Package",FALSE,Mining and Automotive Skills Alliance,,,,,,Skills and Workforce Ministerial Council,,,,,30503,Vehicle Mechanics,,,,,,,FALSE,FALSE,,FALSE
41304,PM2 Pty Ltd,ONSHIFT EDUCATION;PM SQUARED,AURHTL101,"Inspect, diagnose and repair alternative fuel systems in heavy vehicle engines",N,Unit of competency,Current,13/11/2020,Current,13/11/2020,,"Deliver and assess , Granted",13/10/2023,06/10/2029,Implicit,FALSE,FALSE,FALSE,FALSE,FALSE,FALSE,FALSE,FALSE,FALSE,,,AURHTL001,TRUE,1,13/11/2020,AUR,"Automotive Retail, Service and Repair Training Package",FALSE,Mining and Automotive Skills Alliance,,,,,,Skills and Workforce Ministerial Council,,,,,30503,Vehicle Mechanics,,,,,,,TRUE,FALSE,,FALSE
41304,PM2 Pty Ltd,ONSHIFT EDUCATION;PM SQUARED,AURHTQ102,Diagnose and repair heavy commercial vehicle final drive assemblies,N,Unit of competency,Current,13/11/2020,Current,13/11/2020,,"Deliver and assess , Granted",13/10/2023,06/10/2029,Implicit,FALSE,FALSE,FALSE,FALSE,FALSE,FALSE,FALSE,FALSE,FALSE,,,AURHTQ002,TRUE,1,13/11/2020,AUR,"Automotive Retail, Service and Repair Training Package",FALSE,Mining and Automotive Skills Alliance,,,,,,Skills and Workforce Ministerial Council,,,,,30503,Vehicle Mechanics,,,,,,,FALSE,FALSE,,FALSE
41304,PM2 Pty Ltd,ONSHIFT EDUCATION;PM SQUARED,AURHTQ103,Diagnose and repair heavy vehicle drive shafts,N,Unit of competency,Current,13/11/2020,Current,13/11/2020,,"Deliver and assess , Granted",13/10/2023,06/10/2029,Implicit,FALSE,FALSE,FALSE,FALSE,FALSE,FALSE,FALSE,FALSE,FALSE,,,AURHTQ003,TRUE,1,13/11/2020,AUR,"Automotive Retail, Service and Repair Training Package",FALSE,Mining and Automotive Skills Alliance,,,,,,Skills and Workforce Ministerial Council,,,,,30503,Vehicle Mechanics,,,,,,,FALSE,FALSE,,FALSE
41304,PM2 Pty Ltd,ONSHIFT EDUCATION;PM SQUARED,AURHTX002,"Inspect, test and replace heavy vehicle automatic transmissions",N,Unit of competency,Current,14/04/2016,Current,14/04/2016,,"Deliver and assess , Granted",13/10/2023,06/10/2029,Implicit,FALSE,FALSE,FALSE,FALSE,FALSE,FALSE,FALSE,FALSE,FALSE,,,AURHTX3002,TRUE,1,14/04/2016,AUR,"Automotive Retail, Service and Repair Training Package",FALSE,Mining and Automotive Skills Alliance,,,,,,Skills and Workforce Ministerial Council,,,,,30503,Vehicle Mechanics,,,,,,,FALSE,FALSE,,FALSE
41304,PM2 Pty Ltd,ONSHIFT EDUCATION;PM SQUARED,AURHTX101,Diagnose and repair heavy vehicle manual transmissions,N,Unit of competency,Current,13/11/2020,Current,13/11/2020,,"Deliver and assess , Granted",13/10/2023,06/10/2029,Implicit,FALSE,FALSE,FALSE,FALSE,FALSE,FALSE,FALSE,FALSE,FALSE,,,AURHTX001,TRUE,1,13/11/2020,AUR,"Automotive Retail, Service and Repair Training Package",FALSE,Mining and Automotive Skills Alliance,,,,,,Skills and Workforce Ministerial Council,,,,,30503,Vehicle Mechanics,,,,,,,FALSE,FALSE,,FALSE
41304,PM2 Pty Ltd,ONSHIFT EDUCATION;PM SQUARED,AURHTX103,Diagnose and repair heavy vehicle automatic transmissions,N,Unit of competency,Current,13/11/2020,Current,13/11/2020,,"Deliver and assess , Granted",13/10/2023,06/10/2029,Implicit,FALSE,FALSE,FALSE,FALSE,FALSE,FALSE,FALSE,FALSE,FALSE,,,AURHTX003,TRUE,1,13/11/2020,AUR,"Automotive Retail, Service and Repair Training Package",FALSE,Mining and Automotive Skills Alliance,,,,,,Skills and Workforce Ministerial Council,,,,,30503,Vehicle Mechanics,,,,,,,FALSE,FALSE,,FALSE
41304,PM2 Pty Ltd,ONSHIFT EDUCATION;PM SQUARED,AURHTX104,Diagnose and repair heavy vehicle clutch systems,N,Unit of competency,Current,13/11/2020,Current,13/11/2020,,"Deliver and assess , Granted",13/10/2023,06/10/2029,Implicit,FALSE,FALSE,FALSE,FALSE,FALSE,FALSE,FALSE,FALSE,FALSE,,,AURHTX004,TRUE,1,13/11/2020,AUR,"Automotive Retail, Service and Repair Training Package",FALSE,Mining and Automotive Skills Alliance,,,,,,Skills and Workforce Ministerial Council,,,,,30503,Vehicle Mechanics,,,,,,,FALSE,FALSE,,FALSE
41304,PM2 Pty Ltd,ONSHIFT EDUCATION;PM SQUARED,AURHTY001,Inspect and service mechanical connections of heavy vehicles and trailers over 4.5 tonnes,N,Unit of competency,Current,14/04/2016,Current,14/04/2016,,"Deliver and assess , Granted",13/10/2023,06/10/2029,Implicit,FALSE,FALSE,FALSE,FALSE,FALSE,FALSE,FALSE,FALSE,FALSE,,,AURHTY2001,TRUE,1,14/04/2016,AUR,"Automotive Retail, Service and Repair Training Package",FALSE,Mining and Automotive Skills Alliance,,,,,,Skills and Workforce Ministerial Council,,,,,30503,Vehicle Mechanics,,,,,,,FALSE,FALSE,,FALSE
41304,PM2 Pty Ltd,ONSHIFT EDUCATION;PM SQUARED,AURHTY102,Diagnose and repair mechanical connections of heavy vehicles and trailers over 4.5 tonnes,N,Unit of competency,Current,13/11/2020,Current,13/11/2020,,"Deliver and assess , Granted",13/10/2023,06/10/2029,Implicit,FALSE,FALSE,FALSE,FALSE,FALSE,FALSE,FALSE,FALSE,FALSE,,,AURHTY002,TRUE,1,13/11/2020,AUR,"Automotive Retail, Service and Repair Training Package",FALSE,Mining and Automotive Skills Alliance,,,,,,Skills and Workforce Ministerial Council,,,,,30503,Vehicle Mechanics,,,,,,,FALSE,FALSE,,FALSE
41304,PM2 Pty Ltd,ONSHIFT EDUCATION;PM SQUARED,AURHTZ101,Diagnose and repair heavy vehicle emission control systems,N,Unit of competency,Current,13/11/2020,Current,13/11/2020,,"Deliver and assess , Granted",13/10/2023,06/10/2029,Implicit,FALSE,FALSE,FALSE,FALSE,FALSE,FALSE,FALSE,FALSE,FALSE,,,AURHTZ001,TRUE,1,13/11/2020,AUR,"Automotive Retail, Service and Repair Training Package",FALSE,Mining and Automotive Skills Alliance,,,,,,Skills and Workforce Ministerial Council,,,,,30503,Vehicle Mechanics,,,,,,,FALSE,FALSE,,FALSE
41304,PM2 Pty Ltd,ONSHIFT EDUCATION;PM SQUARED,AURKTA001,Synchronise plant and equipment,N,Unit of competency,Current,14/04/2016,Current,14/04/2016,,"Deliver and assess , Granted",13/10/2023,06/10/2029,Implicit,FALSE,FALSE,FALSE,FALSE,FALSE,FALSE,FALSE,FALSE,FALSE,,,AURKTA3001,TRUE,1,14/04/2016,AUR,"Automotive Retail, Service and Repair Training Package",FALSE,Mining and Automotive Skills Alliance,,,,,,Skills and Workforce Ministerial Council,,,,,30717,Plant And Machine Operations,,,,,,,FALSE,FALSE,,FALSE
41304,PM2 Pty Ltd,ONSHIFT EDUCATION;PM SQUARED,AURKTA005,"Inspect, service and repair track type drive and support systems",N,Unit of competency,Current,14/04/2016,Current,14/04/2016,,"Deliver and assess , Granted",13/10/2023,06/10/2029,Implicit,FALSE,FALSE,FALSE,FALSE,FALSE,FALSE,FALSE,FALSE,FALSE,,,AURKTA3005,TRUE,1,14/04/2016,AUR,"Automotive Retail, Service and Repair Training Package",FALSE,Mining and Automotive Skills Alliance,,,,,,Skills and Workforce Ministerial Council,,,,,30701,Mechanical Engineering,,,,,,,FALSE,FALSE,,FALSE
41304,PM2 Pty Ltd,ONSHIFT EDUCATION;PM SQUARED,AURKTA111,Diagnose and repair mobile plant hydraulic systems,N,Unit of competency,Current,13/11/2020,Current,13/11/2020,,"Deliver and assess , Granted",13/10/2023,06/10/2029,Implicit,FALSE,FALSE,FALSE,FALSE,FALSE,FALSE,FALSE,FALSE,FALSE,,,AURKTA011,TRUE,1,13/11/2020,AUR,"Automotive Retail, Service and Repair Training Package",FALSE,Mining and Automotive Skills Alliance,,,,,,Skills and Workforce Ministerial Council,,,,,30701,Mechanical Engineering,,,,,,,FALSE,FALSE,,FALSE
41304,PM2 Pty Ltd,ONSHIFT EDUCATION;PM SQUARED,AURKTB101,Diagnose and repair mobile plant braking systems,N,Unit of competency,Current,13/11/2020,Current,13/11/2020,,"Deliver and assess , Granted",13/10/2023,06/10/2029,Implicit,FALSE,FALSE,FALSE,FALSE,FALSE,FALSE,FALSE,FALSE,FALSE,,,AURKTB001,TRUE,1,13/11/2020,AUR,"Automotive Retail, Service and Repair Training Package",FALSE,Mining and Automotive Skills Alliance,,,,,,Skills and Workforce Ministerial Council,,,,,30701,Mechanical Engineering,,,,,,,FALSE,FALSE,,FALSE
41304,PM2 Pty Ltd,ONSHIFT EDUCATION;PM SQUARED,AURKTD101,Diagnose and repair mobile plant suspension systems,N,Unit of competency,Current,13/11/2020,Current,13/11/2020,,"Deliver and assess , Granted",13/10/2023,06/10/2029,Implicit,FALSE,FALSE,FALSE,FALSE,FALSE,FALSE,FALSE,FALSE,FALSE,,,AURKTD001,TRUE,1,13/11/2020,AUR,"Automotive Retail, Service and Repair Training Package",FALSE,Mining and Automotive Skills Alliance,,,,,,Skills and Workforce Ministerial Council,,,,,30701,Mechanical Engineering,,,,,,,FALSE,FALSE,,FALSE
41304,PM2 Pty Ltd,ONSHIFT EDUCATION;PM SQUARED,AURKTD102,Diagnose and repair mobile plant steering systems,N,Unit of competency,Current,13/11/2020,Current,13/11/2020,,"Deliver and assess , Granted",13/10/2023,06/10/2029,Implicit,FALSE,FALSE,FALSE,FALSE,FALSE,FALSE,FALSE,FALSE,FALSE,,,AURKTD002,TRUE,1,13/11/2020,AUR,"Automotive Retail, Service and Repair Training Package",FALSE,Mining and Automotive Skills Alliance,,,,,,Skills and Workforce Ministerial Council,,,,,30701,Mechanical Engineering,,,,,,,FALSE,FALSE,,FALSE
41304,PM2 Pty Ltd,ONSHIFT EDUCATION;PM SQUARED,AURKTJ012,"Remove, inspect and fit earthmoving and off-the-road wheel and rim assemblies",N,Unit of competency,Current,07/12/2018,Current,07/12/2018,,"Deliver and assess , Granted",13/10/2023,06/10/2029,Implicit,FALSE,FALSE,FALSE,FALSE,FALSE,FALSE,FALSE,FALSE,FALSE,,,RIISAM210D;AURKTJ002,True;True,1,07/12/2018,AUR,"Automotive Retail, Service and Repair Training Package",FALSE,Mining and Automotive Skills Alliance,,,,,,Skills and Workforce Ministerial Council,,,,,30503,Vehicle Mechanics,,,,,,,TRUE,FALSE,,FALSE
41304,PM2 Pty Ltd,ONSHIFT EDUCATION;PM SQUARED,AURKTJ016,Use earthmoving and off-the-road tyre handlers,N,Unit of competency,Current,07/12/2018,Current,07/12/2018,,"Deliver and assess , Granted",13/10/2023,06/10/2029,Implicit,FALSE,FALSE,FALSE,FALSE,FALSE,FALSE,FALSE,FALSE,FALSE,,,AURKTJ006,TRUE,1,07/12/2018,AUR,"Automotive Retail, Service and Repair Training Package",FALSE,Mining and Automotive Skills Alliance,,,,,,Skills and Workforce Ministerial Council,,,,,30503,Vehicle Mechanics,,,,,,,TRUE,FALSE,,FALSE
41304,PM2 Pty Ltd,ONSHIFT EDUCATION;PM SQUARED,AURKTQ101,Diagnose and repair mobile plant final drive assemblies,N,Unit of competency,Current,13/11/2020,Current,13/11/2020,,"Deliver and assess , Granted",13/10/2023,06/10/2029,Implicit,FALSE,FALSE,FALSE,FALSE,FALSE,FALSE,FALSE,FALSE,FALSE,,,AURKTQ001,TRUE,1,13/11/2020,AUR,"Automotive Retail, Service and Repair Training Package",FALSE,Mining and Automotive Skills Alliance,,,,,,Skills and Workforce Ministerial Council,,,,,30701,Mechanical Engineering,,,,,,,FALSE,FALSE,,FALSE
41304,PM2 Pty Ltd,ONSHIFT EDUCATION;PM SQUARED,AURKTR101,Diagnose and repair electronic over hydraulic control systems,N,Unit of competency,Current,13/11/2020,Current,13/11/2020,,"Deliver and assess , Granted",13/10/2023,06/10/2029,Implicit,FALSE,FALSE,FALSE,FALSE,FALSE,FALSE,FALSE,FALSE,FALSE,,,AURKTR001,TRUE,1,13/11/2020,AUR,"Automotive Retail, Service and Repair Training Package",FALSE,Mining and Automotive Skills Alliance,,,,,,Skills and Workforce Ministerial Council,,,,,30701,Mechanical Engineering,,,,,,,FALSE,FALSE,,FALSE
41304,PM2 Pty Ltd,ONSHIFT EDUCATION;PM SQUARED,AURKTX101,Diagnose and repair powershift transmissions,N,Unit of competency,Current,13/11/2020,Current,13/11/2020,,"Deliver and assess , Granted",13/10/2023,06/10/2029,Implicit,FALSE,FALSE,FALSE,FALSE,FALSE,FALSE,FALSE,FALSE,FALSE,,,AURKTX001,TRUE,1,13/11/2020,AUR,"Automotive Retail, Service and Repair Training Package",FALSE,Mining and Automotive Skills Alliance,,,,,,Skills and Workforce Ministerial Council,,,,,30701,Mechanical Engineering,,,,,,,FALSE,FALSE,,FALSE
41304,PM2 Pty Ltd,ONSHIFT EDUCATION;PM SQUARED,AURKTX104,Diagnose and repair continuously variable transmissions,N,Unit of competency,Current,13/11/2020,Current,13/11/2020,,"Deliver and assess , Granted",13/10/2023,06/10/2029,Implicit,FALSE,FALSE,FALSE,FALSE,FALSE,FALSE,FALSE,FALSE,FALSE,,,AURKTX004,TRUE,1,13/11/2020,AUR,"Automotive Retail, Service and Repair Training Package",FALSE,Mining and Automotive Skills Alliance,,,,,,Skills and Workforce Ministerial Council,,,,,30701,Mechanical Engineering,,,,,,,FALSE,FALSE,,FALSE
41304,PM2 Pty Ltd,ONSHIFT EDUCATION;PM SQUARED,AURLTB103,Diagnose and repair light vehicle hydraulic braking systems,N,Unit of competency,Current,13/11/2020,Current,13/11/2020,,"Deliver and assess , Granted",13/10/2023,06/10/2029,Implicit,FALSE,FALSE,FALSE,FALSE,FALSE,FALSE,FALSE,FALSE,FALSE,,,AURLTB003,TRUE,1,13/11/2020,AUR,"Automotive Retail, Service and Repair Training Package",FALSE,Mining and Automotive Skills Alliance,,,,,,Skills and Workforce Ministerial Council,,,,,30503,Vehicle Mechanics,,,,,,,FALSE,FALSE,,FALSE
41304,PM2 Pty Ltd,ONSHIFT EDUCATION;PM SQUARED,AURLTE001,Remove and install light vehicle engine assemblies,N,Unit of competency,Current,14/04/2016,Current,14/04/2016,,"Deliver and assess , Granted",13/10/2023,06/10/2029,Implicit,FALSE,FALSE,FALSE,FALSE,FALSE,FALSE,FALSE,FALSE,FALSE,,,AURLTE2001,TRUE,1,14/04/2016,AUR,"Automotive Retail, Service and Repair Training Package",FALSE,Mining and Automotive Skills Alliance,,,,,,Skills and Workforce Ministerial Council,,,,,30503,Vehicle Mechanics,,,,,,,FALSE,FALSE,,FALSE
41304,PM2 Pty Ltd,ONSHIFT EDUCATION;PM SQUARED,AURLTE102,Diagnose and repair light vehicle engines,N,Unit of competency,Current,13/11/2020,Current,13/11/2020,,"Deliver and assess , Granted",13/10/2023,06/10/2029,Implicit,FALSE,FALSE,FALSE,FALSE,FALSE,FALSE,FALSE,FALSE,FALSE,,,AURLTE002,TRUE,1,13/11/2020,AUR,"Automotive Retail, Service and Repair Training Package",FALSE,Mining and Automotive Skills Alliance,,,,,,Skills and Workforce Ministerial Council,,,,,30503,Vehicle Mechanics,,,,,,,FALSE,FALSE,,FALSE
41304,PM2 Pty Ltd,ONSHIFT EDUCATION;PM SQUARED,AURLTZ101,Diagnose and repair light vehicle emission control systems,N,Unit of competency,Current,13/11/2020,Current,13/11/2020,,"Deliver and assess , Granted",13/10/2023,06/10/2029,Implicit,FALSE,FALSE,FALSE,FALSE,FALSE,FALSE,FALSE,FALSE,FALSE,,,AURLTZ001,TRUE,1,13/11/2020,AUR,"Automotive Retail, Service and Repair Training Package",FALSE,Mining and Automotive Skills Alliance,,,,,,Skills and Workforce Ministerial Council,,,,,30503,Vehicle Mechanics,,,,,,,FALSE,FALSE,,FALSE
41304,PM2 Pty Ltd,ONSHIFT EDUCATION;PM SQUARED,AURNTA001,"Inspect, service and repair forklift mast assemblies",N,Unit of competency,Current,14/04/2016,Current,14/04/2016,,"Deliver and assess , Granted",13/10/2023,06/10/2029,Implicit,FALSE,FALSE,FALSE,FALSE,FALSE,FALSE,FALSE,FALSE,FALSE,,,AURNTA3001,TRUE,1,14/04/2016,AUR,"Automotive Retail, Service and Repair Training Package",FALSE,Mining and Automotive Skills Alliance,,,,,,Skills and Workforce Ministerial Council,,,,,30503,Vehicle Mechanics,,,,,,,FALSE,FALSE,,FALSE
41304,PM2 Pty Ltd,ONSHIFT EDUCATION;PM SQUARED,AURNTB101,Diagnose and repair forklift hydraulic braking systems,N,Unit of competency,Current,13/11/2020,Current,13/11/2020,,"Deliver and assess , Granted",13/10/2023,06/10/2029,Implicit,FALSE,FALSE,FALSE,FALSE,FALSE,FALSE,FALSE,FALSE,FALSE,,,AURNTB001,TRUE,1,13/11/2020,AUR,"Automotive Retail, Service and Repair Training Package",FALSE,Mining and Automotive Skills Alliance,,,,,,Skills and Workforce Ministerial Council,,,,,30503,Vehicle Mechanics,,,,,,,FALSE,FALSE,,FALSE
41304,PM2 Pty Ltd,ONSHIFT EDUCATION;PM SQUARED,AURNTD101,Diagnose and repair forklift hydrostatic steering systems,N,Unit of competency,Current,13/11/2020,Current,13/11/2020,,"Deliver and assess , Granted",13/10/2023,06/10/2029,Implicit,FALSE,FALSE,FALSE,FALSE,FALSE,FALSE,FALSE,FALSE,FALSE,,,AURNTD001,TRUE,1,13/11/2020,AUR,"Automotive Retail, Service and Repair Training Package",FALSE,Mining and Automotive Skills Alliance,,,,,,Skills and Workforce Ministerial Council,,,,,30503,Vehicle Mechanics,,,,,,,FALSE,FALSE,,FALSE
41304,PM2 Pty Ltd,ONSHIFT EDUCATION;PM SQUARED,AURTGA001,Drive and manoeuvre trailers,N,Unit of competency,Current,14/04/2016,Current,14/04/2016,,"Deliver and assess , Granted",13/10/2023,06/10/2029,Explicit,TRUE,TRUE,TRUE,TRUE,TRUE,TRUE,TRUE,TRUE,FALSE,,,AURTGA3001,TRUE,1,14/04/2016,AUR,"Automotive Retail, Service and Repair Training Package",FALSE,Mining and Automotive Skills Alliance,,,,,,Skills and Workforce Ministerial Council,,,,,30515,Automotive Vehicle Operations,,,,,,,FALSE,FALSE,,FALSE
41304,PM2 Pty Ltd,ONSHIFT EDUCATION;PM SQUARED,AURTTA006,Inspect and service hydraulic systems,N,Unit of competency,Current,14/04/2016,Current,14/04/2016,,"Deliver and assess , Granted",13/10/2023,06/10/2029,Implicit,FALSE,FALSE,FALSE,FALSE,FALSE,FALSE,FALSE,FALSE,FALSE,,,AURTTA2006,TRUE,1,14/04/2016,AUR,"Automotive Retail, Service and Repair Training Package",FALSE,Mining and Automotive Skills Alliance,,,,,,Skills and Workforce Ministerial Council,,,,,30503,Vehicle Mechanics,,,,,,,FALSE,FALSE,,FALSE
41304,PM2 Pty Ltd,ONSHIFT EDUCATION;PM SQUARED,AURTTA007,"Inspect, service and repair pneumatic systems",N,Unit of competency,Current,14/04/2016,Current,14/04/2016,,"Deliver and assess , Granted",13/10/2023,06/10/2029,Implicit,FALSE,FALSE,FALSE,FALSE,FALSE,FALSE,FALSE,FALSE,FALSE,,,AURTTA2007,TRUE,1,14/04/2016,AUR,"Automotive Retail, Service and Repair Training Package",FALSE,Mining and Automotive Skills Alliance,,,,,,Skills and Workforce Ministerial Council,,,,,30503,Vehicle Mechanics,,,,,,,FALSE,FALSE,,FALSE
41304,PM2 Pty Ltd,ONSHIFT EDUCATION;PM SQUARED,AURTTA009,Carry out mechanical pre-repair operations,N,Unit of competency,Current,14/04/2016,Current,14/04/2016,,"Deliver and assess , Granted",13/10/2023,06/10/2029,Implicit,FALSE,FALSE,FALSE,FALSE,FALSE,FALSE,FALSE,FALSE,FALSE,,,AURTTA2009,TRUE,1,14/04/2016,AUR,"Automotive Retail, Service and Repair Training Package",FALSE,Mining and Automotive Skills Alliance,,,,,,Skills and Workforce Ministerial Council,,,,,30503,Vehicle Mechanics,,,,,,,FALSE,FALSE,,FALSE
41304,PM2 Pty Ltd,ONSHIFT EDUCATION;PM SQUARED,AURTTA011,Install hydraulic systems to specified applications,N,Unit of competency,Current,14/04/2016,Current,14/04/2016,,"Deliver and assess , Granted",13/10/2023,06/10/2029,Implicit,FALSE,FALSE,FALSE,FALSE,FALSE,FALSE,FALSE,FALSE,FALSE,,,AURTTA3011,TRUE,1,14/04/2016,AUR,"Automotive Retail, Service and Repair Training Package",FALSE,Mining and Automotive Skills Alliance,,,,,,Skills and Workforce Ministerial Council,,,,,30701,Mechanical Engineering,,,,,,,FALSE,FALSE,,FALSE
41304,PM2 Pty Ltd,ONSHIFT EDUCATION;PM SQUARED,AURTTA012,Fabricate and install fluid power hose assemblies,N,Unit of competency,Current,14/04/2016,Current,14/04/2016,,"Deliver and assess , Granted",13/10/2023,06/10/2029,Implicit,FALSE,FALSE,FALSE,FALSE,FALSE,FALSE,FALSE,FALSE,FALSE,,,AURTTA3012,TRUE,1,14/04/2016,AUR,"Automotive Retail, Service and Repair Training Package",FALSE,Mining and Automotive Skills Alliance,,,,,,Skills and Workforce Ministerial Council,,,,,30701,Mechanical Engineering,,,,,,,FALSE,FALSE,,FALSE
41304,PM2 Pty Ltd,ONSHIFT EDUCATION;PM SQUARED,AURTTA014,Assemble and install pneumatic system components,N,Unit of competency,Current,14/04/2016,Current,14/04/2016,,"Deliver and assess , Granted",13/10/2023,06/10/2029,Implicit,FALSE,FALSE,FALSE,FALSE,FALSE,FALSE,FALSE,FALSE,FALSE,,,AURTTA3014,TRUE,1,14/04/2016,AUR,"Automotive Retail, Service and Repair Training Package",FALSE,Mining and Automotive Skills Alliance,,,,,,Skills and Workforce Ministerial Council,,,,,30701,Mechanical Engineering,,,,,,,FALSE,FALSE,,FALSE
41304,PM2 Pty Ltd,ONSHIFT EDUCATION;PM SQUARED,AURTTA017,Carry out vehicle safety inspections,N,Unit of competency,Current,14/04/2016,Current,14/04/2016,,"Deliver and assess , Granted",13/10/2023,06/10/2029,Implicit,FALSE,FALSE,FALSE,FALSE,FALSE,FALSE,FALSE,FALSE,FALSE,,,AURTTA3017,TRUE,1,14/04/2016,AUR,"Automotive Retail, Service and Repair Training Package",FALSE,Mining and Automotive Skills Alliance,,,,,,Skills and Workforce Ministerial Council,,,,,30503,Vehicle Mechanics,,,,,,,FALSE,FALSE,,FALSE
41304,PM2 Pty Ltd,ONSHIFT EDUCATION;PM SQUARED,AURTTA104,Carry out servicing operations,N,Unit of competency,Current,13/11/2020,Current,13/11/2020,,"Deliver and assess , Granted",13/10/2023,06/10/2029,Implicit,FALSE,FALSE,FALSE,FALSE,FALSE,FALSE,FALSE,FALSE,FALSE,,,AURTTA004,TRUE,1,13/11/2020,AUR,"Automotive Retail, Service and Repair Training Package",FALSE,Mining and Automotive Skills Alliance,,,,,,Skills and Workforce Ministerial Council,,,,,30503,Vehicle Mechanics,,,,,,,FALSE,FALSE,,FALSE
41304,PM2 Pty Ltd,ONSHIFT EDUCATION;PM SQUARED,AURTTA105,"Select and use bearings, seals, gaskets, sealants and adhesives",N,Unit of competency,Current,13/11/2020,Current,13/11/2020,,"Deliver and assess , Granted",13/10/2023,06/10/2029,Implicit,FALSE,FALSE,FALSE,FALSE,FALSE,FALSE,FALSE,FALSE,FALSE,,,AURTTA005,TRUE,1,13/11/2020,AUR,"Automotive Retail, Service and Repair Training Package",FALSE,Mining and Automotive Skills Alliance,,,,,,Skills and Workforce Ministerial Council,,,,,30503,Vehicle Mechanics,,,,,,,FALSE,FALSE,,FALSE
41304,PM2 Pty Ltd,ONSHIFT EDUCATION;PM SQUARED,AURTTA113,Diagnose and repair hydraulic systems,N,Unit of competency,Current,13/11/2020,Current,13/11/2020,,"Deliver and assess , Granted",13/10/2023,06/10/2029,Implicit,FALSE,FALSE,FALSE,FALSE,FALSE,FALSE,FALSE,FALSE,FALSE,,,AURTTA013,TRUE,1,13/11/2020,AUR,"Automotive Retail, Service and Repair Training Package",FALSE,Mining and Automotive Skills Alliance,,,,,,Skills and Workforce Ministerial Council,,,,,30503,Vehicle Mechanics,,,,,,,FALSE,FALSE,,FALSE
41304,PM2 Pty Ltd,ONSHIFT EDUCATION;PM SQUARED,AURTTA118,Develop and carry out diagnostic test strategies,N,Unit of competency,Current,13/11/2020,Current,13/11/2020,,"Deliver and assess , Granted",13/10/2023,06/10/2029,Implicit,FALSE,FALSE,FALSE,FALSE,FALSE,FALSE,FALSE,FALSE,FALSE,,,AURTTA018,TRUE,1,13/11/2020,AUR,"Automotive Retail, Service and Repair Training Package",FALSE,Mining and Automotive Skills Alliance,,,,,,Skills and Workforce Ministerial Council,,,,,30503,Vehicle Mechanics,,,,,,,FALSE,FALSE,,FALSE
41304,PM2 Pty Ltd,ONSHIFT EDUCATION;PM SQUARED,AURTTB004,Inspect and service air braking systems,N,Unit of competency,Current,14/04/2016,Current,14/04/2016,,"Deliver and assess , Granted",13/10/2023,06/10/2029,Implicit,FALSE,FALSE,FALSE,FALSE,FALSE,FALSE,FALSE,FALSE,FALSE,,,AURTTB2004,TRUE,1,14/04/2016,AUR,"Automotive Retail, Service and Repair Training Package",FALSE,Mining and Automotive Skills Alliance,,,,,,Skills and Workforce Ministerial Council,,,,,30503,Vehicle Mechanics,,,,,,,FALSE,FALSE,,FALSE
41304,PM2 Pty Ltd,ONSHIFT EDUCATION;PM SQUARED,AURTTB006,"Inspect, service and repair auxiliary braking systems",N,Unit of competency,Current,14/04/2016,Current,14/04/2016,,"Deliver and assess , Granted",13/10/2023,06/10/2029,Implicit,FALSE,FALSE,FALSE,FALSE,FALSE,FALSE,FALSE,FALSE,FALSE,,,AURTTB3006,TRUE,1,14/04/2016,AUR,"Automotive Retail, Service and Repair Training Package",FALSE,Mining and Automotive Skills Alliance,,,,,,Skills and Workforce Ministerial Council,,,,,30503,Vehicle Mechanics,,,,,,,FALSE,FALSE,,FALSE
41304,PM2 Pty Ltd,ONSHIFT EDUCATION;PM SQUARED,AURTTB015,Assemble and fit braking system components,N,Unit of competency,Current,07/12/2018,Current,07/12/2018,,"Deliver and assess , Granted",13/10/2023,06/10/2029,Implicit,FALSE,FALSE,FALSE,FALSE,FALSE,FALSE,FALSE,FALSE,FALSE,,,AURTTB005,TRUE,1,07/12/2018,AUR,"Automotive Retail, Service and Repair Training Package",FALSE,Mining and Automotive Skills Alliance,,,,,,Skills and Workforce Ministerial Council,,,,,30503,Vehicle Mechanics,,,,,,,FALSE,FALSE,,FALSE
41304,PM2 Pty Ltd,ONSHIFT EDUCATION;PM SQUARED,AURTTB101,Inspect and service braking systems,N,Unit of competency,Current,13/11/2020,Current,13/11/2020,,"Deliver and assess , Granted",13/10/2023,06/10/2029,Implicit,FALSE,FALSE,FALSE,FALSE,FALSE,FALSE,FALSE,FALSE,FALSE,,,AURTTB001,TRUE,1,13/11/2020,AUR,"Automotive Retail, Service and Repair Training Package",FALSE,Mining and Automotive Skills Alliance,,,,,,Skills and Workforce Ministerial Council,,,,,30503,Vehicle Mechanics,,,,,,,FALSE,FALSE,,FALSE
41304,PM2 Pty Ltd,ONSHIFT EDUCATION;PM SQUARED,AURTTC001,Inspect and service cooling systems,N,Unit of competency,Current,14/04/2016,Current,14/04/2016,,"Deliver and assess , Granted",13/10/2023,06/10/2029,Implicit,FALSE,FALSE,FALSE,FALSE,FALSE,FALSE,FALSE,FALSE,FALSE,,,AURTTC2001,TRUE,1,14/04/2016,AUR,"Automotive Retail, Service and Repair Training Package",FALSE,Mining and Automotive Skills Alliance,,,,,,Skills and Workforce Ministerial Council,,,,,30503,Vehicle Mechanics,,,,,,,FALSE,FALSE,,FALSE
41304,PM2 Pty Ltd,ONSHIFT EDUCATION;PM SQUARED,AURTTC002,Repair radiators,N,Unit of competency,Current,14/04/2016,Current,14/04/2016,,"Deliver and assess , Granted",13/10/2023,06/10/2029,Implicit,FALSE,FALSE,FALSE,FALSE,FALSE,FALSE,FALSE,FALSE,FALSE,,,AURTTC2002,TRUE,1,14/04/2016,AUR,"Automotive Retail, Service and Repair Training Package",FALSE,Mining and Automotive Skills Alliance,,,,,,Skills and Workforce Ministerial Council,,,,,30503,Vehicle Mechanics,,,,,,,FALSE,FALSE,,FALSE
41304,PM2 Pty Ltd,ONSHIFT EDUCATION;PM SQUARED,AURTTC103,Diagnose and repair cooling systems,N,Unit of competency,Current,13/11/2020,Current,13/11/2020,,"Deliver and assess , Granted",13/10/2023,06/10/2029,Implicit,FALSE,FALSE,FALSE,FALSE,FALSE,FALSE,FALSE,FALSE,FALSE,,,AURTTC003,TRUE,1,13/11/2020,AUR,"Automotive Retail, Service and Repair Training Package",FALSE,Mining and Automotive Skills Alliance,,,,,,Skills and Workforce Ministerial Council,,,,,30503,Vehicle Mechanics,,,,,,,FALSE,FALSE,,FALSE
41304,PM2 Pty Ltd,ONSHIFT EDUCATION;PM SQUARED,AURTTD002,Inspect and service steering systems,N,Unit of competency,Current,14/04/2016,Current,14/04/2016,,"Deliver and assess , Granted",13/10/2023,06/10/2029,Implicit,FALSE,FALSE,FALSE,FALSE,FALSE,FALSE,FALSE,FALSE,FALSE,,,AURTTD2002,TRUE,1,14/04/2016,AUR,"Automotive Retail, Service and Repair Training Package",FALSE,Mining and Automotive Skills Alliance,,,,,,Skills and Workforce Ministerial Council,,,,,30503,Vehicle Mechanics,,,,,,,FALSE,FALSE,,FALSE
41304,PM2 Pty Ltd,ONSHIFT EDUCATION;PM SQUARED,AURTTD004,Inspect and service suspension systems,N,Unit of competency,Current,14/04/2016,Current,14/04/2016,,"Deliver and assess , Granted",13/10/2023,06/10/2029,Implicit,FALSE,FALSE,FALSE,FALSE,FALSE,FALSE,FALSE,FALSE,FALSE,,,AURTTD2004,TRUE,1,14/04/2016,AUR,"Automotive Retail, Service and Repair Training Package",FALSE,Mining and Automotive Skills Alliance,,,,,,Skills and Workforce Ministerial Council,,,,,30503,Vehicle Mechanics,,,,,,,FALSE,FALSE,,FALSE
41304,PM2 Pty Ltd,ONSHIFT EDUCATION;PM SQUARED,AURTTE005,Overhaul engines,N,Unit of competency,Current,14/04/2016,Current,14/04/2016,,"Deliver and assess , Granted",13/10/2023,06/10/2029,Implicit,FALSE,FALSE,FALSE,FALSE,FALSE,FALSE,FALSE,FALSE,FALSE,,,AURTTE4005,TRUE,1,14/04/2016,AUR,"Automotive Retail, Service and Repair Training Package",FALSE,Mining and Automotive Skills Alliance,,,,,,Skills and Workforce Ministerial Council,,,,,30503,Vehicle Mechanics,,,,,,,FALSE,FALSE,,FALSE
41304,PM2 Pty Ltd,ONSHIFT EDUCATION;PM SQUARED,AURTTE104,Inspect and service engines,N,Unit of competency,Current,13/11/2020,Current,13/11/2020,,"Deliver and assess , Granted",13/10/2023,06/10/2029,Implicit,FALSE,FALSE,FALSE,FALSE,FALSE,FALSE,FALSE,FALSE,FALSE,,,AURTTE004,TRUE,1,13/11/2020,AUR,"Automotive Retail, Service and Repair Training Package",FALSE,Mining and Automotive Skills Alliance,,,,,,Skills and Workforce Ministerial Council,,,,,30503,Vehicle Mechanics,,,,,,,FALSE,FALSE,,FALSE
41304,PM2 Pty Ltd,ONSHIFT EDUCATION;PM SQUARED,AURTTF003,Overhaul diesel fuel injection system components,N,Unit of competency,Current,14/04/2016,Current,14/04/2016,,"Deliver and assess , Granted",13/10/2023,06/10/2029,Implicit,FALSE,FALSE,FALSE,FALSE,FALSE,FALSE,FALSE,FALSE,FALSE,,,AURTTF4003,TRUE,1,14/04/2016,AUR,"Automotive Retail, Service and Repair Training Package",FALSE,Mining and Automotive Skills Alliance,,,,,,Skills and Workforce Ministerial Council,,,,,30503,Vehicle Mechanics,,,,,,,FALSE,FALSE,,FALSE
41304,PM2 Pty Ltd,ONSHIFT EDUCATION;PM SQUARED,AURTTF101,Inspect and service petrol fuel systems,N,Unit of competency,Current,13/11/2020,Current,13/11/2020,,"Deliver and assess , Granted",13/10/2023,06/10/2029,Implicit,FALSE,FALSE,FALSE,FALSE,FALSE,FALSE,FALSE,FALSE,FALSE,,,AURTTF001,TRUE,1,13/11/2020,AUR,"Automotive Retail, Service and Repair Training Package",FALSE,Mining and Automotive Skills Alliance,,,,,,Skills and Workforce Ministerial Council,,,,,30503,Vehicle Mechanics,,,,,,,FALSE,FALSE,,FALSE
41304,PM2 Pty Ltd,ONSHIFT EDUCATION;PM SQUARED,AURTTF102,Inspect and service diesel fuel injection systems,N,Unit of competency,Current,13/11/2020,Current,13/11/2020,,"Deliver and assess , Granted",13/10/2023,06/10/2029,Implicit,FALSE,FALSE,FALSE,FALSE,FALSE,FALSE,FALSE,FALSE,FALSE,,,AURTTF002,TRUE,1,13/11/2020,AUR,"Automotive Retail, Service and Repair Training Package",FALSE,Mining and Automotive Skills Alliance,,,,,,Skills and Workforce Ministerial Council,,,,,30503,Vehicle Mechanics,,,,,,,FALSE,FALSE,,FALSE
41304,PM2 Pty Ltd,ONSHIFT EDUCATION;PM SQUARED,AURTTF105,Diagnose and repair engine forced-induction systems,N,Unit of competency,Current,13/11/2020,Current,13/11/2020,,"Deliver and assess , Granted",13/10/2023,06/10/2029,Implicit,FALSE,FALSE,FALSE,FALSE,FALSE,FALSE,FALSE,FALSE,FALSE,,,AURTTF005,TRUE,1,13/11/2020,AUR,"Automotive Retail, Service and Repair Training Package",FALSE,Mining and Automotive Skills Alliance,,,,,,Skills and Workforce Ministerial Council,,,,,30503,Vehicle Mechanics,,,,,,,FALSE,FALSE,,FALSE
41304,PM2 Pty Ltd,ONSHIFT EDUCATION;PM SQUARED,AURTTF106,Diagnose and repair petrol carburettor systems,N,Unit of competency,Current,13/11/2020,Current,13/11/2020,,"Deliver and assess , Granted",13/10/2023,06/10/2029,Implicit,FALSE,FALSE,FALSE,FALSE,FALSE,FALSE,FALSE,FALSE,FALSE,,,AURTTF006,TRUE,1,13/11/2020,AUR,"Automotive Retail, Service and Repair Training Package",FALSE,Mining and Automotive Skills Alliance,,,,,,Skills and Workforce Ministerial Council,,,,,30503,Vehicle Mechanics,,,,,,,FALSE,FALSE,,FALSE
41304,PM2 Pty Ltd,ONSHIFT EDUCATION;PM SQUARED,AURTTJ011,Balance wheels and tyres,N,Unit of competency,Current,07/12/2018,Current,07/12/2018,,"Deliver and assess , Granted",13/10/2023,06/10/2029,Implicit,FALSE,FALSE,FALSE,FALSE,FALSE,FALSE,FALSE,FALSE,FALSE,,,AURTTJ001,TRUE,1,07/12/2018,AUR,"Automotive Retail, Service and Repair Training Package",FALSE,Mining and Automotive Skills Alliance,,,,,,Skills and Workforce Ministerial Council,,,,,30503,Vehicle Mechanics,,,,,,,FALSE,FALSE,,FALSE
41304,PM2 Pty Ltd,ONSHIFT EDUCATION;PM SQUARED,AURTTK001,Use and maintain measuring equipment in an automotive workplace,N,Unit of competency,Current,14/04/2016,Current,14/04/2016,,"Deliver and assess , Granted",13/10/2023,06/10/2029,Implicit,FALSE,FALSE,FALSE,FALSE,FALSE,FALSE,FALSE,FALSE,FALSE,,,AURTTK2001,TRUE,1,14/04/2016,AUR,"Automotive Retail, Service and Repair Training Package",FALSE,Mining and Automotive Skills Alliance,,,,,,Skills and Workforce Ministerial Council,,,,,30717,Plant And Machine Operations,,,,,,,FALSE,FALSE,,FALSE
41304,PM2 Pty Ltd,ONSHIFT EDUCATION;PM SQUARED,AURTTK102,Use and maintain tools and equipment in an automotive workplace,N,Unit of competency,Current,13/11/2020,Current,13/11/2020,,"Deliver and assess , Granted",13/10/2023,06/10/2029,Implicit,FALSE,FALSE,FALSE,FALSE,FALSE,FALSE,FALSE,FALSE,FALSE,,,AURTTK002,TRUE,1,13/11/2020,AUR,"Automotive Retail, Service and Repair Training Package",FALSE,Mining and Automotive Skills Alliance,,,,,,Skills and Workforce Ministerial Council,,,,,30717,Plant And Machine Operations,,,,,,,FALSE,FALSE,,FALSE
41304,PM2 Pty Ltd,ONSHIFT EDUCATION;PM SQUARED,AURTTL001,Inspect and service CNG fuel systems,N,Unit of competency,Current,14/04/2016,Current,14/04/2016,,"Deliver and assess , Granted",13/10/2023,06/10/2029,Implicit,FALSE,FALSE,FALSE,FALSE,FALSE,FALSE,FALSE,FALSE,FALSE,,,AURTTL3001,TRUE,1,14/04/2016,AUR,"Automotive Retail, Service and Repair Training Package",FALSE,Mining and Automotive Skills Alliance,,,,,,Skills and Workforce Ministerial Council,,,,,30503,Vehicle Mechanics,,,,,,,TRUE,FALSE,,FALSE
41304,PM2 Pty Ltd,ONSHIFT EDUCATION;PM SQUARED,AURTTL003,Install CNG fuel systems,N,Unit of competency,Current,14/04/2016,Current,14/04/2016,,"Deliver and assess , Granted",13/10/2023,06/10/2029,Implicit,FALSE,FALSE,FALSE,FALSE,FALSE,FALSE,FALSE,FALSE,FALSE,,,AURTTL3003,TRUE,1,14/04/2016,AUR,"Automotive Retail, Service and Repair Training Package",FALSE,Mining and Automotive Skills Alliance,,,,,,Skills and Workforce Ministerial Council,,,,,30503,Vehicle Mechanics,,,,,,,TRUE,FALSE,,FALSE
41304,PM2 Pty Ltd,ONSHIFT EDUCATION;PM SQUARED,AURTTL007,Inspect and service LPG fuel systems,N,Unit of competency,Current,14/04/2016,Current,14/04/2016,,"Deliver and assess , Granted",13/10/2023,06/10/2029,Implicit,FALSE,FALSE,FALSE,FALSE,FALSE,FALSE,FALSE,FALSE,FALSE,,,AURTTL3007,TRUE,1,14/04/2016,AUR,"Automotive Retail, Service and Repair Training Package",FALSE,Mining and Automotive Skills Alliance,,,,,,Skills and Workforce Ministerial Council,,,,,30503,Vehicle Mechanics,,,,,,,TRUE,FALSE,,FALSE
41304,PM2 Pty Ltd,ONSHIFT EDUCATION;PM SQUARED,AURTTL009,Install LPG fuel systems,N,Unit of competency,Current,14/04/2016,Current,14/04/2016,,"Deliver and assess , Granted",13/10/2023,06/10/2029,Implicit,FALSE,FALSE,FALSE,FALSE,FALSE,FALSE,FALSE,FALSE,FALSE,,,AURTTL3009,TRUE,1,14/04/2016,AUR,"Automotive Retail, Service and Repair Training Package",FALSE,Mining and Automotive Skills Alliance,,,,,,Skills and Workforce Ministerial Council,,,,,30503,Vehicle Mechanics,,,,,,,TRUE,FALSE,,FALSE
41304,PM2 Pty Ltd,ONSHIFT EDUCATION;PM SQUARED,AURTTL102,Diagnose and repair CNG fuel systems,N,Unit of competency,Current,13/11/2020,Current,13/11/2020,,"Deliver and assess , Granted",13/10/2023,06/10/2029,Implicit,FALSE,FALSE,FALSE,FALSE,FALSE,FALSE,FALSE,FALSE,FALSE,,,AURTTL002,TRUE,1,13/11/2020,AUR,"Automotive Retail, Service and Repair Training Package",FALSE,Mining and Automotive Skills Alliance,,,,,,Skills and Workforce Ministerial Council,,,,,30503,Vehicle Mechanics,,,,,,,FALSE,FALSE,,FALSE
41304,PM2 Pty Ltd,ONSHIFT EDUCATION;PM SQUARED,AURTTL104,Inspect and service LNG fuel systems,N,Unit of competency,Current,13/11/2020,Current,13/11/2020,,"Deliver and assess , Granted",13/10/2023,06/10/2029,Implicit,FALSE,FALSE,FALSE,FALSE,FALSE,FALSE,FALSE,FALSE,FALSE,,,AURTTL004,TRUE,1,13/11/2020,AUR,"Automotive Retail, Service and Repair Training Package",FALSE,Mining and Automotive Skills Alliance,,,,,,Skills and Workforce Ministerial Council,,,,,30503,Vehicle Mechanics,,,,,,,TRUE,FALSE,,FALSE
41304,PM2 Pty Ltd,ONSHIFT EDUCATION;PM SQUARED,AURTTL105,Diagnose and repair LNG fuel systems,N,Unit of competency,Current,13/11/2020,Current,13/11/2020,,"Deliver and assess , Granted",13/10/2023,06/10/2029,Implicit,FALSE,FALSE,FALSE,FALSE,FALSE,FALSE,FALSE,FALSE,FALSE,,,AURTTL005,TRUE,1,13/11/2020,AUR,"Automotive Retail, Service and Repair Training Package",FALSE,Mining and Automotive Skills Alliance,,,,,,Skills and Workforce Ministerial Council,,,,,30503,Vehicle Mechanics,,,,,,,TRUE,FALSE,,FALSE
41304,PM2 Pty Ltd,ONSHIFT EDUCATION;PM SQUARED,AURTTL108,Diagnose and repair LPG fuel systems,N,Unit of competency,Current,13/11/2020,Current,13/11/2020,,"Deliver and assess , Granted",13/10/2023,06/10/2029,Implicit,FALSE,FALSE,FALSE,FALSE,FALSE,FALSE,FALSE,FALSE,FALSE,,,AURTTL008,TRUE,1,13/11/2020,AUR,"Automotive Retail, Service and Repair Training Package",FALSE,Mining and Automotive Skills Alliance,,,,,,Skills and Workforce Ministerial Council,,,,,30503,Vehicle Mechanics,,,,,,,TRUE,FALSE,,FALSE
41304,PM2 Pty Ltd,ONSHIFT EDUCATION;PM SQUARED,AURTTQ001,Inspect and service final drive assemblies,N,Unit of competency,Current,14/04/2016,Current,14/04/2016,,"Deliver and assess , Granted",13/10/2023,06/10/2029,Implicit,FALSE,FALSE,FALSE,FALSE,FALSE,FALSE,FALSE,FALSE,FALSE,,,AURTTQ2001,TRUE,1,14/04/2016,AUR,"Automotive Retail, Service and Repair Training Package",FALSE,Mining and Automotive Skills Alliance,,,,,,Skills and Workforce Ministerial Council,,,,,30503,Vehicle Mechanics,,,,,,,FALSE,FALSE,,FALSE
41304,PM2 Pty Ltd,ONSHIFT EDUCATION;PM SQUARED,AURTTQ103,Inspect and service drive shafts,N,Unit of competency,Current,13/11/2020,Current,13/11/2020,,"Deliver and assess , Granted",13/10/2023,06/10/2029,Implicit,FALSE,FALSE,FALSE,FALSE,FALSE,FALSE,FALSE,FALSE,FALSE,,,AURTTQ003,TRUE,1,13/11/2020,AUR,"Automotive Retail, Service and Repair Training Package",FALSE,Mining and Automotive Skills Alliance,,,,,,Skills and Workforce Ministerial Council,,,,,30503,Vehicle Mechanics,,,,,,,FALSE,FALSE,,FALSE
41304,PM2 Pty Ltd,ONSHIFT EDUCATION;PM SQUARED,AURTTW001,Carry out soft soldering techniques,N,Unit of competency,Current,14/04/2016,Current,14/04/2016,,"Deliver and assess , Granted",13/10/2023,06/10/2029,Implicit,FALSE,FALSE,FALSE,FALSE,FALSE,FALSE,FALSE,FALSE,FALSE,,,AURTTW2001,TRUE,1,14/04/2016,AUR,"Automotive Retail, Service and Repair Training Package",FALSE,Mining and Automotive Skills Alliance,,,,,,Skills and Workforce Ministerial Council,,,,,30511,Panel Beating,,,,,,,FALSE,FALSE,,FALSE
41304,PM2 Pty Ltd,ONSHIFT EDUCATION;PM SQUARED,AURTTX102,Inspect and service manual transmissions,N,Unit of competency,Current,13/11/2020,Current,13/11/2020,,"Deliver and assess , Granted",13/10/2023,06/10/2029,Implicit,FALSE,FALSE,FALSE,FALSE,FALSE,FALSE,FALSE,FALSE,FALSE,,,AURTTX002,TRUE,1,13/11/2020,AUR,"Automotive Retail, Service and Repair Training Package",FALSE,Mining and Automotive Skills Alliance,,,,,,Skills and Workforce Ministerial Council,,,,,30503,Vehicle Mechanics,,,,,,,FALSE,FALSE,,FALSE
41304,PM2 Pty Ltd,ONSHIFT EDUCATION;PM SQUARED,AURTTX103,Inspect and service automatic transmissions,N,Unit of competency,Current,13/11/2020,Current,13/11/2020,,"Deliver and assess , Granted",13/10/2023,06/10/2029,Implicit,FALSE,FALSE,FALSE,FALSE,FALSE,FALSE,FALSE,FALSE,FALSE,,,AURTTX003,TRUE,1,13/11/2020,AUR,"Automotive Retail, Service and Repair Training Package",FALSE,Mining and Automotive Skills Alliance,,,,,,Skills and Workforce Ministerial Council,,,,,30503,Vehicle Mechanics,,,,,,,FALSE,FALSE,,FALSE
41304,PM2 Pty Ltd,ONSHIFT EDUCATION;PM SQUARED,AURTTX104,Inspect and service hydrostatic transmissions,N,Unit of competency,Current,13/11/2020,Current,13/11/2020,,"Deliver and assess , Granted",13/10/2023,06/10/2029,Implicit,FALSE,FALSE,FALSE,FALSE,FALSE,FALSE,FALSE,FALSE,FALSE,,,AURTTX004,TRUE,1,13/11/2020,AUR,"Automotive Retail, Service and Repair Training Package",FALSE,Mining and Automotive Skills Alliance,,,,,,Skills and Workforce Ministerial Council,,,,,30503,Vehicle Mechanics,,,,,,,FALSE,FALSE,,FALSE
41304,PM2 Pty Ltd,ONSHIFT EDUCATION;PM SQUARED,AURTTX106,Diagnose and repair hydrostatic transmissions,N,Unit of competency,Current,13/11/2020,Current,13/11/2020,,"Deliver and assess , Granted",13/10/2023,06/10/2029,Implicit,FALSE,FALSE,FALSE,FALSE,FALSE,FALSE,FALSE,FALSE,FALSE,,,AURTTX006,TRUE,1,13/11/2020,AUR,"Automotive Retail, Service and Repair Training Package",FALSE,Mining and Automotive Skills Alliance,,,,,,Skills and Workforce Ministerial Council,,,,,30503,Vehicle Mechanics,,,,,,,FALSE,FALSE,,FALSE
41304,PM2 Pty Ltd,ONSHIFT EDUCATION;PM SQUARED,AURTTZ102,Diagnose and repair exhaust systems,N,Unit of competency,Current,13/11/2020,Current,13/11/2020,,"Deliver and assess , Granted",13/10/2023,06/10/2029,Implicit,FALSE,FALSE,FALSE,FALSE,FALSE,FALSE,FALSE,FALSE,FALSE,,,AURTTZ002,TRUE,1,13/11/2020,AUR,"Automotive Retail, Service and Repair Training Package",FALSE,Mining and Automotive Skills Alliance,,,,,,Skills and Workforce Ministerial Council,,,,,30503,Vehicle Mechanics,,,,,,,FALSE,FALSE,,FALSE
41304,PM2 Pty Ltd,ONSHIFT EDUCATION;PM SQUARED,AURVTW002,Carry out oxyacetylene brazing of components,N,Unit of competency,Current,14/04/2016,Current,14/04/2016,,"Deliver and assess , Granted",13/10/2023,06/10/2029,Implicit,FALSE,FALSE,FALSE,FALSE,FALSE,FALSE,FALSE,FALSE,FALSE,,,AURVTW2002,TRUE,1,14/04/2016,AUR,"Automotive Retail, Service and Repair Training Package",FALSE,Mining and Automotive Skills Alliance,,,,,,Skills and Workforce Ministerial Council,,,,,30711,Boilermaking And Welding,,,,,,,FALSE,FALSE,,FALSE
41304,PM2 Pty Ltd,ONSHIFT EDUCATION;PM SQUARED,AURVTW018,"Carry out oxyacetylene welding, thermal heating and cutting",N,Unit of competency,Current,07/12/2018,Current,07/12/2018,,"Deliver and assess , Granted",13/10/2023,06/10/2029,Implicit,FALSE,FALSE,FALSE,FALSE,FALSE,FALSE,FALSE,FALSE,FALSE,,,AURVTW008,TRUE,1,07/12/2018,AUR,"Automotive Retail, Service and Repair Training Package",FALSE,Mining and Automotive Skills Alliance,,,,,,Skills and Workforce Ministerial Council,,,,,30711,Boilermaking And Welding,,,,,,,FALSE,FALSE,,FALSE
41304,PM2 Pty Ltd,ONSHIFT EDUCATION;PM SQUARED,AURVTW101,Carry out manual metal arc welding on components,N,Unit of competency,Current,13/11/2020,Current,13/11/2020,,"Deliver and assess , Granted",13/10/2023,06/10/2029,Implicit,FALSE,FALSE,FALSE,FALSE,FALSE,FALSE,FALSE,FALSE,FALSE,,,AURVTW001,TRUE,1,13/11/2020,AUR,"Automotive Retail, Service and Repair Training Package",FALSE,Mining and Automotive Skills Alliance,,,,,,Skills and Workforce Ministerial Council,,,,,30711,Boilermaking And Welding,,,,,,,FALSE,FALSE,,FALSE
41304,PM2 Pty Ltd,ONSHIFT EDUCATION;PM SQUARED,AURVTW103,Carry out advanced gas metal arc welding on vehicle body sections,N,Unit of competency,Current,13/11/2020,Current,13/11/2020,,"Deliver and assess , Granted",13/10/2023,06/10/2029,Implicit,FALSE,FALSE,FALSE,FALSE,FALSE,FALSE,FALSE,FALSE,FALSE,,,AURVTW003,TRUE,1,13/11/2020,AUR,"Automotive Retail, Service and Repair Training Package",FALSE,Mining and Automotive Skills Alliance,,,,,,Skills and Workforce Ministerial Council,,,,,30711,Boilermaking And Welding,,,,,,,FALSE,FALSE,,FALSE
41304,PM2 Pty Ltd,ONSHIFT EDUCATION;PM SQUARED,AURVTW104,Carry out tungsten inert gas welding,N,Unit of competency,Current,13/11/2020,Current,13/11/2020,,"Deliver and assess , Granted",13/10/2023,06/10/2029,Implicit,FALSE,FALSE,FALSE,FALSE,FALSE,FALSE,FALSE,FALSE,FALSE,,,AURVTW004,TRUE,1,13/11/2020,AUR,"Automotive Retail, Service and Repair Training Package",FALSE,Mining and Automotive Skills Alliance,,,,,,Skills and Workforce Ministerial Council,,,,,30711,Boilermaking And Welding,,,,,,,FALSE,FALSE,,FALSE
41304,PM2 Pty Ltd,ONSHIFT EDUCATION;PM SQUARED,AURVTW109,Carry out basic gas metal arc welding,N,Unit of competency,Current,13/11/2020,Current,13/11/2020,,"Deliver and assess , Granted",13/10/2023,06/10/2029,Implicit,FALSE,FALSE,FALSE,FALSE,FALSE,FALSE,FALSE,FALSE,FALSE,,,AURVTW009,TRUE,1,13/11/2020,AUR,"Automotive Retail, Service and Repair Training Package",FALSE,Mining and Automotive Skills Alliance,,,,,,Skills and Workforce Ministerial Council,,,,,30711,Boilermaking And Welding,,,,,,,FALSE,FALSE,,FALSE
41304,PM2 Pty Ltd,ONSHIFT EDUCATION;PM SQUARED,AVIW0006,Perform infrastructure inspections using remote operated systems,N,Unit of competency,Current,13/08/2019,Current,13/08/2019,,"Deliver and assess , Granted",29/08/2024,06/10/2029,Implicit,FALSE,FALSE,FALSE,FALSE,FALSE,FALSE,FALSE,FALSE,FALSE,,,,,1,13/08/2019,AVI,Aviation Training Package,FALSE,Industry Skills Australia,,,,,,Skills and Workforce Ministerial Council,,,,,31503,Aircraft Maintenance Engineering,,,,,,,TRUE,FALSE,,FALSE
41304,PM2 Pty Ltd,ONSHIFT EDUCATION;PM SQUARED,BSBCMM411,Make presentations,N,Unit of competency,Current,19/10/2020,Current,19/10/2020,,"Deliver and assess , Granted",23/05/2022,06/10/2029,Implicit,FALSE,FALSE,FALSE,FALSE,FALSE,FALSE,FALSE,FALSE,FALSE,,,BSBCMM401,TRUE,1,19/10/2020,BSB,Business Services Training Package,FALSE,Future Skills Organisation,,,,,,Skills and Workforce Ministerial Council,,,,,100707,Verbal Communication,,,,,,,FALSE,FALSE,,FALSE
41304,PM2 Pty Ltd,ONSHIFT EDUCATION;PM SQUARED,BSBDIV301,Work effectively with diversity,N,Unit of competency,Superseded,18/10/2020,Superseded,25/03/2015,17/10/2020,"Deliver and assess , Granted",29/08/2024,06/10/2029,Implicit,FALSE,FALSE,FALSE,FALSE,FALSE,FALSE,FALSE,FALSE,FALSE,BSBTWK301,TRUE,BSBDIV301A,TRUE,1,25/03/2015,BSB,Business Services Training Package,FALSE,Future Skills Organisation,,,,,,Skills and Workforce Ministerial Council,,,,,120505,Work Practices Programmes,,,,,,,FALSE,FALSE,,FALSE
41304,PM2 Pty Ltd,ONSHIFT EDUCATION;PM SQUARED,BSBESB301,Investigate business opportunities,N,Unit of competency,Current,19/10/2020,Current,19/10/2020,,"Deliver and assess , Granted",29/08/2024,06/10/2029,Implicit,FALSE,FALSE,FALSE,FALSE,FALSE,FALSE,FALSE,FALSE,FALSE,,,BSBSMB306;BSBSMB301;BSBSMB201,False;False;False,1,19/10/2020,BSB,Business Services Training Package,FALSE,Future Skills Organisation,,,,,,Skills and Workforce Ministerial Council,,,,,80301,Business Management,,,,,,,FALSE,FALSE,,FALSE
41304,PM2 Pty Ltd,ONSHIFT EDUCATION;PM SQUARED,BSBESB401,Research and develop business plans,N,Unit of competency,Current,19/10/2020,Current,19/10/2020,,"Deliver and assess , Granted",18/08/2023,06/10/2029,Implicit,FALSE,FALSE,FALSE,FALSE,FALSE,FALSE,FALSE,FALSE,FALSE,,,BSBSMB404;BSBSMB415;BSBSMB422,True;False;False,1,19/10/2020,BSB,Business Services Training Package,FALSE,Future Skills Organisation,,,,,,Skills and Workforce Ministerial Council,,,,,80301,Business Management,,,,,,,FALSE,FALSE,,FALSE
41304,PM2 Pty Ltd,ONSHIFT EDUCATION;PM SQUARED,BSBESB402,Establish legal and risk management requirements of new business ventures,N,Unit of competency,Current,19/10/2020,Current,19/10/2020,,"Deliver and assess , Granted",14/06/2022,06/10/2029,Implicit,FALSE,FALSE,FALSE,FALSE,FALSE,FALSE,FALSE,FALSE,FALSE,,,BSBIPR405;BSBSMB401;BSBSMB410,False;True;False,1,19/10/2020,BSB,Business Services Training Package,FALSE,Future Skills Organisation,,,,,,Skills and Workforce Ministerial Council,,,,,80301,Business Management,,,,,,,FALSE,FALSE,,FALSE
41304,PM2 Pty Ltd,ONSHIFT EDUCATION;PM SQUARED,BSBESB403,Plan finances for new business ventures,N,Unit of competency,Current,19/10/2020,Current,19/10/2020,,"Deliver and assess , Granted",18/08/2023,06/10/2029,Implicit,FALSE,FALSE,FALSE,FALSE,FALSE,FALSE,FALSE,FALSE,FALSE,,,BSBSMB402,TRUE,1,19/10/2020,BSB,Business Services Training Package,FALSE,Future Skills Organisation,,,,,,Skills and Workforce Ministerial Council,,,,,80301,Business Management,,,,,,,FALSE,FALSE,,FALSE
41304,PM2 Pty Ltd,ONSHIFT EDUCATION;PM SQUARED,BSBESB404,Market new business ventures,N,Unit of competency,Current,19/10/2020,Current,19/10/2020,,"Deliver and assess , Granted",18/08/2023,06/10/2029,Implicit,FALSE,FALSE,FALSE,FALSE,FALSE,FALSE,FALSE,FALSE,FALSE,,,BSBSMB409;BSBSMB403,False;True,1,19/10/2020,BSB,Business Services Training Package,FALSE,Future Skills Organisation,,,,,,Skills and Workforce Ministerial Council,,,,,80505,Marketing,,,,,,,FALSE,FALSE,,FALSE
41304,PM2 Pty Ltd,ONSHIFT EDUCATION;PM SQUARED,BSBESB405,Manage compliance for small businesses,N,Unit of competency,Current,19/10/2020,Current,19/10/2020,,"Deliver and assess , Granted",13/10/2023,06/10/2029,Implicit,FALSE,FALSE,FALSE,FALSE,FALSE,FALSE,FALSE,FALSE,FALSE,,,BSBSMB418,TRUE,1,19/10/2020,BSB,Business Services Training Package,FALSE,Future Skills Organisation,,,,,,Skills and Workforce Ministerial Council,,,,,80301,Business Management,,,,,,,FALSE,FALSE,,FALSE
41304,PM2 Pty Ltd,ONSHIFT EDUCATION;PM SQUARED,BSBESB406,Establish operational strategies and procedures for new business ventures,N,Unit of competency,Current,19/10/2020,Current,19/10/2020,,"Deliver and assess , Granted",14/06/2022,06/10/2029,Implicit,FALSE,FALSE,FALSE,FALSE,FALSE,FALSE,FALSE,FALSE,FALSE,,,BSBSMB420;BSBFRA402;BSBFRA501;BSBSMB423;BSBFRA404;BSBFRA502;BSBFRA505;BSBFRA401;BSBFRA503;BSBIPR501;BSBFRA403;BSBFRA504,True;False;False;False;False;False;False;False;False;False;False;False,1,19/10/2020,BSB,Business Services Training Package,FALSE,Future Skills Organisation,,,,,,Skills and Workforce Ministerial Council,,,,,80301,Business Management,,,,,,,FALSE,FALSE,,FALSE
41304,PM2 Pty Ltd,ONSHIFT EDUCATION;PM SQUARED,BSBESB407,Manage finances for new business ventures,N,Unit of competency,Current,19/10/2020,Current,19/10/2020,,"Deliver and assess , Granted",14/06/2022,06/10/2029,Implicit,FALSE,FALSE,FALSE,FALSE,FALSE,FALSE,FALSE,FALSE,FALSE,,,BSBSMB421,TRUE,1,19/10/2020,BSB,Business Services Training Package,FALSE,Future Skills Organisation,,,,,,Skills and Workforce Ministerial Council,,,,,80301,Business Management,,,,,,,FALSE,FALSE,,FALSE
41304,PM2 Pty Ltd,ONSHIFT EDUCATION;PM SQUARED,BSBFIN401,Report on financial activity,N,Unit of competency,Current,19/10/2020,Current,19/10/2020,,"Deliver and assess , Granted",18/08/2023,06/10/2029,Implicit,FALSE,FALSE,FALSE,FALSE,FALSE,FALSE,FALSE,FALSE,FALSE,,,BSBINT408;BSBFIA401;BSBFIA501;BSBFIA412,False;False;False;False,1,19/10/2020,BSB,Business Services Training Package,FALSE,Future Skills Organisation,,,,,,Skills and Workforce Ministerial Council,,,,,80101,Accounting,,,,,,,FALSE,FALSE,,FALSE
41304,PM2 Pty Ltd,ONSHIFT EDUCATION;PM SQUARED,BSBFIN501,Manage budgets and financial plans,N,Unit of competency,Current,19/10/2020,Current,19/10/2020,,"Deliver and assess , Granted",18/08/2023,06/10/2029,Implicit,FALSE,FALSE,FALSE,FALSE,FALSE,FALSE,FALSE,FALSE,FALSE,,,BSBGOV403;BSBFIM501,False;True,1,19/10/2020,BSB,Business Services Training Package,FALSE,Future Skills Organisation,,,,,,Skills and Workforce Ministerial Council,,,,,80101,Accounting,,,,,,,FALSE,FALSE,,FALSE
41304,PM2 Pty Ltd,ONSHIFT EDUCATION;PM SQUARED,BSBFLM303,Contribute to effective workplace relationships,N,Unit of competency,Superseded,18/10/2020,Superseded,25/03/2015,17/10/2020,"Deliver and assess , Granted",19/04/2024,06/10/2029,Implicit,FALSE,FALSE,FALSE,FALSE,FALSE,FALSE,FALSE,FALSE,FALSE,BSBLDR301,TRUE,BSBFLM303C,TRUE,1,25/03/2015,BSB,Business Services Training Package,FALSE,Future Skills Organisation,,,,,,Skills and Workforce Ministerial Council,,,,,120505,Work Practices Programmes,,,,,,,FALSE,FALSE,,FALSE
41304,PM2 Pty Ltd,ONSHIFT EDUCATION;PM SQUARED,BSBFLM312,Contribute to team effectiveness,N,Unit of competency,Superseded,18/10/2020,Superseded,25/03/2015,17/10/2020,"Deliver and assess , Granted",18/08/2023,06/10/2029,Implicit,FALSE,FALSE,FALSE,FALSE,FALSE,FALSE,FALSE,FALSE,FALSE,BSBTWK201,FALSE,BSBFLM312C,TRUE,1,25/03/2015,BSB,Business Services Training Package,FALSE,Future Skills Organisation,,,,,,Skills and Workforce Ministerial Council,,,,,120505,Work Practices Programmes,,,,,,,FALSE,FALSE,,FALSE
41304,PM2 Pty Ltd,ONSHIFT EDUCATION;PM SQUARED,BSBHRM413,Support the learning and development of teams and individuals,N,Unit of competency,Current,19/10/2020,Current,19/10/2020,,"Deliver and assess , Granted",18/08/2023,06/10/2029,Implicit,FALSE,FALSE,FALSE,FALSE,FALSE,FALSE,FALSE,FALSE,FALSE,,,BSBLED401;BSBFLM311;BSBLED301,True;False;False,1,19/10/2020,BSB,Business Services Training Package,FALSE,Future Skills Organisation,,,,,,Skills and Workforce Ministerial Council,,,,,80303,Human Resource Management,,,,,,,FALSE,FALSE,,FALSE
41304,PM2 Pty Ltd,ONSHIFT EDUCATION;PM SQUARED,BSBINS309,Maintain business records,N,Unit of competency,Current,19/10/2020,Current,19/10/2020,,"Deliver and assess , Granted",13/10/2023,06/10/2029,Implicit,FALSE,FALSE,FALSE,FALSE,FALSE,FALSE,FALSE,FALSE,FALSE,,,BSBRKG305;BSBRKG304,False;True,1,19/10/2020,BSB,Business Services Training Package,FALSE,Future Skills Organisation,,,,,,Skills and Workforce Ministerial Council,,,,,80901,Secretarial And Clerical Studies,,,,,,,FALSE,FALSE,,FALSE
41304,PM2 Pty Ltd,ONSHIFT EDUCATION;PM SQUARED,BSBINS401,Analyse and present research information,N,Unit of competency,Current,19/10/2020,Current,19/10/2020,,"Deliver and assess , Granted",21/10/2022,06/10/2029,Implicit,FALSE,FALSE,FALSE,FALSE,FALSE,FALSE,FALSE,FALSE,FALSE,,,BSBRES411,TRUE,1,19/10/2020,BSB,Business Services Training Package,FALSE,Future Skills Organisation,,,,,,Skills and Workforce Ministerial Council,,,,,80301,Business Management,,,,,,,FALSE,FALSE,,FALSE
41304,PM2 Pty Ltd,ONSHIFT EDUCATION;PM SQUARED,BSBINS402,Coordinate workplace information systems,N,Unit of competency,Current,19/10/2020,Current,19/10/2020,,"Deliver and assess , Granted",18/08/2023,06/10/2029,Implicit,FALSE,FALSE,FALSE,FALSE,FALSE,FALSE,FALSE,FALSE,FALSE,,,BSBINM401,TRUE,1,19/10/2020,BSB,Business Services Training Package,FALSE,Future Skills Organisation,,,,,,Skills and Workforce Ministerial Council,,,,,29999,"Information Technology, N.e.c.",,,,,,,FALSE,FALSE,,FALSE
41304,PM2 Pty Ltd,ONSHIFT EDUCATION;PM SQUARED,BSBITU111,Operate a personal digital device,N,Unit of competency,Superseded,18/10/2020,Superseded,27/09/2018,17/10/2020,"Deliver and assess , Granted",29/08/2024,06/10/2029,Implicit,FALSE,FALSE,FALSE,FALSE,FALSE,FALSE,FALSE,FALSE,FALSE,BSBTEC101,TRUE,BSBITU101,TRUE,2,30/08/2019,BSB,Business Services Training Package,FALSE,Future Skills Organisation,,,,,,Skills and Workforce Ministerial Council,,,,,80905,Practical Computing Skills,,,,,,,FALSE,FALSE,,FALSE
41304,PM2 Pty Ltd,ONSHIFT EDUCATION;PM SQUARED,BSBLDR301,Support effective workplace relationships,N,Unit of competency,Current,19/10/2020,Current,19/10/2020,,"Deliver and assess , Granted",29/08/2024,06/10/2029,Implicit,FALSE,FALSE,FALSE,FALSE,FALSE,FALSE,FALSE,FALSE,FALSE,,,BSBFLM303;BSBEDU302,True;False,1,19/10/2020,BSB,Business Services Training Package,FALSE,Future Skills Organisation,,,,,,Skills and Workforce Ministerial Council,,,,,120505,Work Practices Programmes,,,,,,,FALSE,FALSE,,FALSE
41304,PM2 Pty Ltd,ONSHIFT EDUCATION;PM SQUARED,BSBLDR411,Demonstrate leadership in the workplace,N,Unit of competency,Current,19/10/2020,Current,19/10/2020,,"Deliver and assess , Granted",21/10/2022,06/10/2029,Implicit,FALSE,FALSE,FALSE,FALSE,FALSE,FALSE,FALSE,FALSE,FALSE,,,BSBMGT405;BSBMGT401,False;True,1,19/10/2020,BSB,Business Services Training Package,FALSE,Future Skills Organisation,,,,,,Skills and Workforce Ministerial Council,,,,,80301,Business Management,,,,,,,FALSE,FALSE,,FALSE
41304,PM2 Pty Ltd,ONSHIFT EDUCATION;PM SQUARED,BSBLDR413,Lead effective workplace relationships,N,Unit of competency,Current,19/10/2020,Current,19/10/2020,,"Deliver and assess , Granted",14/06/2022,06/10/2029,Implicit,FALSE,FALSE,FALSE,FALSE,FALSE,FALSE,FALSE,FALSE,FALSE,,,BSBLDR402,TRUE,1,19/10/2020,BSB,Business Services Training Package,FALSE,Future Skills Organisation,,,,,,Skills and Workforce Ministerial Council,,,,,120505,Work Practices Programmes,,,,,,,FALSE,FALSE,,FALSE
41304,PM2 Pty Ltd,ONSHIFT EDUCATION;PM SQUARED,BSBLDR414,Lead team effectiveness,N,Unit of competency,Current,19/10/2020,Current,19/10/2020,,"Deliver and assess , Granted",23/05/2022,06/10/2029,Implicit,FALSE,FALSE,FALSE,FALSE,FALSE,FALSE,FALSE,FALSE,FALSE,,,BSBSMB407;BSBLDR403,False;True,1,19/10/2020,BSB,Business Services Training Package,FALSE,Future Skills Organisation,,,,,,Skills and Workforce Ministerial Council,,,,,80301,Business Management,,,,,,,FALSE,FALSE,,FALSE
41304,PM2 Pty Ltd,ONSHIFT EDUCATION;PM SQUARED,BSBOPS201,Work effectively in business environments,N,Unit of competency,Current,19/10/2020,Current,19/10/2020,,"Deliver and assess , Granted",13/10/2023,06/10/2029,Implicit,FALSE,FALSE,FALSE,FALSE,FALSE,FALSE,FALSE,FALSE,FALSE,,,BSBIND301;BSBWOR302;BSBIND201;BSBIND302;BSBFRA301,False;False;True;False;False,1,19/10/2020,BSB,Business Services Training Package,FALSE,Future Skills Organisation,,,,,,Skills and Workforce Ministerial Council,,,,,120505,Work Practices Programmes,,,,,,,FALSE,FALSE,,FALSE
41304,PM2 Pty Ltd,ONSHIFT EDUCATION;PM SQUARED,BSBOPS304,Deliver and monitor a service to customers,N,Unit of competency,Current,19/10/2020,Current,19/10/2020,,"Deliver and assess , Granted",18/08/2023,06/10/2029,Implicit,FALSE,FALSE,FALSE,FALSE,FALSE,FALSE,FALSE,FALSE,FALSE,,,BSBSLS407;BSBINT303;BSBEDU303;BSBINT304;BSBCUS301;BSBCUE309,False;False;False;False;True;False,1,19/10/2020,BSB,Business Services Training Package,FALSE,Future Skills Organisation,,,,,,Skills and Workforce Ministerial Council,,,,,80501,Sales,,,,,,,FALSE,FALSE,,FALSE
41304,PM2 Pty Ltd,ONSHIFT EDUCATION;PM SQUARED,BSBOPS401,Coordinate business resources,N,Unit of competency,Current,19/10/2020,Current,19/10/2020,,"Deliver and assess , Granted",13/10/2023,06/10/2029,Implicit,FALSE,FALSE,FALSE,FALSE,FALSE,FALSE,FALSE,FALSE,FALSE,,,BSBADM303;BSBADM302;BSBADM301;BSBADM411;BSBADM401;BSBADM406;BSBADM409;BSBCUE403,False;False;False;False;False;False;True;False,1,19/10/2020,BSB,Business Services Training Package,FALSE,Future Skills Organisation,,,,,,Skills and Workforce Ministerial Council,,,,,80301,Business Management,,,,,,,FALSE,FALSE,,FALSE
41304,PM2 Pty Ltd,ONSHIFT EDUCATION;PM SQUARED,BSBOPS402,Coordinate business operational plans,N,Unit of competency,Current,19/10/2020,Current,19/10/2020,,"Deliver and assess , Granted",18/08/2023,06/10/2029,Implicit,FALSE,FALSE,FALSE,FALSE,FALSE,FALSE,FALSE,FALSE,FALSE,,,BSBMGT402;BSBFLM305,False;False,1,19/10/2020,BSB,Business Services Training Package,FALSE,Future Skills Organisation,,,,,,Skills and Workforce Ministerial Council,,,,,80301,Business Management,,,,,,,FALSE,FALSE,,FALSE
41304,PM2 Pty Ltd,ONSHIFT EDUCATION;PM SQUARED,BSBOPS403,Apply business risk management processes,N,Unit of competency,Current,19/10/2020,Current,19/10/2020,,"Deliver and assess , Granted",13/10/2023,06/10/2029,Implicit,FALSE,FALSE,FALSE,FALSE,FALSE,FALSE,FALSE,FALSE,FALSE,,,BSBRSK401,TRUE,1,19/10/2020,BSB,Business Services Training Package,FALSE,Future Skills Organisation,,,,,,Skills and Workforce Ministerial Council,,,,,80301,Business Management,,,,,,,FALSE,FALSE,,FALSE
41304,PM2 Pty Ltd,ONSHIFT EDUCATION;PM SQUARED,BSBOPS404,Implement customer service strategies,N,Unit of competency,Current,19/10/2020,Current,19/10/2020,,"Deliver and assess , Granted",18/08/2023,06/10/2029,Implicit,FALSE,FALSE,FALSE,FALSE,FALSE,FALSE,FALSE,FALSE,FALSE,,,BSBCUS403;BSBSLS408;BSBCUS402;BSBCUS401,False;False;False;True,1,19/10/2020,BSB,Business Services Training Package,FALSE,Future Skills Organisation,,,,,,Skills and Workforce Ministerial Council,,,,,80501,Sales,,,,,,,FALSE,FALSE,,FALSE
41304,PM2 Pty Ltd,ONSHIFT EDUCATION;PM SQUARED,BSBPEF301,Organise personal work priorities,N,Unit of competency,Current,19/10/2020,Current,19/10/2020,,"Deliver and assess , Granted",29/08/2024,06/10/2029,Implicit,FALSE,FALSE,FALSE,FALSE,FALSE,FALSE,FALSE,FALSE,FALSE,,,BSBWOR301,TRUE,2,23/07/2021,BSB,Business Services Training Package,FALSE,Future Skills Organisation,,,,,,Skills and Workforce Ministerial Council,,,,,80901,Secretarial And Clerical Studies,,,,,,,FALSE,FALSE,,FALSE
41304,PM2 Pty Ltd,ONSHIFT EDUCATION;PM SQUARED,BSBPEF402,Develop personal work priorities,N,Unit of competency,Current,19/10/2020,Current,19/10/2020,,"Deliver and assess , Granted",18/08/2023,06/10/2029,Implicit,FALSE,FALSE,FALSE,FALSE,FALSE,FALSE,FALSE,FALSE,FALSE,,,BSBWOR424;BSBWOR404;BSBSMB408,False;True;False,1,19/10/2020,BSB,Business Services Training Package,FALSE,Future Skills Organisation,,,,,,Skills and Workforce Ministerial Council,,,,,80305,Personal Management Training,,,,,,,FALSE,FALSE,,FALSE
41304,PM2 Pty Ltd,ONSHIFT EDUCATION;PM SQUARED,BSBPEF501,Manage personal and professional development,N,Unit of competency,Current,19/10/2020,Current,19/10/2020,,"Deliver and assess , Granted",23/05/2022,06/10/2029,Implicit,FALSE,FALSE,FALSE,FALSE,FALSE,FALSE,FALSE,FALSE,FALSE,,,BSBLED503;BSBWOR501,False;False,1,19/10/2020,BSB,Business Services Training Package,FALSE,Future Skills Organisation,,,,,,Skills and Workforce Ministerial Council,,,,,80305,Personal Management Training,,,,,,,FALSE,FALSE,,FALSE
41304,PM2 Pty Ltd,ONSHIFT EDUCATION;PM SQUARED,BSBPEF502,Develop and use emotional intelligence,N,Unit of competency,Current,19/10/2020,Current,19/10/2020,,"Deliver and assess , Granted",13/10/2023,06/10/2029,Implicit,FALSE,FALSE,FALSE,FALSE,FALSE,FALSE,FALSE,FALSE,FALSE,,,BSBLDR511,TRUE,1,19/10/2020,BSB,Business Services Training Package,FALSE,Future Skills Organisation,,,,,,Skills and Workforce Ministerial Council,,,,,120505,Work Practices Programmes,,,,,,,FALSE,FALSE,,FALSE
41304,PM2 Pty Ltd,ONSHIFT EDUCATION;PM SQUARED,BSBPMG420,Apply project scope management techniques,N,Unit of competency,Current,19/10/2020,Current,19/10/2020,,"Deliver and assess , Granted",21/10/2022,06/10/2029,Implicit,FALSE,FALSE,FALSE,FALSE,FALSE,FALSE,FALSE,FALSE,FALSE,,,BSBPMG409,TRUE,1,19/10/2020,BSB,Business Services Training Package,FALSE,Future Skills Organisation,,,,,,Skills and Workforce Ministerial Council,,,,,80315,Project Management,,,,,,,FALSE,FALSE,,FALSE
41304,PM2 Pty Ltd,ONSHIFT EDUCATION;PM SQUARED,BSBPMG422,Apply project quality management techniques,N,Unit of competency,Current,19/10/2020,Current,19/10/2020,,"Deliver and assess , Granted",14/06/2022,06/10/2029,Implicit,FALSE,FALSE,FALSE,FALSE,FALSE,FALSE,FALSE,FALSE,FALSE,,,BSBPMG411,TRUE,2,12/02/2021,BSB,Business Services Training Package,FALSE,Future Skills Organisation,,,,,,Skills and Workforce Ministerial Council,,,,,80317,Quality Management,,,,,,,FALSE,FALSE,,FALSE
41304,PM2 Pty Ltd,ONSHIFT EDUCATION;PM SQUARED,BSBPMG424,Apply project human resources management approaches,N,Unit of competency,Current,19/10/2020,Current,19/10/2020,,"Deliver and assess , Granted",18/08/2023,06/10/2029,Implicit,FALSE,FALSE,FALSE,FALSE,FALSE,FALSE,FALSE,FALSE,FALSE,,,BSBPMG413,TRUE,2,12/02/2021,BSB,Business Services Training Package,FALSE,Future Skills Organisation,,,,,,Skills and Workforce Ministerial Council,,,,,80315,Project Management,,,,,,,FALSE,FALSE,,FALSE
41304,PM2 Pty Ltd,ONSHIFT EDUCATION;PM SQUARED,BSBPMG426,Apply project risk management techniques,N,Unit of competency,Current,19/10/2020,Current,19/10/2020,,"Deliver and assess , Granted",15/09/2022,06/10/2029,Implicit,FALSE,FALSE,FALSE,FALSE,FALSE,FALSE,FALSE,FALSE,FALSE,,,BSBPMG415,TRUE,1,19/10/2020,BSB,Business Services Training Package,FALSE,Future Skills Organisation,,,,,,Skills and Workforce Ministerial Council,,,,,80315,Project Management,,,,,,,FALSE,FALSE,,FALSE
41304,PM2 Pty Ltd,ONSHIFT EDUCATION;PM SQUARED,BSBPMG427,Apply project procurement procedures,N,Unit of competency,Current,19/10/2020,Current,19/10/2020,,"Deliver and assess , Granted",18/08/2023,06/10/2029,Implicit,FALSE,FALSE,FALSE,FALSE,FALSE,FALSE,FALSE,FALSE,FALSE,,,BSBPMG416,TRUE,1,19/10/2020,BSB,Business Services Training Package,FALSE,Future Skills Organisation,,,,,,Skills and Workforce Ministerial Council,,,,,80315,Project Management,,,,,,,FALSE,FALSE,,FALSE
41304,PM2 Pty Ltd,ONSHIFT EDUCATION;PM SQUARED,BSBPMG430,Undertake project work,N,Unit of competency,Current,19/10/2020,Current,19/10/2020,,"Deliver and assess , Granted",14/06/2022,06/10/2029,Implicit,FALSE,FALSE,FALSE,FALSE,FALSE,FALSE,FALSE,FALSE,FALSE,,,BSBADM407;BSBPMG522,False;True,1,19/10/2020,BSB,Business Services Training Package,FALSE,Future Skills Organisation,,,,,,Skills and Workforce Ministerial Council,,,,,80315,Project Management,,,,,,,FALSE,FALSE,,FALSE
41304,PM2 Pty Ltd,ONSHIFT EDUCATION;PM SQUARED,BSBPUR301,Purchase goods and services,N,Unit of competency,Current,25/03/2015,Current,25/03/2015,,"Deliver and assess , Granted",13/10/2023,06/10/2029,Implicit,FALSE,FALSE,FALSE,FALSE,FALSE,FALSE,FALSE,FALSE,FALSE,,,BSBPUR301B,TRUE,1,25/03/2015,BSB,Business Services Training Package,FALSE,Future Skills Organisation,,,,,,Skills and Workforce Ministerial Council,,,,,89901,"Purchasing, Warehousing And Distribution",,,,,,,FALSE,FALSE,,FALSE
41304,PM2 Pty Ltd,ONSHIFT EDUCATION;PM SQUARED,BSBSTR401,Promote innovation in team environments,N,Unit of competency,Current,19/10/2020,Current,19/10/2020,,"Deliver and assess , Granted",21/10/2022,06/10/2029,Implicit,FALSE,FALSE,FALSE,FALSE,FALSE,FALSE,FALSE,FALSE,FALSE,,,BSBINN301,FALSE,1,19/10/2020,BSB,Business Services Training Package,FALSE,Future Skills Organisation,,,,,,Skills and Workforce Ministerial Council,,,,,120505,Work Practices Programmes,,,,,,,FALSE,FALSE,,FALSE
41304,PM2 Pty Ltd,ONSHIFT EDUCATION;PM SQUARED,BSBSTR402,Implement continuous improvement,N,Unit of competency,Current,19/10/2020,Current,19/10/2020,,"Deliver and assess , Granted",21/10/2022,06/10/2029,Implicit,FALSE,FALSE,FALSE,FALSE,FALSE,FALSE,FALSE,FALSE,FALSE,,,BSBMGT406;BSBMGT403;BSBCON401,False;True;False,1,19/10/2020,BSB,Business Services Training Package,FALSE,Future Skills Organisation,,,,,,Skills and Workforce Ministerial Council,,,,,80317,Quality Management,,,,,,,FALSE,FALSE,,FALSE
41304,PM2 Pty Ltd,ONSHIFT EDUCATION;PM SQUARED,BSBSUS201,Participate in environmentally sustainable work practices,N,Unit of competency,Superseded,18/10/2020,Superseded,25/03/2015,17/10/2020,"Deliver and assess , Granted",19/04/2024,06/10/2029,Implicit,FALSE,FALSE,FALSE,FALSE,FALSE,FALSE,FALSE,FALSE,FALSE,BSBSUS211,TRUE,BSBSUS201A,TRUE,1,25/03/2015,BSB,Business Services Training Package,FALSE,Future Skills Organisation,,,,,,Skills and Workforce Ministerial Council,,,,,59999,"Agriculture, Environmental And Related Studies, N.e.c.",,,,,,,FALSE,FALSE,,FALSE
41304,PM2 Pty Ltd,ONSHIFT EDUCATION;PM SQUARED,BSBSUS211,Participate in sustainable work practices,N,Unit of competency,Current,19/10/2020,Current,19/10/2020,,"Deliver and assess , Granted",18/08/2023,06/10/2029,Implicit,FALSE,FALSE,FALSE,FALSE,FALSE,FALSE,FALSE,FALSE,FALSE,,,BSBSUS201,TRUE,1,19/10/2020,BSB,Business Services Training Package,FALSE,Future Skills Organisation,,,,,,Skills and Workforce Ministerial Council,,,,,59999,"Agriculture, Environmental And Related Studies, N.e.c.",,,,,,,FALSE,FALSE,,FALSE
41304,PM2 Pty Ltd,ONSHIFT EDUCATION;PM SQUARED,BSBSUS401,Implement and monitor environmentally sustainable work practices,N,Unit of competency,Superseded,18/10/2020,Superseded,14/01/2016,17/10/2020,"Deliver and assess , Granted",19/04/2024,06/10/2029,Implicit,FALSE,FALSE,FALSE,FALSE,FALSE,FALSE,FALSE,FALSE,FALSE,BSBSUS411,TRUE,BSBSUS301,TRUE,1,14/01/2016,BSB,Business Services Training Package,FALSE,Future Skills Organisation,,,,,,Skills and Workforce Ministerial Council,,,,,50999,"Environmental Studies, N.e.c.",,,,,,,FALSE,FALSE,,FALSE
41304,PM2 Pty Ltd,ONSHIFT EDUCATION;PM SQUARED,BSBSUS411,Implement and monitor environmentally sustainable work practices,N,Unit of competency,Current,19/10/2020,Current,19/10/2020,,"Deliver and assess , Granted",21/10/2022,06/10/2029,Implicit,FALSE,FALSE,FALSE,FALSE,FALSE,FALSE,FALSE,FALSE,FALSE,,,BSBSUS406;BSBSUS402;BSBSUS401;BSBSUS403;BSBSUS404;BSBSUS405,False;False;True;False;False;False,1,19/10/2020,BSB,Business Services Training Package,FALSE,Future Skills Organisation,,,,,,Skills and Workforce Ministerial Council,,,,,80301,Business Management,,,,,,,FALSE,FALSE,,FALSE
41304,PM2 Pty Ltd,ONSHIFT EDUCATION;PM SQUARED,BSBSUS412,Develop and implement workplace sustainability plans,N,Unit of competency,Current,19/10/2020,Current,19/10/2020,,"Deliver and assess , Granted",13/10/2023,06/10/2029,Implicit,FALSE,FALSE,FALSE,FALSE,FALSE,FALSE,FALSE,FALSE,FALSE,,,,,1,19/10/2020,BSB,Business Services Training Package,FALSE,Future Skills Organisation,,,,,,Skills and Workforce Ministerial Council,,,,,80301,Business Management,,,,,,,FALSE,FALSE,,FALSE
41304,PM2 Pty Ltd,ONSHIFT EDUCATION;PM SQUARED,BSBTEC101,Operate digital devices,N,Unit of competency,Current,19/10/2020,Current,19/10/2020,,"Deliver and assess , Granted",13/10/2023,06/10/2029,Implicit,FALSE,FALSE,FALSE,FALSE,FALSE,FALSE,FALSE,FALSE,FALSE,,,BSBITU111;BSBITU307;BSBITU112,True;False;False,1,19/10/2020,BSB,Business Services Training Package,FALSE,Future Skills Organisation,,,,,,Skills and Workforce Ministerial Council,,,,,80905,Practical Computing Skills,,,,,,,FALSE,FALSE,,FALSE
41304,PM2 Pty Ltd,ONSHIFT EDUCATION;PM SQUARED,BSBTWK301,Use inclusive work practices,N,Unit of competency,Current,19/10/2020,Current,19/10/2020,,"Deliver and assess , Granted",14/06/2022,06/10/2029,Implicit,FALSE,FALSE,FALSE,FALSE,FALSE,FALSE,FALSE,FALSE,FALSE,,,BSBFLM314;BSBFLM313;BSBEDU304;BSBDIV301,False;False;False;True,1,19/10/2020,BSB,Business Services Training Package,FALSE,Future Skills Organisation,,,,,,Skills and Workforce Ministerial Council,,,,,120505,Work Practices Programmes,,,,,,,FALSE,FALSE,,FALSE
41304,PM2 Pty Ltd,ONSHIFT EDUCATION;PM SQUARED,BSBTWK401,Build and maintain business relationships,N,Unit of competency,Current,19/10/2020,Current,19/10/2020,,"Deliver and assess , Granted",13/10/2023,06/10/2029,Implicit,FALSE,FALSE,FALSE,FALSE,FALSE,FALSE,FALSE,FALSE,FALSE,,,BSBREL401;BSBREL402;BSBSMB411;BSBREL403,True;False;False;False,1,19/10/2020,BSB,Business Services Training Package,FALSE,Future Skills Organisation,,,,,,Skills and Workforce Ministerial Council,,,,,120505,Work Practices Programmes,,,,,,,FALSE,FALSE,,FALSE
41304,PM2 Pty Ltd,ONSHIFT EDUCATION;PM SQUARED,BSBWHS211,Contribute to the health and safety of self and others,N,Unit of competency,Current,19/10/2020,Current,19/10/2020,,"Deliver and assess , Granted",13/10/2023,06/10/2029,Implicit,FALSE,FALSE,FALSE,FALSE,FALSE,FALSE,FALSE,FALSE,FALSE,,,BSBWHS201,TRUE,1,19/10/2020,BSB,Business Services Training Package,FALSE,Future Skills Organisation,,,,,,Skills and Workforce Ministerial Council,,,,,61301,Occupational Health And Safety,,,,,,,FALSE,FALSE,,FALSE
41304,PM2 Pty Ltd,ONSHIFT EDUCATION;PM SQUARED,BSBWHS301,Maintain workplace safety,N,Unit of competency,Superseded,18/10/2020,Superseded,25/03/2015,17/10/2020,"Deliver and assess , Granted",19/04/2024,06/10/2029,Implicit,FALSE,FALSE,FALSE,FALSE,FALSE,FALSE,FALSE,FALSE,FALSE,BSBWHS311,TRUE,BSBWHS301A,TRUE,1,25/03/2015,BSB,Business Services Training Package,FALSE,Future Skills Organisation,,,,,,Skills and Workforce Ministerial Council,,,,,61301,Occupational Health And Safety,,,,,,,FALSE,FALSE,,FALSE
41304,PM2 Pty Ltd,ONSHIFT EDUCATION;PM SQUARED,BSBWHS308,"Participate in WHS hazard identification, risk assessment and risk control processes",N,Unit of competency,Current,30/08/2019,Current,30/08/2019,,"Deliver and assess , Granted",13/10/2023,06/10/2029,Implicit,FALSE,FALSE,FALSE,FALSE,FALSE,FALSE,FALSE,FALSE,FALSE,,,BSBWHS303,TRUE,1,30/08/2019,BSB,Business Services Training Package,FALSE,Future Skills Organisation,,,,,,Skills and Workforce Ministerial Council,,,,,61301,Occupational Health And Safety,,,,,,,FALSE,FALSE,,FALSE
41304,PM2 Pty Ltd,ONSHIFT EDUCATION;PM SQUARED,BSBWHS331,Participate in identifying and controlling hazardous chemicals,N,Unit of competency,Current,30/08/2019,Current,30/08/2019,,"Deliver and assess , Granted",13/10/2023,06/10/2029,Implicit,FALSE,FALSE,FALSE,FALSE,FALSE,FALSE,FALSE,FALSE,FALSE,,,,,1,30/08/2019,BSB,Business Services Training Package,FALSE,Future Skills Organisation,,,,,,Skills and Workforce Ministerial Council,,,,,61301,Occupational Health And Safety,,,,,,,FALSE,FALSE,,FALSE
41304,PM2 Pty Ltd,ONSHIFT EDUCATION;PM SQUARED,BSBWHS332X,Apply infection prevention and control procedures to own work activities,N,Unit of competency,Current,07/07/2020,Current,07/07/2020,,"Deliver and assess , Granted",13/10/2023,06/10/2029,Implicit,FALSE,FALSE,FALSE,FALSE,FALSE,FALSE,FALSE,FALSE,FALSE,,,,,1,07/07/2020,BSB,Business Services Training Package,FALSE,Future Skills Organisation,,,,,,Skills and Workforce Ministerial Council,,,,,61301,Occupational Health And Safety,,,,,,,TRUE,FALSE,,FALSE
41304,PM2 Pty Ltd,ONSHIFT EDUCATION;PM SQUARED,BSBWHS411,"Implement and monitor WHS policies, procedures and programs",N,Unit of competency,Current,19/10/2020,Current,19/10/2020,,"Deliver and assess , Granted",18/08/2023,06/10/2029,Implicit,FALSE,FALSE,FALSE,FALSE,FALSE,FALSE,FALSE,FALSE,FALSE,,,BSBWHS401,TRUE,1,19/10/2020,BSB,Business Services Training Package,FALSE,Future Skills Organisation,,,,,,Skills and Workforce Ministerial Council,,,,,61301,Occupational Health And Safety,,,,,,,FALSE,FALSE,,FALSE
41304,PM2 Pty Ltd,ONSHIFT EDUCATION;PM SQUARED,BSBWHS412,Assist with workplace compliance with WHS laws,N,Unit of competency,Current,30/08/2019,Current,30/08/2019,,"Deliver and assess , Granted",21/10/2022,06/10/2029,Implicit,FALSE,FALSE,FALSE,FALSE,FALSE,FALSE,FALSE,FALSE,FALSE,,,BSBWHS402,TRUE,1,30/08/2019,BSB,Business Services Training Package,FALSE,Future Skills Organisation,,,,,,Skills and Workforce Ministerial Council,,,,,61301,Occupational Health And Safety,,,,,,,FALSE,FALSE,,FALSE
41304,PM2 Pty Ltd,ONSHIFT EDUCATION;PM SQUARED,BSBWHS413,Contribute to implementation and maintenance of WHS consultation and participation processes,N,Unit of competency,Current,30/08/2019,Current,30/08/2019,,"Deliver and assess , Granted",21/10/2022,06/10/2029,Implicit,FALSE,FALSE,FALSE,FALSE,FALSE,FALSE,FALSE,FALSE,FALSE,,,BSBWHS403,TRUE,1,30/08/2019,BSB,Business Services Training Package,FALSE,Future Skills Organisation,,,,,,Skills and Workforce Ministerial Council,,,,,61301,Occupational Health And Safety,,,,,,,FALSE,FALSE,,FALSE
41304,PM2 Pty Ltd,ONSHIFT EDUCATION;PM SQUARED,BSBWHS414,Contribute to WHS risk management,N,Unit of competency,Current,30/08/2019,Current,30/08/2019,,"Deliver and assess , Granted",21/10/2022,06/10/2029,Implicit,FALSE,FALSE,FALSE,FALSE,FALSE,FALSE,FALSE,FALSE,FALSE,,,BSBWHS404,TRUE,1,30/08/2019,BSB,Business Services Training Package,FALSE,Future Skills Organisation,,,,,,Skills and Workforce Ministerial Council,,,,,61301,Occupational Health And Safety,,,,,,,FALSE,FALSE,,FALSE
41304,PM2 Pty Ltd,ONSHIFT EDUCATION;PM SQUARED,BSBWHS415,Contribute to implementing WHS management systems,N,Unit of competency,Current,30/08/2019,Current,30/08/2019,,"Deliver and assess , Granted",21/10/2022,06/10/2029,Implicit,FALSE,FALSE,FALSE,FALSE,FALSE,FALSE,FALSE,FALSE,FALSE,,,BSBWHS405,TRUE,1,30/08/2019,BSB,Business Services Training Package,FALSE,Future Skills Organisation,,,,,,Skills and Workforce Ministerial Council,,,,,61301,Occupational Health And Safety,,,,,,,FALSE,FALSE,,FALSE
41304,PM2 Pty Ltd,ONSHIFT EDUCATION;PM SQUARED,BSBWHS416,Contribute to workplace incident response,N,Unit of competency,Current,30/08/2019,Current,30/08/2019,,"Deliver and assess , Granted",21/10/2022,06/10/2029,Implicit,FALSE,FALSE,FALSE,FALSE,FALSE,FALSE,FALSE,FALSE,FALSE,,,BSBWHS406,TRUE,1,30/08/2019,BSB,Business Services Training Package,FALSE,Future Skills Organisation,,,,,,Skills and Workforce Ministerial Council,,,,,61301,Occupational Health And Safety,,,,,,,FALSE,FALSE,,FALSE
41304,PM2 Pty Ltd,ONSHIFT EDUCATION;PM SQUARED,BSBWHS417,Assist with managing WHS implications of return to work,N,Unit of competency,Current,30/08/2019,Current,30/08/2019,,"Deliver and assess , Granted",21/10/2022,06/10/2029,Implicit,FALSE,FALSE,FALSE,FALSE,FALSE,FALSE,FALSE,FALSE,FALSE,,,BSBWHS407,TRUE,1,30/08/2019,BSB,Business Services Training Package,FALSE,Future Skills Organisation,,,,,,Skills and Workforce Ministerial Council,,,,,61301,Occupational Health And Safety,,,,,,,FALSE,FALSE,,FALSE
41304,PM2 Pty Ltd,ONSHIFT EDUCATION;PM SQUARED,BSBWHS418,Assist with managing WHS compliance of contractors,N,Unit of competency,Current,30/08/2019,Current,30/08/2019,,"Deliver and assess , Granted",21/10/2022,06/10/2029,Implicit,FALSE,FALSE,FALSE,FALSE,FALSE,FALSE,FALSE,FALSE,FALSE,,,BSBWHS408,FALSE,1,30/08/2019,BSB,Business Services Training Package,FALSE,Future Skills Organisation,,,,,,Skills and Workforce Ministerial Council,,,,,61301,Occupational Health And Safety,,,,,,,FALSE,FALSE,,FALSE
41304,PM2 Pty Ltd,ONSHIFT EDUCATION;PM SQUARED,BSBWHS419,Contribute to implementing WHS monitoring processes,N,Unit of competency,Current,30/08/2019,Current,30/08/2019,,"Deliver and assess , Granted",21/10/2022,06/10/2029,Implicit,FALSE,FALSE,FALSE,FALSE,FALSE,FALSE,FALSE,FALSE,FALSE,,,BSBWHS409,TRUE,1,30/08/2019,BSB,Business Services Training Package,FALSE,Future Skills Organisation,,,,,,Skills and Workforce Ministerial Council,,,,,61301,Occupational Health And Safety,,,,,,,TRUE,FALSE,,FALSE
41304,PM2 Pty Ltd,ONSHIFT EDUCATION;PM SQUARED,BSBWHS431,Develop processes and procedures for controlling hazardous chemicals in the workplace,N,Unit of competency,Current,30/08/2019,Current,30/08/2019,,"Deliver and assess , Granted",21/10/2022,06/10/2029,Implicit,FALSE,FALSE,FALSE,FALSE,FALSE,FALSE,FALSE,FALSE,FALSE,,,,,1,30/08/2019,BSB,Business Services Training Package,FALSE,Future Skills Organisation,,,,,,Skills and Workforce Ministerial Council,,,,,61301,Occupational Health And Safety,,,,,,,FALSE,FALSE,,FALSE
41304,PM2 Pty Ltd,ONSHIFT EDUCATION;PM SQUARED,BSBWHS512,Contribute to managing work-related psychological health and safety,N,Unit of competency,Current,30/08/2019,Current,30/08/2019,,"Deliver and assess , Granted",13/10/2023,06/10/2029,Implicit,FALSE,FALSE,FALSE,FALSE,FALSE,FALSE,FALSE,FALSE,FALSE,,,,,1,30/08/2019,BSB,Business Services Training Package,FALSE,Future Skills Organisation,,,,,,Skills and Workforce Ministerial Council,,,,,61301,Occupational Health And Safety,,,,,,,FALSE,FALSE,,FALSE
41304,PM2 Pty Ltd,ONSHIFT EDUCATION;PM SQUARED,BSBWHS521,Ensure a safe workplace for a work area,N,Unit of competency,Current,30/08/2019,Current,30/08/2019,,"Deliver and assess , Granted",13/10/2023,06/10/2029,Implicit,FALSE,FALSE,FALSE,FALSE,FALSE,FALSE,FALSE,FALSE,FALSE,,,BSBWHS501,TRUE,1,30/08/2019,BSB,Business Services Training Package,FALSE,Future Skills Organisation,,,,,,Skills and Workforce Ministerial Council,,,,,61301,Occupational Health And Safety,,,,,,,FALSE,FALSE,,FALSE
41304,PM2 Pty Ltd,ONSHIFT EDUCATION;PM SQUARED,BSBWOR203,Work effectively with others,N,Unit of competency,Superseded,18/10/2020,Superseded,25/03/2015,17/10/2020,"Deliver and assess , Granted",29/08/2024,06/10/2029,Implicit,FALSE,FALSE,FALSE,FALSE,FALSE,FALSE,FALSE,FALSE,FALSE,BSBTWK201,TRUE,BSBWOR203B,TRUE,2,09/04/2015,BSB,Business Services Training Package,FALSE,Future Skills Organisation,,,,,,Skills and Workforce Ministerial Council,,,,,120505,Work Practices Programmes,,,,,,,FALSE,FALSE,,FALSE
41304,PM2 Pty Ltd,ONSHIFT EDUCATION;PM SQUARED,BSBWRT311,Write simple documents,N,Unit of competency,Current,19/10/2020,Current,19/10/2020,,"Deliver and assess , Granted",13/10/2023,06/10/2029,Implicit,FALSE,FALSE,FALSE,FALSE,FALSE,FALSE,FALSE,FALSE,FALSE,,,BSBWRT301,TRUE,1,19/10/2020,BSB,Business Services Training Package,FALSE,Future Skills Organisation,,,,,,Skills and Workforce Ministerial Council,,,,,80901,Secretarial And Clerical Studies,,,,,,,FALSE,FALSE,,FALSE
41304,PM2 Pty Ltd,ONSHIFT EDUCATION;PM SQUARED,BSBWRT411,Write complex documents,N,Unit of competency,Current,19/10/2020,Current,19/10/2020,,"Deliver and assess , Granted",14/06/2022,06/10/2029,Implicit,FALSE,FALSE,FALSE,FALSE,FALSE,FALSE,FALSE,FALSE,FALSE,,,BSBWRT401,TRUE,1,19/10/2020,BSB,Business Services Training Package,FALSE,Future Skills Organisation,,,,,,Skills and Workforce Ministerial Council,,,,,80901,Secretarial And Clerical Studies,,,,,,,FALSE,FALSE,,FALSE
41304,PM2 Pty Ltd,ONSHIFT EDUCATION;PM SQUARED,BSBXCM401,Apply communication strategies in the workplace,N,Unit of competency,Current,21/02/2019,Current,21/02/2019,,"Deliver and assess , Granted",13/10/2023,06/10/2029,Implicit,FALSE,FALSE,FALSE,FALSE,FALSE,FALSE,FALSE,FALSE,FALSE,,,,,2,19/10/2020,BSB,Business Services Training Package,FALSE,Future Skills Organisation,,,,,,Skills and Workforce Ministerial Council,,,,,120505,Work Practices Programmes,,,,,,,FALSE,FALSE,,FALSE
41304,PM2 Pty Ltd,ONSHIFT EDUCATION;PM SQUARED,BSBXTW301,Work in a team,N,Unit of competency,Current,21/02/2019,Current,21/02/2019,,"Deliver and assess , Granted",18/08/2023,06/10/2029,Implicit,FALSE,FALSE,FALSE,FALSE,FALSE,FALSE,FALSE,FALSE,FALSE,,,,,2,30/08/2019,BSB,Business Services Training Package,FALSE,Future Skills Organisation,,,,,,Skills and Workforce Ministerial Council,,,,,120505,Work Practices Programmes,,,,,,,FALSE,FALSE,,FALSE
41304,PM2 Pty Ltd,ONSHIFT EDUCATION;PM SQUARED,BSBXTW401,Lead and facilitate a team,N,Unit of competency,Current,21/02/2019,Current,21/02/2019,,"Deliver and assess , Granted",13/10/2023,06/10/2029,Implicit,FALSE,FALSE,FALSE,FALSE,FALSE,FALSE,FALSE,FALSE,FALSE,,,,,2,19/10/2020,BSB,Business Services Training Package,FALSE,Future Skills Organisation,,,,,,Skills and Workforce Ministerial Council,,,,,120505,Work Practices Programmes,,,,,,,FALSE,FALSE,,FALSE
41304,PM2 Pty Ltd,ONSHIFT EDUCATION;PM SQUARED,CHCCCS020,Respond effectively to behaviours of concern,N,Unit of competency,Current,06/08/2015,Current,06/08/2015,,"Deliver and assess , Granted",18/08/2023,06/10/2029,Implicit,FALSE,FALSE,FALSE,FALSE,FALSE,FALSE,FALSE,FALSE,FALSE,,,HLTCSD306D,FALSE,1,06/08/2015,CHC,Community Services,FALSE,HumanAbility,,,,,,Skills and Workforce Ministerial Council,,,,,90513,Counselling,,,,,,,TRUE,FALSE,,FALSE
41304,PM2 Pty Ltd,ONSHIFT EDUCATION;PM SQUARED,CHCDIV001,Work with diverse people,N,Unit of competency,Current,06/08/2015,Current,06/08/2015,,"Deliver and assess , Granted",13/10/2023,06/10/2029,Implicit,FALSE,FALSE,FALSE,FALSE,FALSE,FALSE,FALSE,FALSE,FALSE,,,HLTHIR403C;CHCCS405A,False;False,1,06/08/2015,CHC,Community Services,FALSE,HumanAbility,,,,,,Skills and Workforce Ministerial Council,,,,,120505,Work Practices Programmes,,,,,,,TRUE,FALSE,,FALSE
41304,PM2 Pty Ltd,ONSHIFT EDUCATION;PM SQUARED,CPCBIM4001,Plan to comply with BIM requirements for construction work,N,Unit of competency,Current,08/01/2021,Current,08/01/2021,,"Deliver and assess , Granted",14/06/2022,06/10/2029,Implicit,FALSE,FALSE,FALSE,FALSE,FALSE,FALSE,FALSE,FALSE,FALSE,,,,,2,24/12/2024,CPC,"Construction, Plumbing and Services Training Package",FALSE,BuildSkills Australia,,,,,,Skills and Workforce Ministerial Council,,,,,40305,Building Surveying,,,,,,,FALSE,FALSE,,FALSE
41304,PM2 Pty Ltd,ONSHIFT EDUCATION;PM SQUARED,CPCBIM4002,Use BIM processes to carry out construction work,N,Unit of competency,Current,08/01/2021,Current,08/01/2021,,"Deliver and assess , Granted",14/06/2022,06/10/2029,Implicit,FALSE,FALSE,FALSE,FALSE,FALSE,FALSE,FALSE,FALSE,FALSE,,,,,2,24/12/2024,CPC,"Construction, Plumbing and Services Training Package",FALSE,BuildSkills Australia,,,,,,Skills and Workforce Ministerial Council,,,,,40305,Building Surveying,,,,,,,FALSE,FALSE,,FALSE
41304,PM2 Pty Ltd,ONSHIFT EDUCATION;PM SQUARED,CPCBIM4003,Contribute to BIM deliverables for construction work,N,Unit of competency,Current,08/01/2021,Current,08/01/2021,,"Deliver and assess , Granted",14/06/2022,06/10/2029,Implicit,FALSE,FALSE,FALSE,FALSE,FALSE,FALSE,FALSE,FALSE,FALSE,,,,,2,24/12/2024,CPC,"Construction, Plumbing and Services Training Package",FALSE,BuildSkills Australia,,,,,,Skills and Workforce Ministerial Council,,,,,40305,Building Surveying,,,,,,,FALSE,FALSE,,FALSE
41304,PM2 Pty Ltd,ONSHIFT EDUCATION;PM SQUARED,CPCCBC4001,Apply building codes and standards to the construction process for Class 1 and 10 buildings,N,Unit of competency,Current,27/11/2020,Current,27/11/2020,,"Deliver and assess , Granted",14/06/2022,06/10/2029,Implicit,FALSE,FALSE,FALSE,FALSE,FALSE,FALSE,FALSE,FALSE,FALSE,,,CPCCBC4001A,FALSE,3,24/12/2024,CPC,"Construction, Plumbing and Services Training Package",FALSE,BuildSkills Australia,,,,,,Skills and Workforce Ministerial Council,,,,,40305,Building Surveying,,,,,,,TRUE,FALSE,,FALSE
41304,PM2 Pty Ltd,ONSHIFT EDUCATION;PM SQUARED,CPCCBC4002,Manage work health and safety in the building and construction workplace,N,Unit of competency,Current,27/11/2020,Current,27/11/2020,,"Deliver and assess , Granted",23/05/2022,06/10/2029,Implicit,FALSE,FALSE,FALSE,FALSE,FALSE,FALSE,FALSE,FALSE,FALSE,,,CPCCBC4002A,TRUE,3,24/12/2024,CPC,"Construction, Plumbing and Services Training Package",FALSE,BuildSkills Australia,,,,,,Skills and Workforce Ministerial Council,,,,,61301,Occupational Health And Safety,,,,,,,TRUE,FALSE,,FALSE
41304,PM2 Pty Ltd,ONSHIFT EDUCATION;PM SQUARED,CPCCBC4003,"Select, prepare and administer a construction contract",N,Unit of competency,Current,27/11/2020,Current,27/11/2020,,"Deliver and assess , Granted",14/06/2022,06/10/2029,Implicit,FALSE,FALSE,FALSE,FALSE,FALSE,FALSE,FALSE,FALSE,FALSE,,,CPCCBC4016A;CPCCBC4003A,False;False,4,24/12/2024,CPC,"Construction, Plumbing and Services Training Package",FALSE,BuildSkills Australia,,,,,,Skills and Workforce Ministerial Council,,,,,40303,Building Construction Management,,,,,,,TRUE,FALSE,,FALSE
41304,PM2 Pty Ltd,ONSHIFT EDUCATION;PM SQUARED,CPCCBC4004,Identify and produce estimated costs for building and construction projects,N,Unit of competency,Current,27/11/2020,Current,27/11/2020,,"Deliver and assess , Granted",23/05/2022,06/10/2029,Implicit,FALSE,FALSE,FALSE,FALSE,FALSE,FALSE,FALSE,FALSE,FALSE,,,CPCCBC4004A,TRUE,2,24/12/2024,CPC,"Construction, Plumbing and Services Training Package",FALSE,BuildSkills Australia,,,,,,Skills and Workforce Ministerial Council,,,,,40307,Building Construction Economics,,,,,,,TRUE,FALSE,,FALSE
41304,PM2 Pty Ltd,ONSHIFT EDUCATION;PM SQUARED,CPCCBC4005,Produce labour and material schedules for ordering,N,Unit of competency,Current,27/11/2020,Current,27/11/2020,,"Deliver and assess , Granted",14/06/2022,06/10/2029,Implicit,FALSE,FALSE,FALSE,FALSE,FALSE,FALSE,FALSE,FALSE,FALSE,,,CPCCBC4005A,TRUE,3,24/12/2024,CPC,"Construction, Plumbing and Services Training Package",FALSE,BuildSkills Australia,,,,,,Skills and Workforce Ministerial Council,,,,,40303,Building Construction Management,,,,,,,TRUE,FALSE,,FALSE
41304,PM2 Pty Ltd,ONSHIFT EDUCATION;PM SQUARED,CPCCBC4006,"Select, procure and store construction materials for building and construction projects",N,Unit of competency,Current,27/11/2020,Current,27/11/2020,,"Deliver and assess , Granted",14/06/2022,06/10/2029,Implicit,FALSE,FALSE,FALSE,FALSE,FALSE,FALSE,FALSE,FALSE,FALSE,,,CPCCBC4006B,TRUE,2,24/12/2024,CPC,"Construction, Plumbing and Services Training Package",FALSE,BuildSkills Australia,,,,,,Skills and Workforce Ministerial Council,,,,,80315,Project Management,,,,,,,TRUE,FALSE,,FALSE
41304,PM2 Pty Ltd,ONSHIFT EDUCATION;PM SQUARED,CPCCBC4007,Plan building and construction work,N,Unit of competency,Current,27/11/2020,Current,27/11/2020,,"Deliver and assess , Granted",14/06/2022,06/10/2029,Implicit,FALSE,FALSE,FALSE,FALSE,FALSE,FALSE,FALSE,FALSE,FALSE,,,CPCCBC4007A,TRUE,3,24/12/2024,CPC,"Construction, Plumbing and Services Training Package",FALSE,BuildSkills Australia,,,,,,Skills and Workforce Ministerial Council,,,,,40303,Building Construction Management,,,,,,,TRUE,FALSE,,FALSE
41304,PM2 Pty Ltd,ONSHIFT EDUCATION;PM SQUARED,CPCCBC4008,Supervise site communication and administration processes for building and construction projects,N,Unit of competency,Current,27/11/2020,Current,27/11/2020,,"Deliver and assess , Granted",23/05/2022,06/10/2029,Implicit,FALSE,FALSE,FALSE,FALSE,FALSE,FALSE,FALSE,FALSE,FALSE,,,CPCCBC4008B,TRUE,6,24/12/2024,CPC,"Construction, Plumbing and Services Training Package",FALSE,BuildSkills Australia,,,,,,Skills and Workforce Ministerial Council,,,,,40303,Building Construction Management,,,,,,,TRUE,FALSE,,FALSE
41304,PM2 Pty Ltd,ONSHIFT EDUCATION;PM SQUARED,CPCCBC4009,Apply legal requirements to building and construction projects,N,Unit of competency,Current,27/11/2020,Current,27/11/2020,,"Deliver and assess , Granted",23/05/2022,06/10/2029,Implicit,FALSE,FALSE,FALSE,FALSE,FALSE,FALSE,FALSE,FALSE,FALSE,,,CPCCBC4009B,TRUE,2,24/12/2024,CPC,"Construction, Plumbing and Services Training Package",FALSE,BuildSkills Australia,,,,,,Skills and Workforce Ministerial Council,,,,,40303,Building Construction Management,,,,,,,FALSE,FALSE,,FALSE
41304,PM2 Pty Ltd,ONSHIFT EDUCATION;PM SQUARED,CPCCBC4010,Apply structural principles to residential and commercial constructions,N,Unit of competency,Current,27/11/2020,Current,27/11/2020,,"Deliver and assess , Granted",14/06/2022,06/10/2029,Implicit,FALSE,FALSE,FALSE,FALSE,FALSE,FALSE,FALSE,FALSE,FALSE,,,CPCCBC4011B;CPCCBC4010B,False;False,3,24/12/2024,CPC,"Construction, Plumbing and Services Training Package",FALSE,BuildSkills Australia,,,,,,Skills and Workforce Ministerial Council,,,,,40301,Building Science And Technology,,,,,,,TRUE,FALSE,,TRUE
41304,PM2 Pty Ltd,ONSHIFT EDUCATION;PM SQUARED,CPCCBC4012,Read and interpret plans and specifications,N,Unit of competency,Current,27/11/2020,Current,27/11/2020,,"Deliver and assess , Granted",23/05/2022,06/10/2029,Implicit,FALSE,FALSE,FALSE,FALSE,FALSE,FALSE,FALSE,FALSE,FALSE,,,CPCCBC4012B,TRUE,2,24/12/2024,CPC,"Construction, Plumbing and Services Training Package",FALSE,BuildSkills Australia,,,,,,Skills and Workforce Ministerial Council,,,,,40301,Building Science And Technology,,,,,,,TRUE,FALSE,,FALSE
41304,PM2 Pty Ltd,ONSHIFT EDUCATION;PM SQUARED,CPCCBC4013,Prepare and evaluate tender documentation,N,Unit of competency,Current,27/11/2020,Current,27/11/2020,,"Deliver and assess , Granted",14/06/2022,06/10/2029,Implicit,FALSE,FALSE,FALSE,FALSE,FALSE,FALSE,FALSE,FALSE,FALSE,,,CPCCBC4013A,TRUE,2,24/12/2024,CPC,"Construction, Plumbing and Services Training Package",FALSE,BuildSkills Australia,,,,,,Skills and Workforce Ministerial Council,,,,,40307,Building Construction Economics,,,,,,,FALSE,FALSE,,FALSE
41304,PM2 Pty Ltd,ONSHIFT EDUCATION;PM SQUARED,CPCCBC4014,Prepare simple building sketches and drawings,N,Unit of competency,Current,27/11/2020,Current,27/11/2020,,"Deliver and assess , Granted",14/06/2022,06/10/2029,Implicit,FALSE,FALSE,FALSE,FALSE,FALSE,FALSE,FALSE,FALSE,FALSE,,,CPCCBC4014A,TRUE,2,24/12/2024,CPC,"Construction, Plumbing and Services Training Package",FALSE,BuildSkills Australia,,,,,,Skills and Workforce Ministerial Council,,,,,40301,Building Science And Technology,,,,,,,TRUE,FALSE,,FALSE
41304,PM2 Pty Ltd,ONSHIFT EDUCATION;PM SQUARED,CPCCBC4015,Prepare specifications for all construction works,N,Unit of competency,Current,27/11/2020,Current,27/11/2020,,"Deliver and assess , Granted",14/06/2022,06/10/2029,Implicit,FALSE,FALSE,FALSE,FALSE,FALSE,FALSE,FALSE,FALSE,FALSE,,,CPCCBC4015A,TRUE,2,24/12/2024,CPC,"Construction, Plumbing and Services Training Package",FALSE,BuildSkills Australia,,,,,,Skills and Workforce Ministerial Council,,,,,40301,Building Science And Technology,,,,,,,FALSE,FALSE,,FALSE
41304,PM2 Pty Ltd,ONSHIFT EDUCATION;PM SQUARED,CPCCBC4017,Arrange resources and prepare for the building and construction project,N,Unit of competency,Current,27/11/2020,Current,27/11/2020,,"Deliver and assess , Granted",14/06/2022,06/10/2029,Implicit,FALSE,FALSE,FALSE,FALSE,FALSE,FALSE,FALSE,FALSE,FALSE,,,CPCCBC4017A,TRUE,2,24/12/2024,CPC,"Construction, Plumbing and Services Training Package",FALSE,BuildSkills Australia,,,,,,Skills and Workforce Ministerial Council,,,,,40303,Building Construction Management,,,,,,,FALSE,FALSE,,FALSE
41304,PM2 Pty Ltd,ONSHIFT EDUCATION;PM SQUARED,CPCCBC4018,Apply site surveys and set-out procedures to building and construction projects,N,Unit of competency,Current,27/11/2020,Current,27/11/2020,,"Deliver and assess , Granted",14/06/2022,06/10/2029,Implicit,FALSE,FALSE,FALSE,FALSE,FALSE,FALSE,FALSE,FALSE,FALSE,,,CPCCBC4018A,TRUE,2,24/12/2024,CPC,"Construction, Plumbing and Services Training Package",FALSE,BuildSkills Australia,,,,,,Skills and Workforce Ministerial Council,,,,,40305,Building Surveying,,,,,,,TRUE,FALSE,,FALSE
41304,PM2 Pty Ltd,ONSHIFT EDUCATION;PM SQUARED,CPCCBC4019,Apply sustainable building design principles to water management systems,N,Unit of competency,Current,27/11/2020,Current,27/11/2020,,"Deliver and assess , Granted",14/06/2022,06/10/2029,Implicit,FALSE,FALSE,FALSE,FALSE,FALSE,FALSE,FALSE,FALSE,FALSE,,,CPCCBC4019A,TRUE,2,24/12/2024,CPC,"Construction, Plumbing and Services Training Package",FALSE,BuildSkills Australia,,,,,,Skills and Workforce Ministerial Council,,,,,40301,Building Science And Technology,,,,,,,FALSE,FALSE,,FALSE
41304,PM2 Pty Ltd,ONSHIFT EDUCATION;PM SQUARED,CPCCBC4020,Build thermally efficient and sustainable structures,N,Unit of competency,Current,27/11/2020,Current,27/11/2020,,"Deliver and assess , Granted",14/06/2022,06/10/2029,Implicit,FALSE,FALSE,FALSE,FALSE,FALSE,FALSE,FALSE,FALSE,FALSE,,,CPCCBC4020A,TRUE,3,24/12/2024,CPC,"Construction, Plumbing and Services Training Package",FALSE,BuildSkills Australia,,,,,,Skills and Workforce Ministerial Council,,,,,40301,Building Science And Technology,,,,,,,FALSE,FALSE,,FALSE
41304,PM2 Pty Ltd,ONSHIFT EDUCATION;PM SQUARED,CPCCBC4021,Minimise waste on the building and construction site,N,Unit of competency,Current,27/11/2020,Current,27/11/2020,,"Deliver and assess , Granted",14/06/2022,06/10/2029,Implicit,FALSE,FALSE,FALSE,FALSE,FALSE,FALSE,FALSE,FALSE,FALSE,,,CPCCBC4021A,TRUE,3,24/12/2024,CPC,"Construction, Plumbing and Services Training Package",FALSE,BuildSkills Australia,,,,,,Skills and Workforce Ministerial Council,,,,,40303,Building Construction Management,,,,,,,FALSE,FALSE,,FALSE
41304,PM2 Pty Ltd,ONSHIFT EDUCATION;PM SQUARED,CPCCBC4022,Supervise tilt-up work,N,Unit of competency,Current,27/11/2020,Current,27/11/2020,,"Deliver and assess , Granted",14/06/2022,06/10/2029,Implicit,FALSE,FALSE,FALSE,FALSE,FALSE,FALSE,FALSE,FALSE,FALSE,,,CPCCBC4022A,TRUE,3,24/12/2024,CPC,"Construction, Plumbing and Services Training Package",FALSE,BuildSkills Australia,,,,,,Skills and Workforce Ministerial Council,,,,,40303,Building Construction Management,,,,,,,FALSE,FALSE,,FALSE
41304,PM2 Pty Ltd,ONSHIFT EDUCATION;PM SQUARED,CPCCBC4024,Resolve business disputes,N,Unit of competency,Current,27/11/2020,Current,27/11/2020,,"Deliver and assess , Granted",23/05/2022,06/10/2029,Implicit,FALSE,FALSE,FALSE,FALSE,FALSE,FALSE,FALSE,FALSE,FALSE,,,CPCCBC4024A,TRUE,2,24/12/2024,CPC,"Construction, Plumbing and Services Training Package",FALSE,BuildSkills Australia,,,,,,Skills and Workforce Ministerial Council,,,,,40303,Building Construction Management,,,,,,,TRUE,FALSE,,FALSE
41304,PM2 Pty Ltd,ONSHIFT EDUCATION;PM SQUARED,CPCCBC4026,Arrange building applications and approvals,N,Unit of competency,Current,27/11/2020,Current,27/11/2020,,"Deliver and assess , Granted",14/06/2022,06/10/2029,Implicit,FALSE,FALSE,FALSE,FALSE,FALSE,FALSE,FALSE,FALSE,FALSE,,,CPCCBC4026A,TRUE,2,24/12/2024,CPC,"Construction, Plumbing and Services Training Package",FALSE,BuildSkills Australia,,,,,,Skills and Workforce Ministerial Council,,,,,40307,Building Construction Economics,,,,,,,TRUE,FALSE,,FALSE
41304,PM2 Pty Ltd,ONSHIFT EDUCATION;PM SQUARED,CPCCBC4028,Prepare design brief for construction works,N,Unit of competency,Current,27/11/2020,Current,27/11/2020,,"Deliver and assess , Granted",14/06/2022,06/10/2029,Implicit,FALSE,FALSE,FALSE,FALSE,FALSE,FALSE,FALSE,FALSE,FALSE,,,CPCCBC4028A,TRUE,2,24/12/2024,CPC,"Construction, Plumbing and Services Training Package",FALSE,BuildSkills Australia,,,,,,Skills and Workforce Ministerial Council,,,,,40303,Building Construction Management,,,,,,,FALSE,FALSE,,FALSE
41304,PM2 Pty Ltd,ONSHIFT EDUCATION;PM SQUARED,CPCCBC4052,Lead and manage teams in the building and construction industry,N,Unit of competency,Current,27/11/2020,Current,27/11/2020,,"Deliver and assess , Granted",14/06/2022,06/10/2029,Implicit,FALSE,FALSE,FALSE,FALSE,FALSE,FALSE,FALSE,FALSE,FALSE,,,,,2,24/12/2024,CPC,"Construction, Plumbing and Services Training Package",FALSE,BuildSkills Australia,,,,,,Skills and Workforce Ministerial Council,,,,,40303,Building Construction Management,,,,,,,FALSE,FALSE,,FALSE
41304,PM2 Pty Ltd,ONSHIFT EDUCATION;PM SQUARED,CPCCBC4053,Apply building codes and standards to the construction process for Class 2 to 9 Type C buildings,N,Unit of competency,Current,27/11/2020,Current,27/11/2020,,"Deliver and assess , Granted",23/05/2022,06/10/2029,Implicit,FALSE,FALSE,FALSE,FALSE,FALSE,FALSE,FALSE,FALSE,FALSE,,,CPCCBC4001A,FALSE,2,24/12/2024,CPC,"Construction, Plumbing and Services Training Package",FALSE,BuildSkills Australia,,,,,,Skills and Workforce Ministerial Council,,,,,40305,Building Surveying,,,,,,,TRUE,FALSE,,FALSE
41304,PM2 Pty Ltd,ONSHIFT EDUCATION;PM SQUARED,CPCCBC5001,Apply building codes and standards to the construction process for Type B construction,N,Unit of competency,Current,27/11/2020,Current,27/11/2020,,"Deliver and assess , Granted",23/05/2022,06/10/2029,Implicit,FALSE,FALSE,FALSE,FALSE,FALSE,FALSE,FALSE,FALSE,FALSE,,,CPCCBC5001B,TRUE,2,24/12/2024,CPC,"Construction, Plumbing and Services Training Package",FALSE,BuildSkills Australia,,,,,,Skills and Workforce Ministerial Council,,,,,40305,Building Surveying,,,,,,,TRUE,FALSE,,FALSE
41304,PM2 Pty Ltd,ONSHIFT EDUCATION;PM SQUARED,CPCCBC5018,Apply structural principles to the construction of buildings up to three storeys,N,Unit of competency,Current,27/11/2020,Current,27/11/2020,,"Deliver and assess , Granted",23/05/2022,06/10/2029,Implicit,FALSE,FALSE,FALSE,FALSE,FALSE,FALSE,FALSE,FALSE,FALSE,,,CPCCBC5018A,TRUE,2,24/12/2024,CPC,"Construction, Plumbing and Services Training Package",FALSE,BuildSkills Australia,,,,,,Skills and Workforce Ministerial Council,,,,,40303,Building Construction Management,,,,,,,TRUE,FALSE,,TRUE
41304,PM2 Pty Ltd,ONSHIFT EDUCATION;PM SQUARED,CPCCBC5019,Manage building and construction business finances,N,Unit of competency,Current,27/11/2020,Current,27/11/2020,,"Deliver and assess , Granted",14/06/2022,06/10/2029,Implicit,FALSE,FALSE,FALSE,FALSE,FALSE,FALSE,FALSE,FALSE,FALSE,,,,,2,24/12/2024,CPC,"Construction, Plumbing and Services Training Package",FALSE,BuildSkills Australia,,,,,,Skills and Workforce Ministerial Council,,,,,40307,Building Construction Economics,,,,,,,FALSE,FALSE,,FALSE
41304,PM2 Pty Ltd,ONSHIFT EDUCATION;PM SQUARED,CPCCBC6014,"Apply structural principles to the construction of large, high-rise and complex buildings",N,Unit of competency,Current,27/11/2020,Current,27/11/2020,,"Deliver and assess , Granted",23/05/2022,06/10/2029,Implicit,FALSE,FALSE,FALSE,FALSE,FALSE,FALSE,FALSE,FALSE,FALSE,,,CPCCBC6014A,TRUE,2,24/12/2024,CPC,"Construction, Plumbing and Services Training Package",FALSE,BuildSkills Australia,,,,,,Skills and Workforce Ministerial Council,,,,,40301,Building Science And Technology,,,,,,,TRUE,FALSE,,FALSE
41304,PM2 Pty Ltd,ONSHIFT EDUCATION;PM SQUARED,CPCCCA2002,Use carpentry tools and equipment,N,Unit of competency,Current,27/11/2020,Current,27/11/2020,,"Deliver and assess , Granted",29/08/2024,06/10/2029,Implicit,FALSE,FALSE,FALSE,FALSE,FALSE,FALSE,FALSE,FALSE,FALSE,,,CPCCCA2002B,TRUE,3,24/12/2024,CPC,"Construction, Plumbing and Services Training Package",FALSE,BuildSkills Australia,,,,,,Skills and Workforce Ministerial Council,,,,,40311,Carpentry And Joinery,,,,,,,FALSE,FALSE,,TRUE
41304,PM2 Pty Ltd,ONSHIFT EDUCATION;PM SQUARED,CPCCCA2011,Handle carpentry materials,N,Unit of competency,Current,27/11/2020,Current,27/11/2020,,"Deliver and assess , Granted",29/08/2024,06/10/2029,Implicit,FALSE,FALSE,FALSE,FALSE,FALSE,FALSE,FALSE,FALSE,FALSE,,,CPCCCA2011A,TRUE,2,24/12/2024,CPC,"Construction, Plumbing and Services Training Package",FALSE,BuildSkills Australia,,,,,,Skills and Workforce Ministerial Council,,,,,40311,Carpentry And Joinery,,,,,,,FALSE,FALSE,,TRUE
41304,PM2 Pty Ltd,ONSHIFT EDUCATION;PM SQUARED,CPCCCA3001,Carry out general demolition of minor building structures,N,Unit of competency,Current,17/01/2019,Current,17/01/2019,,"Deliver and assess , Granted",29/08/2024,06/10/2029,Implicit,FALSE,FALSE,FALSE,FALSE,FALSE,FALSE,FALSE,FALSE,FALSE,,,CPCCCA3001A,TRUE,1,17/01/2019,CPC,"Construction, Plumbing and Services Training Package",FALSE,BuildSkills Australia,,,,,,Skills and Workforce Ministerial Council,,,,,40301,Building Science And Technology,,,,,,,FALSE,FALSE,,TRUE
41304,PM2 Pty Ltd,ONSHIFT EDUCATION;PM SQUARED,CPCCCA3002,Carry out setting out,N,Unit of competency,Current,27/11/2020,Current,27/11/2020,,"Deliver and assess , Granted",14/06/2022,06/10/2029,Implicit,FALSE,FALSE,FALSE,FALSE,FALSE,FALSE,FALSE,FALSE,FALSE,,,CPCCCA3002A,TRUE,2,24/12/2024,CPC,"Construction, Plumbing and Services Training Package",FALSE,BuildSkills Australia,,,,,,Skills and Workforce Ministerial Council,,,,,40311,Carpentry And Joinery,,,,,,,FALSE,FALSE,,TRUE
41304,PM2 Pty Ltd,ONSHIFT EDUCATION;PM SQUARED,CPCCCA3003,Install flooring systems,N,Unit of competency,Current,27/11/2020,Current,27/11/2020,,"Deliver and assess , Granted",29/08/2024,06/10/2029,Implicit,FALSE,FALSE,FALSE,FALSE,FALSE,FALSE,FALSE,FALSE,FALSE,,,CPCCCA3003A,TRUE,2,24/12/2024,CPC,"Construction, Plumbing and Services Training Package",FALSE,BuildSkills Australia,,,,,,Skills and Workforce Ministerial Council,,,,,40313,"Ceiling, Wall And Floor Fixing",,,,,,,FALSE,FALSE,,TRUE
41304,PM2 Pty Ltd,ONSHIFT EDUCATION;PM SQUARED,CPCCCA3004,Construct and erect wall frames,N,Unit of competency,Current,27/11/2020,Current,27/11/2020,,"Deliver and assess , Granted",29/08/2024,06/10/2029,Implicit,FALSE,FALSE,FALSE,FALSE,FALSE,FALSE,FALSE,FALSE,FALSE,,,CPCCCA3004A,TRUE,2,24/12/2024,CPC,"Construction, Plumbing and Services Training Package",FALSE,BuildSkills Australia,,,,,,Skills and Workforce Ministerial Council,,,,,40311,Carpentry And Joinery,,,,,,,FALSE,FALSE,,TRUE
41304,PM2 Pty Ltd,ONSHIFT EDUCATION;PM SQUARED,CPCCCA3005,Construct ceiling frames,N,Unit of competency,Current,27/11/2020,Current,27/11/2020,,"Deliver and assess , Granted",29/08/2024,06/10/2029,Implicit,FALSE,FALSE,FALSE,FALSE,FALSE,FALSE,FALSE,FALSE,FALSE,,,CPCCCA3005B,TRUE,3,24/12/2024,CPC,"Construction, Plumbing and Services Training Package",FALSE,BuildSkills Australia,,,,,,Skills and Workforce Ministerial Council,,,,,40311,Carpentry And Joinery,,,,,,,FALSE,FALSE,,TRUE
41304,PM2 Pty Ltd,ONSHIFT EDUCATION;PM SQUARED,CPCCCA3006,Erect roof trusses,N,Unit of competency,Current,27/11/2020,Current,27/11/2020,,"Deliver and assess , Granted",29/08/2024,06/10/2029,Implicit,FALSE,FALSE,FALSE,FALSE,FALSE,FALSE,FALSE,FALSE,FALSE,,,CPCCCA3006B,TRUE,3,24/12/2024,CPC,"Construction, Plumbing and Services Training Package",FALSE,BuildSkills Australia,,,,,,Skills and Workforce Ministerial Council,,,,,40311,Carpentry And Joinery,,,,,,,FALSE,FALSE,,TRUE
41304,PM2 Pty Ltd,ONSHIFT EDUCATION;PM SQUARED,CPCCCA3007,Construct pitched roofs,N,Unit of competency,Current,27/11/2020,Current,27/11/2020,,"Deliver and assess , Granted",29/08/2024,06/10/2029,Implicit,FALSE,FALSE,FALSE,FALSE,FALSE,FALSE,FALSE,FALSE,FALSE,,,CPCCCA3007C,TRUE,3,24/12/2024,CPC,"Construction, Plumbing and Services Training Package",FALSE,BuildSkills Australia,,,,,,Skills and Workforce Ministerial Council,,,,,40311,Carpentry And Joinery,,,,,,,FALSE,FALSE,,TRUE
41304,PM2 Pty Ltd,ONSHIFT EDUCATION;PM SQUARED,CPCCCA3008,Construct eaves,N,Unit of competency,Current,27/11/2020,Current,27/11/2020,,"Deliver and assess , Granted",29/08/2024,06/10/2029,Implicit,FALSE,FALSE,FALSE,FALSE,FALSE,FALSE,FALSE,FALSE,FALSE,,,CPCCCA3008B,TRUE,2,24/12/2024,CPC,"Construction, Plumbing and Services Training Package",FALSE,BuildSkills Australia,,,,,,Skills and Workforce Ministerial Council,,,,,40311,Carpentry And Joinery,,,,,,,FALSE,FALSE,,TRUE
41304,PM2 Pty Ltd,ONSHIFT EDUCATION;PM SQUARED,CPCCCA3009,Construct advanced roofs,N,Unit of competency,Current,27/11/2020,Current,27/11/2020,,"Deliver and assess , Granted",29/08/2024,06/10/2029,Implicit,FALSE,FALSE,FALSE,FALSE,FALSE,FALSE,FALSE,FALSE,FALSE,,,CPCCCA3009B,TRUE,2,24/12/2024,CPC,"Construction, Plumbing and Services Training Package",FALSE,BuildSkills Australia,,,,,,Skills and Workforce Ministerial Council,,,,,40311,Carpentry And Joinery,,,,,,,FALSE,FALSE,,TRUE
41304,PM2 Pty Ltd,ONSHIFT EDUCATION;PM SQUARED,CPCCCA3010,Install windows and doors,N,Unit of competency,Current,27/11/2020,Current,27/11/2020,,"Deliver and assess , Granted",29/08/2024,06/10/2029,Implicit,FALSE,FALSE,FALSE,FALSE,FALSE,FALSE,FALSE,FALSE,FALSE,,,CPCCCA3010A,TRUE,2,24/12/2024,CPC,"Construction, Plumbing and Services Training Package",FALSE,BuildSkills Australia,,,,,,Skills and Workforce Ministerial Council,,,,,40311,Carpentry And Joinery,,,,,,,FALSE,FALSE,,TRUE
41304,PM2 Pty Ltd,ONSHIFT EDUCATION;PM SQUARED,CPCCCA3011,Refurbish timber sashes to window frames,N,Unit of competency,Current,27/11/2020,Current,27/11/2020,,"Deliver and assess , Granted",29/08/2024,06/10/2029,Implicit,FALSE,FALSE,FALSE,FALSE,FALSE,FALSE,FALSE,FALSE,FALSE,,,CPCCCA3011A,TRUE,3,24/12/2024,CPC,"Construction, Plumbing and Services Training Package",FALSE,BuildSkills Australia,,,,,,Skills and Workforce Ministerial Council,,,,,40311,Carpentry And Joinery,,,,,,,FALSE,FALSE,,TRUE
41304,PM2 Pty Ltd,ONSHIFT EDUCATION;PM SQUARED,CPCCCA3012,Frame and fit wet area fixtures,N,Unit of competency,Current,27/11/2020,Current,27/11/2020,,"Deliver and assess , Granted",29/08/2024,06/10/2029,Implicit,FALSE,FALSE,FALSE,FALSE,FALSE,FALSE,FALSE,FALSE,FALSE,,,CPCCCA3012A,TRUE,2,24/12/2024,CPC,"Construction, Plumbing and Services Training Package",FALSE,BuildSkills Australia,,,,,,Skills and Workforce Ministerial Council,,,,,40311,Carpentry And Joinery,,,,,,,FALSE,FALSE,,TRUE
41304,PM2 Pty Ltd,ONSHIFT EDUCATION;PM SQUARED,CPCCCA3014,Construct and install bulkheads,N,Unit of competency,Current,27/11/2020,Current,27/11/2020,,"Deliver and assess , Granted",29/08/2024,06/10/2029,Implicit,FALSE,FALSE,FALSE,FALSE,FALSE,FALSE,FALSE,FALSE,FALSE,,,CPCCCA3014A,TRUE,2,24/12/2024,CPC,"Construction, Plumbing and Services Training Package",FALSE,BuildSkills Australia,,,,,,Skills and Workforce Ministerial Council,,,,,40311,Carpentry And Joinery,,,,,,,FALSE,FALSE,,TRUE
41304,PM2 Pty Ltd,ONSHIFT EDUCATION;PM SQUARED,CPCCCA3016,"Construct, assemble and install timber external stairs",N,Unit of competency,Current,27/11/2020,Current,27/11/2020,,"Deliver and assess , Granted",29/08/2024,06/10/2029,Implicit,FALSE,FALSE,FALSE,FALSE,FALSE,FALSE,FALSE,FALSE,FALSE,,,CPCCCA3016A,TRUE,2,24/12/2024,CPC,"Construction, Plumbing and Services Training Package",FALSE,BuildSkills Australia,,,,,,Skills and Workforce Ministerial Council,,,,,40311,Carpentry And Joinery,,,,,,,FALSE,FALSE,,TRUE
41304,PM2 Pty Ltd,ONSHIFT EDUCATION;PM SQUARED,CPCCCA3017,Install exterior cladding,N,Unit of competency,Current,27/11/2020,Current,27/11/2020,,"Deliver and assess , Granted",29/08/2024,06/10/2029,Implicit,FALSE,FALSE,FALSE,FALSE,FALSE,FALSE,FALSE,FALSE,FALSE,,,CPCCCA3017B,TRUE,2,24/12/2024,CPC,"Construction, Plumbing and Services Training Package",FALSE,BuildSkills Australia,,,,,,Skills and Workforce Ministerial Council,,,,,40313,"Ceiling, Wall And Floor Fixing",,,,,,,FALSE,FALSE,,TRUE
41304,PM2 Pty Ltd,ONSHIFT EDUCATION;PM SQUARED,CPCCCA3018,"Construct, erect and dismantle formwork for stairs and ramps",N,Unit of competency,Current,27/11/2020,Current,27/11/2020,,"Deliver and assess , Granted",29/08/2024,06/10/2029,Implicit,FALSE,FALSE,FALSE,FALSE,FALSE,FALSE,FALSE,FALSE,FALSE,,,CPCCCA3018A,TRUE,2,24/12/2024,CPC,"Construction, Plumbing and Services Training Package",FALSE,BuildSkills Australia,,,,,,Skills and Workforce Ministerial Council,,,,,40311,Carpentry And Joinery,,,,,,,FALSE,FALSE,,TRUE
41304,PM2 Pty Ltd,ONSHIFT EDUCATION;PM SQUARED,CPCCCA3019,"Erect and dismantle formwork to suspended slabs, columns, beams and walls",N,Unit of competency,Current,27/11/2020,Current,27/11/2020,,"Deliver and assess , Granted",29/08/2024,06/10/2029,Implicit,FALSE,FALSE,FALSE,FALSE,FALSE,FALSE,FALSE,FALSE,FALSE,,,CPCCCA3019A,TRUE,2,24/12/2024,CPC,"Construction, Plumbing and Services Training Package",FALSE,BuildSkills Australia,,,,,,Skills and Workforce Ministerial Council,,,,,40311,Carpentry And Joinery,,,,,,,FALSE,FALSE,,TRUE
41304,PM2 Pty Ltd,ONSHIFT EDUCATION;PM SQUARED,CPCCCA3020,Erect and dismantle jump form formwork,N,Unit of competency,Current,27/11/2020,Current,27/11/2020,,"Deliver and assess , Granted",29/08/2024,06/10/2029,Implicit,FALSE,FALSE,FALSE,FALSE,FALSE,FALSE,FALSE,FALSE,FALSE,,,CPCCCA3020A,TRUE,2,24/12/2024,CPC,"Construction, Plumbing and Services Training Package",FALSE,BuildSkills Australia,,,,,,Skills and Workforce Ministerial Council,,,,,40311,Carpentry And Joinery,,,,,,,FALSE,FALSE,,TRUE
41304,PM2 Pty Ltd,ONSHIFT EDUCATION;PM SQUARED,CPCCCA3022,Install curtain walling,N,Unit of competency,Current,27/11/2020,Current,27/11/2020,,"Deliver and assess , Granted",29/08/2024,06/10/2029,Implicit,FALSE,FALSE,FALSE,FALSE,FALSE,FALSE,FALSE,FALSE,FALSE,,,CPCCCA3022A,TRUE,2,24/12/2024,CPC,"Construction, Plumbing and Services Training Package",FALSE,BuildSkills Australia,,,,,,Skills and Workforce Ministerial Council,,,,,40313,"Ceiling, Wall And Floor Fixing",,,,,,,FALSE,FALSE,,TRUE
41304,PM2 Pty Ltd,ONSHIFT EDUCATION;PM SQUARED,CPCCCA3024,"Install lining, panelling and moulding",N,Unit of competency,Current,27/11/2020,Current,27/11/2020,,"Deliver and assess , Granted",29/08/2024,06/10/2029,Implicit,FALSE,FALSE,FALSE,FALSE,FALSE,FALSE,FALSE,FALSE,FALSE,,,,,2,24/12/2024,CPC,"Construction, Plumbing and Services Training Package",FALSE,BuildSkills Australia,,,,,,Skills and Workforce Ministerial Council,,,,,40311,Carpentry And Joinery,,,,,,,FALSE,FALSE,,TRUE
41304,PM2 Pty Ltd,ONSHIFT EDUCATION;PM SQUARED,CPCCCA3025,"Read and interpret plans, specifications and drawings for carpentry work",N,Unit of competency,Current,27/11/2020,Current,27/11/2020,,"Deliver and assess , Granted",29/08/2024,06/10/2029,Implicit,FALSE,FALSE,FALSE,FALSE,FALSE,FALSE,FALSE,FALSE,FALSE,,,,,3,24/12/2024,CPC,"Construction, Plumbing and Services Training Package",FALSE,BuildSkills Australia,,,,,,Skills and Workforce Ministerial Council,,,,,40301,Building Science And Technology,,,,,,,FALSE,FALSE,,TRUE
41304,PM2 Pty Ltd,ONSHIFT EDUCATION;PM SQUARED,CPCCCA3026,Assemble partitions,N,Unit of competency,Current,27/11/2020,Current,27/11/2020,,"Deliver and assess , Granted",29/08/2024,06/10/2029,Implicit,FALSE,FALSE,FALSE,FALSE,FALSE,FALSE,FALSE,FALSE,FALSE,,,,,2,24/12/2024,CPC,"Construction, Plumbing and Services Training Package",FALSE,BuildSkills Australia,,,,,,Skills and Workforce Ministerial Council,,,,,40311,Carpentry And Joinery,,,,,,,FALSE,FALSE,,TRUE
41304,PM2 Pty Ltd,ONSHIFT EDUCATION;PM SQUARED,CPCCCA3027,"Set up, operate and maintain indirect action powder-actuated power tools",N,Unit of competency,Current,27/11/2020,Current,27/11/2020,,"Deliver and assess , Granted",29/08/2024,06/10/2029,Implicit,FALSE,FALSE,FALSE,FALSE,FALSE,FALSE,FALSE,FALSE,FALSE,,,,,2,24/12/2024,CPC,"Construction, Plumbing and Services Training Package",FALSE,BuildSkills Australia,,,,,,Skills and Workforce Ministerial Council,,,,,30717,Plant And Machine Operations,,,,,,,FALSE,FALSE,,TRUE
41304,PM2 Pty Ltd,ONSHIFT EDUCATION;PM SQUARED,CPCCCA3028,Erect and dismantle formwork for footings and slabs on ground,N,Unit of competency,Current,27/11/2020,Current,27/11/2020,,"Deliver and assess , Granted",14/06/2022,06/10/2029,Implicit,FALSE,FALSE,FALSE,FALSE,FALSE,FALSE,FALSE,FALSE,FALSE,,,CPCCCA2003,FALSE,3,24/12/2024,CPC,"Construction, Plumbing and Services Training Package",FALSE,BuildSkills Australia,,,,,,Skills and Workforce Ministerial Council,,,,,40301,Building Science And Technology,,,,,,,FALSE,FALSE,,TRUE
41304,PM2 Pty Ltd,ONSHIFT EDUCATION;PM SQUARED,CPCCCM1011,Undertake basic estimation and costing,N,Unit of competency,Current,27/11/2020,Current,27/11/2020,,"Deliver and assess , Granted",18/08/2023,06/10/2029,Implicit,FALSE,FALSE,FALSE,FALSE,FALSE,FALSE,FALSE,FALSE,FALSE,,,CPCCCM1011A,TRUE,2,24/12/2024,CPC,"Construction, Plumbing and Services Training Package",FALSE,BuildSkills Australia,,,,,,Skills and Workforce Ministerial Council,,,,,40307,Building Construction Economics,,,,,,,FALSE,FALSE,,FALSE
41304,PM2 Pty Ltd,ONSHIFT EDUCATION;PM SQUARED,CPCCCM1016,Identify requirements for safe tilt-up work,N,Unit of competency,Superseded,26/11/2020,Superseded,17/01/2019,25/11/2020,"Deliver and assess , Granted",14/06/2022,01/12/2026,Implicit,FALSE,FALSE,FALSE,FALSE,FALSE,FALSE,FALSE,FALSE,FALSE,CPCCOM1016,FALSE,CPCCCM1016A,TRUE,1,17/01/2019,CPC,"Construction, Plumbing and Services Training Package",FALSE,BuildSkills Australia,,,,,,Skills and Workforce Ministerial Council,,,,,61301,Occupational Health And Safety,,,,,,,FALSE,FALSE,,FALSE
41304,PM2 Pty Ltd,ONSHIFT EDUCATION;PM SQUARED,CPCCCM2002,Carry out hand excavation,N,Unit of competency,Current,27/11/2020,Current,27/11/2020,,"Deliver and assess , Granted",14/06/2022,06/10/2029,Implicit,FALSE,FALSE,FALSE,FALSE,FALSE,FALSE,FALSE,FALSE,FALSE,,,CPCCCM2002A,TRUE,2,24/12/2024,CPC,"Construction, Plumbing and Services Training Package",FALSE,BuildSkills Australia,,,,,,Skills and Workforce Ministerial Council,,,,,30901,Construction Engineering,,,,,,,FALSE,FALSE,,TRUE
41304,PM2 Pty Ltd,ONSHIFT EDUCATION;PM SQUARED,CPCCCM2004,Handle construction materials,N,Unit of competency,Current,27/11/2020,Current,27/11/2020,,"Deliver and assess , Granted",18/08/2023,06/10/2029,Implicit,FALSE,FALSE,FALSE,FALSE,FALSE,FALSE,FALSE,FALSE,FALSE,,,CPCCCM2004A,TRUE,2,24/12/2024,CPC,"Construction, Plumbing and Services Training Package",FALSE,BuildSkills Australia,,,,,,Skills and Workforce Ministerial Council,,,,,40301,Building Science And Technology,,,,,,,FALSE,FALSE,,TRUE
41304,PM2 Pty Ltd,ONSHIFT EDUCATION;PM SQUARED,CPCCCM2005,Use construction tools and equipment,N,Unit of competency,Current,27/11/2020,Current,27/11/2020,,"Deliver and assess , Granted",18/08/2023,06/10/2029,Implicit,FALSE,FALSE,FALSE,FALSE,FALSE,FALSE,FALSE,FALSE,FALSE,,,CPCCCM2005B,TRUE,2,24/12/2024,CPC,"Construction, Plumbing and Services Training Package",FALSE,BuildSkills Australia,,,,,,Skills and Workforce Ministerial Council,,,,,30717,Plant And Machine Operations,,,,,,,FALSE,FALSE,,TRUE
41304,PM2 Pty Ltd,ONSHIFT EDUCATION;PM SQUARED,CPCCCM2006,Apply basic levelling procedures,N,Unit of competency,Current,09/09/2016,Current,09/09/2016,,"Deliver and assess , Granted",14/06/2022,06/10/2029,Implicit,FALSE,FALSE,FALSE,FALSE,FALSE,FALSE,FALSE,FALSE,FALSE,,,CPCCCM2006B,TRUE,1,09/09/2016,CPC,"Construction, Plumbing and Services Training Package",FALSE,BuildSkills Australia,,,,,,Skills and Workforce Ministerial Council,,,,,40301,Building Science And Technology,,,,,,,FALSE,FALSE,,FALSE
41304,PM2 Pty Ltd,ONSHIFT EDUCATION;PM SQUARED,CPCCCM2007,Use explosive power tools,N,Unit of competency,Current,17/01/2019,Current,17/01/2019,,"Deliver and assess , Granted",14/06/2022,06/10/2029,Implicit,FALSE,FALSE,FALSE,FALSE,FALSE,FALSE,FALSE,FALSE,FALSE,,,CPCCCM2007B,TRUE,2,15/09/2022,CPC,"Construction, Plumbing and Services Training Package",FALSE,BuildSkills Australia,,,,,,Skills and Workforce Ministerial Council,,,,,30717,Plant And Machine Operations,,,,,,,FALSE,FALSE,,TRUE
41304,PM2 Pty Ltd,ONSHIFT EDUCATION;PM SQUARED,CPCCCM2008,Erect and dismantle restricted height scaffolding,N,Unit of competency,Current,17/01/2019,Current,17/01/2019,,"Deliver and assess , Granted",14/06/2022,06/10/2029,Implicit,FALSE,FALSE,FALSE,FALSE,FALSE,FALSE,FALSE,FALSE,FALSE,,,CPCCCM2008B,TRUE,1,17/01/2019,CPC,"Construction, Plumbing and Services Training Package",FALSE,BuildSkills Australia,,,,,,Skills and Workforce Ministerial Council,,,,,40329,Scaffolding And Rigging,,,,,,,FALSE,FALSE,,TRUE
41304,PM2 Pty Ltd,ONSHIFT EDUCATION;PM SQUARED,CPCCCM2012,Work safely at heights,N,Unit of competency,Current,27/11/2020,Current,27/11/2020,,"Deliver and assess , Granted",23/05/2022,06/10/2029,Implicit,FALSE,FALSE,FALSE,FALSE,FALSE,FALSE,FALSE,FALSE,FALSE,,,CPCCCM2010B,TRUE,2,24/12/2024,CPC,"Construction, Plumbing and Services Training Package",FALSE,BuildSkills Australia,,,,,,Skills and Workforce Ministerial Council,,,,,61301,Occupational Health And Safety,,,,,,,FALSE,FALSE,,TRUE
41304,PM2 Pty Ltd,ONSHIFT EDUCATION;PM SQUARED,CPCCCM3001,Operate elevated work platforms up to 11 metres,N,Unit of competency,Current,09/09/2016,Current,09/09/2016,,"Deliver and assess , Granted",23/05/2022,06/10/2029,Implicit,FALSE,FALSE,FALSE,FALSE,FALSE,FALSE,FALSE,FALSE,FALSE,,,CPCCCM3001C,TRUE,2,15/09/2022,CPC,"Construction, Plumbing and Services Training Package",FALSE,BuildSkills Australia,,,,,,Skills and Workforce Ministerial Council,,,,,30717,Plant And Machine Operations,,,,,,,TRUE,FALSE,,FALSE
41304,PM2 Pty Ltd,ONSHIFT EDUCATION;PM SQUARED,CPCCCM3002,Operate a truck-mounted loading crane,N,Unit of competency,Current,27/11/2020,Current,27/11/2020,,"Deliver and assess , Granted",29/08/2024,06/10/2029,Implicit,FALSE,FALSE,FALSE,FALSE,FALSE,FALSE,FALSE,FALSE,FALSE,,,CPCCCM3002A,TRUE,2,24/12/2024,CPC,"Construction, Plumbing and Services Training Package",FALSE,BuildSkills Australia,,,,,,Skills and Workforce Ministerial Council,,,,,30717,Plant And Machine Operations,,,,,,,TRUE,FALSE,,TRUE
41304,PM2 Pty Ltd,ONSHIFT EDUCATION;PM SQUARED,CPCCCM3003,"Work safely around electrical sources, services and assets",N,Unit of competency,Current,09/09/2016,Current,09/09/2016,,"Deliver and assess , Granted",19/04/2024,06/10/2029,Implicit,FALSE,FALSE,FALSE,FALSE,FALSE,FALSE,FALSE,FALSE,FALSE,,,CPCCCM3003A,TRUE,1,09/09/2016,CPC,"Construction, Plumbing and Services Training Package",FALSE,BuildSkills Australia,,,,,,Skills and Workforce Ministerial Council,,,,,61301,Occupational Health And Safety,,,,,,,FALSE,FALSE,,FALSE
41304,PM2 Pty Ltd,ONSHIFT EDUCATION;PM SQUARED,CPCCCM3005,Calculate costs of construction work,N,Unit of competency,Current,09/09/2016,Current,09/09/2016,,"Deliver and assess , Granted",29/08/2024,06/10/2029,Implicit,FALSE,FALSE,FALSE,FALSE,FALSE,FALSE,FALSE,FALSE,FALSE,,,CPCCCM2003B,TRUE,1,09/09/2016,CPC,"Construction, Plumbing and Services Training Package",FALSE,BuildSkills Australia,,,,,,Skills and Workforce Ministerial Council,,,,,40307,Building Construction Economics,,,,,,,FALSE,FALSE,,FALSE
41304,PM2 Pty Ltd,ONSHIFT EDUCATION;PM SQUARED,CPCCCO2013,Carry out concreting to simple forms,N,Unit of competency,Current,27/11/2020,Current,27/11/2020,,"Deliver and assess , Granted",29/08/2024,06/10/2029,Implicit,FALSE,FALSE,FALSE,FALSE,FALSE,FALSE,FALSE,FALSE,FALSE,,,CPCCCO2013A,TRUE,3,24/12/2024,CPC,"Construction, Plumbing and Services Training Package",FALSE,BuildSkills Australia,,,,,,Skills and Workforce Ministerial Council,,,,,40399,"Building, N.e.c.",,,,,,,FALSE,FALSE,,TRUE
41304,PM2 Pty Ltd,ONSHIFT EDUCATION;PM SQUARED,CPCCCO4001,Supervise concreting work,N,Unit of competency,Current,27/11/2020,Current,27/11/2020,,"Deliver and assess , Granted",14/06/2022,06/10/2029,Implicit,FALSE,FALSE,FALSE,FALSE,FALSE,FALSE,FALSE,FALSE,FALSE,,,CPCCCO4001A,TRUE,3,24/12/2024,CPC,"Construction, Plumbing and Services Training Package",FALSE,BuildSkills Australia,,,,,,Skills and Workforce Ministerial Council,,,,,40399,"Building, N.e.c.",,,,,,,FALSE,FALSE,,FALSE
41304,PM2 Pty Ltd,ONSHIFT EDUCATION;PM SQUARED,CPCCDE3014,Remove non-friable asbestos,N,Unit of competency,Current,27/11/2020,Current,27/11/2020,,"Deliver and assess , Granted",23/05/2022,06/10/2029,Implicit,FALSE,FALSE,FALSE,FALSE,FALSE,FALSE,FALSE,FALSE,FALSE,,,CPCCDE3014A,TRUE,2,23/12/2020,CPC,"Construction, Plumbing and Services Training Package",FALSE,BuildSkills Australia,,,,,,Skills and Workforce Ministerial Council,,,,,40399,"Building, N.e.c.",,,,,,,TRUE,FALSE,,TRUE
41304,PM2 Pty Ltd,ONSHIFT EDUCATION;PM SQUARED,CPCCDE3014A,Remove non-friable asbestos,N,Unit of competency,Superseded,26/11/2020,Superseded,29/11/2011,25/11/2020,"Deliver and assess , Granted",19/04/2024,06/10/2029,Implicit,FALSE,FALSE,FALSE,FALSE,FALSE,FALSE,FALSE,FALSE,FALSE,CPCCDE3014,TRUE,,,1,29/11/2011,CPC08,"Construction, Plumbing and Services Training Package",FALSE,BuildSkills Australia,,,,,,Skills and Workforce Ministerial Council,,,,,40399,"Building, N.e.c.",,,,,,,FALSE,FALSE,,FALSE
41304,PM2 Pty Ltd,ONSHIFT EDUCATION;PM SQUARED,CPCCDE3015,Remove friable asbestos,N,Unit of competency,Current,27/11/2020,Current,27/11/2020,,"Deliver and assess , Granted",23/05/2022,06/10/2029,Implicit,FALSE,FALSE,FALSE,FALSE,FALSE,FALSE,FALSE,FALSE,FALSE,,,CPCCDE3015A,TRUE,1,27/11/2020,CPC,"Construction, Plumbing and Services Training Package",FALSE,BuildSkills Australia,,,,,,Skills and Workforce Ministerial Council,,,,,40399,"Building, N.e.c.",,,,,,,TRUE,FALSE,,TRUE
41304,PM2 Pty Ltd,ONSHIFT EDUCATION;PM SQUARED,CPCCDE3016,Identify hazards on demolition sites and apply risk management strategies,N,Unit of competency,Current,27/11/2020,Current,27/11/2020,,"Deliver and assess , Granted",23/05/2022,06/10/2029,Implicit,FALSE,FALSE,FALSE,FALSE,FALSE,FALSE,FALSE,FALSE,FALSE,,,CPCCDE3016A,TRUE,2,24/12/2024,CPC,"Construction, Plumbing and Services Training Package",FALSE,BuildSkills Australia,,,,,,Skills and Workforce Ministerial Council,,,,,61301,Occupational Health And Safety,,,,,,,TRUE,FALSE,,TRUE
41304,PM2 Pty Ltd,ONSHIFT EDUCATION;PM SQUARED,CPCCDE3017,Select and use hand tools and equipment for demolition tasks,N,Unit of competency,Current,27/11/2020,Current,27/11/2020,,"Deliver and assess , Granted",23/05/2022,06/10/2029,Implicit,FALSE,FALSE,FALSE,FALSE,FALSE,FALSE,FALSE,FALSE,FALSE,,,CPCCDE3017A,TRUE,2,24/12/2024,CPC,"Construction, Plumbing and Services Training Package",FALSE,BuildSkills Australia,,,,,,Skills and Workforce Ministerial Council,,,,,30717,Plant And Machine Operations,,,,,,,TRUE,FALSE,,TRUE
41304,PM2 Pty Ltd,ONSHIFT EDUCATION;PM SQUARED,CPCCDE3018,Select and use small plant and equipment for demolition tasks,N,Unit of competency,Current,27/11/2020,Current,27/11/2020,,"Deliver and assess , Granted",23/05/2022,06/10/2029,Implicit,FALSE,FALSE,FALSE,FALSE,FALSE,FALSE,FALSE,FALSE,FALSE,,,CPCCDE3018A,TRUE,2,24/12/2024,CPC,"Construction, Plumbing and Services Training Package",FALSE,BuildSkills Australia,,,,,,Skills and Workforce Ministerial Council,,,,,30717,Plant And Machine Operations,,,,,,,TRUE,FALSE,,TRUE
41304,PM2 Pty Ltd,ONSHIFT EDUCATION;PM SQUARED,CPCCDE3019,Demolish small buildings and structures using hand tools and small plant and equipment,N,Unit of competency,Current,27/11/2020,Current,27/11/2020,,"Deliver and assess , Granted",23/05/2022,06/10/2029,Implicit,FALSE,FALSE,FALSE,FALSE,FALSE,FALSE,FALSE,FALSE,FALSE,,,CPCCDE3019A,TRUE,2,24/12/2024,CPC,"Construction, Plumbing and Services Training Package",FALSE,BuildSkills Australia,,,,,,Skills and Workforce Ministerial Council,,,,,30717,Plant And Machine Operations,,,,,,,TRUE,FALSE,,TRUE
41304,PM2 Pty Ltd,ONSHIFT EDUCATION;PM SQUARED,CPCCDE3020,Select and use tools and equipment for hot work in the demolition industry,N,Unit of competency,Current,27/11/2020,Current,27/11/2020,,"Deliver and assess , Granted",23/05/2022,06/10/2029,Implicit,FALSE,FALSE,FALSE,FALSE,FALSE,FALSE,FALSE,FALSE,FALSE,,,CPCCDE3020A,TRUE,2,24/12/2024,CPC,"Construction, Plumbing and Services Training Package",FALSE,BuildSkills Australia,,,,,,Skills and Workforce Ministerial Council,,,,,30717,Plant And Machine Operations,,,,,,,TRUE,FALSE,,TRUE
41304,PM2 Pty Ltd,ONSHIFT EDUCATION;PM SQUARED,CPCCDE3021,Operate demolition material crushing plants,N,Unit of competency,Current,27/11/2020,Current,27/11/2020,,"Deliver and assess , Granted",23/05/2022,06/10/2029,Implicit,FALSE,FALSE,FALSE,FALSE,FALSE,FALSE,FALSE,FALSE,FALSE,,,CPCCDE3021A,TRUE,2,24/12/2024,CPC,"Construction, Plumbing and Services Training Package",FALSE,BuildSkills Australia,,,,,,Skills and Workforce Ministerial Council,,,,,30717,Plant And Machine Operations,,,,,,,TRUE,FALSE,,TRUE
41304,PM2 Pty Ltd,ONSHIFT EDUCATION;PM SQUARED,CPCCDE3022,Manage demolition recyclable waste materials and contaminated soil using load shifting equipment,N,Unit of competency,Current,27/11/2020,Current,27/11/2020,,"Deliver and assess , Granted",23/05/2022,06/10/2029,Implicit,FALSE,FALSE,FALSE,FALSE,FALSE,FALSE,FALSE,FALSE,FALSE,,,CPCCDE3022A,TRUE,2,24/12/2024,CPC,"Construction, Plumbing and Services Training Package",FALSE,BuildSkills Australia,,,,,,Skills and Workforce Ministerial Council,,,,,30717,Plant And Machine Operations,,,,,,,TRUE,FALSE,,FALSE
41304,PM2 Pty Ltd,ONSHIFT EDUCATION;PM SQUARED,CPCCDE3023,Operate skid steer loaders at ground level on demolition sites,N,Unit of competency,Current,27/11/2020,Current,27/11/2020,,"Deliver and assess , Granted",23/05/2022,06/10/2029,Implicit,FALSE,FALSE,FALSE,FALSE,FALSE,FALSE,FALSE,FALSE,FALSE,,,CPCCDE3023A,TRUE,2,24/12/2024,CPC,"Construction, Plumbing and Services Training Package",FALSE,BuildSkills Australia,,,,,,Skills and Workforce Ministerial Council,,,,,30717,Plant And Machine Operations,,,,,,,TRUE,FALSE,,FALSE
41304,PM2 Pty Ltd,ONSHIFT EDUCATION;PM SQUARED,CPCCDE3024,Operate mobile plant on suspended floors on demolition sites,N,Unit of competency,Current,27/11/2020,Current,27/11/2020,,"Deliver and assess , Granted",23/05/2022,06/10/2029,Implicit,FALSE,FALSE,FALSE,FALSE,FALSE,FALSE,FALSE,FALSE,FALSE,,,CPCCDE3024A,TRUE,3,24/12/2024,CPC,"Construction, Plumbing and Services Training Package",FALSE,BuildSkills Australia,,,,,,Skills and Workforce Ministerial Council,,,,,30717,Plant And Machine Operations,,,,,,,TRUE,FALSE,,FALSE
41304,PM2 Pty Ltd,ONSHIFT EDUCATION;PM SQUARED,CPCCDE3025,Operate remote-controlled plant on demolition sites,N,Unit of competency,Current,27/11/2020,Current,27/11/2020,,"Deliver and assess , Granted",23/05/2022,06/10/2029,Implicit,FALSE,FALSE,FALSE,FALSE,FALSE,FALSE,FALSE,FALSE,FALSE,,,CPCCDE3025A,TRUE,3,24/12/2024,CPC,"Construction, Plumbing and Services Training Package",FALSE,BuildSkills Australia,,,,,,Skills and Workforce Ministerial Council,,,,,30717,Plant And Machine Operations,,,,,,,TRUE,FALSE,,FALSE
41304,PM2 Pty Ltd,ONSHIFT EDUCATION;PM SQUARED,CPCCDE3026,Operate excavators at ground level to demolish building elements,N,Unit of competency,Current,27/11/2020,Current,27/11/2020,,"Deliver and assess , Granted",23/05/2022,06/10/2029,Implicit,FALSE,FALSE,FALSE,FALSE,FALSE,FALSE,FALSE,FALSE,FALSE,,,CPCCDE3026A,TRUE,3,24/12/2024,CPC,"Construction, Plumbing and Services Training Package",FALSE,BuildSkills Australia,,,,,,Skills and Workforce Ministerial Council,,,,,30717,Plant And Machine Operations,,,,,,,TRUE,FALSE,,FALSE
41304,PM2 Pty Ltd,ONSHIFT EDUCATION;PM SQUARED,CPCCDE3027,Read and interpret demolition site plans and drawings,N,Unit of competency,Current,27/11/2020,Current,27/11/2020,,"Deliver and assess , Granted",23/05/2022,06/10/2029,Implicit,FALSE,FALSE,FALSE,FALSE,FALSE,FALSE,FALSE,FALSE,FALSE,,,,,2,24/12/2024,CPC,"Construction, Plumbing and Services Training Package",FALSE,BuildSkills Australia,,,,,,Skills and Workforce Ministerial Council,,,,,40301,Building Science And Technology,,,,,,,TRUE,FALSE,,FALSE
41304,PM2 Pty Ltd,ONSHIFT EDUCATION;PM SQUARED,CPCCDE4001,Plan and prepare for activities on demolition sites,N,Unit of competency,Current,27/11/2020,Current,27/11/2020,,"Deliver and assess , Granted",23/05/2022,06/10/2029,Implicit,FALSE,FALSE,FALSE,FALSE,FALSE,FALSE,FALSE,FALSE,FALSE,,,CPCCDE4001A,TRUE,2,24/12/2024,CPC,"Construction, Plumbing and Services Training Package",FALSE,BuildSkills Australia,,,,,,Skills and Workforce Ministerial Council,,,,,40303,Building Construction Management,,,,,,,TRUE,FALSE,,FALSE
41304,PM2 Pty Ltd,ONSHIFT EDUCATION;PM SQUARED,CPCCDE4002,"Plan demolition work to minimise risk to health, safety and environment",N,Unit of competency,Current,27/11/2020,Current,27/11/2020,,"Deliver and assess , Granted",23/05/2022,06/10/2029,Implicit,FALSE,FALSE,FALSE,FALSE,FALSE,FALSE,FALSE,FALSE,FALSE,,,CPCCDE4002A,TRUE,2,24/12/2024,CPC,"Construction, Plumbing and Services Training Package",FALSE,BuildSkills Australia,,,,,,Skills and Workforce Ministerial Council,,,,,39901,Environmental Engineering,,,,,,,TRUE,FALSE,,FALSE
41304,PM2 Pty Ltd,ONSHIFT EDUCATION;PM SQUARED,CPCCDE4003,Supervise operational activities on demolition sites,N,Unit of competency,Current,27/11/2020,Current,27/11/2020,,"Deliver and assess , Granted",23/05/2022,06/10/2029,Implicit,FALSE,FALSE,FALSE,FALSE,FALSE,FALSE,FALSE,FALSE,FALSE,,,CPCCDE4003A,TRUE,2,24/12/2024,CPC,"Construction, Plumbing and Services Training Package",FALSE,BuildSkills Australia,,,,,,Skills and Workforce Ministerial Council,,,,,30717,Plant And Machine Operations,,,,,,,TRUE,FALSE,,FALSE
41304,PM2 Pty Ltd,ONSHIFT EDUCATION;PM SQUARED,CPCCDE4004,Finalise demolition activities and supervise property handover,N,Unit of competency,Current,27/11/2020,Current,27/11/2020,,"Deliver and assess , Granted",23/05/2022,06/10/2029,Implicit,FALSE,FALSE,FALSE,FALSE,FALSE,FALSE,FALSE,FALSE,FALSE,,,CPCCDE4004A,TRUE,2,24/12/2024,CPC,"Construction, Plumbing and Services Training Package",FALSE,BuildSkills Australia,,,,,,Skills and Workforce Ministerial Council,,,,,39999,"Engineering And Related Technologies, N.e.c.",,,,,,,TRUE,FALSE,,FALSE
41304,PM2 Pty Ltd,ONSHIFT EDUCATION;PM SQUARED,CPCCDE4005,Apply structural principles to the planning of the demolition of a structure,N,Unit of competency,Current,27/11/2020,Current,27/11/2020,,"Deliver and assess , Granted",23/05/2022,06/10/2029,Implicit,FALSE,FALSE,FALSE,FALSE,FALSE,FALSE,FALSE,FALSE,FALSE,,,,,2,24/12/2024,CPC,"Construction, Plumbing and Services Training Package",FALSE,BuildSkills Australia,,,,,,Skills and Workforce Ministerial Council,,,,,30903,Structural Engineering,,,,,,,TRUE,FALSE,,FALSE
41304,PM2 Pty Ltd,ONSHIFT EDUCATION;PM SQUARED,CPCCDE4006,Demolish stressed panel structure and pre-cast panel structure,N,Unit of competency,Current,27/11/2020,Current,27/11/2020,,"Deliver and assess , Granted",23/05/2022,06/10/2029,Implicit,FALSE,FALSE,FALSE,FALSE,FALSE,FALSE,FALSE,FALSE,FALSE,,,,,2,24/12/2024,CPC,"Construction, Plumbing and Services Training Package",FALSE,BuildSkills Australia,,,,,,Skills and Workforce Ministerial Council,,,,,30903,Structural Engineering,,,,,,,TRUE,FALSE,,TRUE
41304,PM2 Pty Ltd,ONSHIFT EDUCATION;PM SQUARED,CPCCDE4007,Manage waste streams,N,Unit of competency,Current,27/11/2020,Current,27/11/2020,,"Deliver and assess , Granted",23/05/2022,06/10/2029,Implicit,FALSE,FALSE,FALSE,FALSE,FALSE,FALSE,FALSE,FALSE,FALSE,,,,,2,24/12/2024,CPC,"Construction, Plumbing and Services Training Package",FALSE,BuildSkills Australia,,,,,,Skills and Workforce Ministerial Council,,,,,39901,Environmental Engineering,,,,,,,TRUE,FALSE,,FALSE
41304,PM2 Pty Ltd,ONSHIFT EDUCATION;PM SQUARED,CPCCDE4008,Supervise asbestos removal,N,Unit of competency,Current,27/11/2020,Current,27/11/2020,,"Deliver and assess , Granted",23/05/2022,06/10/2029,Implicit,FALSE,FALSE,FALSE,FALSE,FALSE,FALSE,FALSE,FALSE,FALSE,,,CPCCBC4051A,TRUE,2,09/12/2021,CPC,"Construction, Plumbing and Services Training Package",FALSE,BuildSkills Australia,,,,,,Skills and Workforce Ministerial Council,,,,,40399,"Building, N.e.c.",,,,,,,TRUE,FALSE,,TRUE
41304,PM2 Pty Ltd,ONSHIFT EDUCATION;PM SQUARED,CPCCDE5001,Conduct air monitoring and clearance inspections for asbestos removal work,N,Unit of competency,Current,27/11/2020,Current,27/11/2020,,"Deliver and assess , Granted",23/05/2022,06/10/2029,Implicit,FALSE,FALSE,FALSE,FALSE,FALSE,FALSE,FALSE,FALSE,FALSE,,,CPCCBC5014A,TRUE,1,27/11/2020,CPC,"Construction, Plumbing and Services Training Package",FALSE,BuildSkills Australia,,,,,,Skills and Workforce Ministerial Council,,,,,40399,"Building, N.e.c.",,,,,,,TRUE,FALSE,,FALSE
41304,PM2 Pty Ltd,ONSHIFT EDUCATION;PM SQUARED,CPCCDO3012,Perform crane scheduling,N,Unit of competency,Current,27/11/2020,Current,27/11/2020,,"Deliver and assess , Granted",19/04/2024,06/10/2029,Implicit,FALSE,FALSE,FALSE,FALSE,FALSE,FALSE,FALSE,FALSE,FALSE,,,CPCCDO3012A,TRUE,2,24/12/2024,CPC,"Construction, Plumbing and Services Training Package",FALSE,BuildSkills Australia,,,,,,Skills and Workforce Ministerial Council,,,,,30717,Plant And Machine Operations,,,,,,,TRUE,FALSE,,TRUE
41304,PM2 Pty Ltd,ONSHIFT EDUCATION;PM SQUARED,CPCCJN3003,"Manufacture components for doors, windows and frames",N,Unit of competency,Current,27/11/2020,Current,27/11/2020,,"Deliver and assess , Granted",29/08/2024,06/10/2029,Implicit,FALSE,FALSE,FALSE,FALSE,FALSE,FALSE,FALSE,FALSE,FALSE,,,CPCCJN3003A,TRUE,3,24/12/2024,CPC,"Construction, Plumbing and Services Training Package",FALSE,BuildSkills Australia,,,,,,Skills and Workforce Ministerial Council,,,,,30101,Manufacturing Engineering,,,,,,,FALSE,FALSE,,TRUE
41304,PM2 Pty Ltd,ONSHIFT EDUCATION;PM SQUARED,CPCCJN3004,Manufacture and assemble joinery components,N,Unit of competency,Current,27/11/2020,Current,27/11/2020,,"Deliver and assess , Granted",29/08/2024,06/10/2029,Implicit,FALSE,FALSE,FALSE,FALSE,FALSE,FALSE,FALSE,FALSE,FALSE,,,CPCCJN3004A,TRUE,3,24/12/2024,CPC,"Construction, Plumbing and Services Training Package",FALSE,BuildSkills Australia,,,,,,Skills and Workforce Ministerial Council,,,,,30101,Manufacturing Engineering,,,,,,,FALSE,FALSE,,TRUE
41304,PM2 Pty Ltd,ONSHIFT EDUCATION;PM SQUARED,CPCCJN3100,Process materials to produce components using static machines,N,Unit of competency,Current,27/11/2020,Current,27/11/2020,,"Deliver and assess , Granted",29/08/2024,06/10/2029,Implicit,FALSE,FALSE,FALSE,FALSE,FALSE,FALSE,FALSE,FALSE,FALSE,,,CPCCJN3001,TRUE,2,24/12/2024,CPC,"Construction, Plumbing and Services Training Package",FALSE,BuildSkills Australia,,,,,,Skills and Workforce Ministerial Council,,,,,30717,Plant And Machine Operations,,,,,,,FALSE,FALSE,,TRUE
41304,PM2 Pty Ltd,ONSHIFT EDUCATION;PM SQUARED,CPCCLBM3001,Licence to operate a concrete placing boom,N,Unit of competency,Current,05/06/2015,Current,05/06/2015,,"Deliver and assess , Granted",14/06/2022,06/10/2029,Implicit,FALSE,FALSE,FALSE,FALSE,FALSE,FALSE,FALSE,FALSE,FALSE,,,CPCCLBM3001A,FALSE,1,05/06/2015,CPC,"Construction, Plumbing and Services Training Package",FALSE,BuildSkills Australia,,,,,,Skills and Workforce Ministerial Council,,,,,40399,"Building, N.e.c.",,,,,,,TRUE,FALSE,,FALSE
41304,PM2 Pty Ltd,ONSHIFT EDUCATION;PM SQUARED,CPCCLDG3001,Licence to perform dogging,N,Unit of competency,Current,27/11/2020,Current,27/11/2020,,"Deliver and assess , Granted",23/05/2022,06/10/2029,Implicit,FALSE,FALSE,FALSE,FALSE,FALSE,FALSE,FALSE,FALSE,FALSE,,,CPCCLDG3001A,TRUE,3,24/12/2024,CPC,"Construction, Plumbing and Services Training Package",FALSE,BuildSkills Australia,,,,,,Skills and Workforce Ministerial Council,,,,,40399,"Building, N.e.c.",,,,,,,TRUE,FALSE,,FALSE
41304,PM2 Pty Ltd,ONSHIFT EDUCATION;PM SQUARED,CPCCLDG3001A,Licence to perform dogging,N,Unit of competency,Superseded,26/11/2020,Superseded,15/06/2010,25/11/2020,"Deliver and assess , Granted",14/06/2022,06/10/2029,Implicit,FALSE,FALSE,FALSE,FALSE,FALSE,FALSE,FALSE,FALSE,FALSE,CPCCLDG3001,TRUE,,,1,15/06/2010,CPC08,"Construction, Plumbing and Services Training Package",FALSE,BuildSkills Australia,,,,,,Skills and Workforce Ministerial Council,,,,,40399,"Building, N.e.c.",,,,,,,FALSE,FALSE,,FALSE
41304,PM2 Pty Ltd,ONSHIFT EDUCATION;PM SQUARED,CPCCLHS3001,Licence to operate a personnel and materials hoist,N,Unit of competency,Current,27/11/2020,Current,27/11/2020,,"Deliver and assess , Granted",23/05/2022,06/10/2029,Implicit,FALSE,FALSE,FALSE,FALSE,FALSE,FALSE,FALSE,FALSE,FALSE,,,CPCCLHS3001A,TRUE,2,24/12/2024,CPC,"Construction, Plumbing and Services Training Package",FALSE,BuildSkills Australia,,,,,,Skills and Workforce Ministerial Council,,,,,40329,Scaffolding And Rigging,,,,,,,TRUE,FALSE,,FALSE
41304,PM2 Pty Ltd,ONSHIFT EDUCATION;PM SQUARED,CPCCLRG3001,Licence to perform rigging basic level,N,Unit of competency,Current,27/11/2020,Current,27/11/2020,,"Deliver and assess , Granted",23/05/2022,06/10/2029,Implicit,FALSE,FALSE,FALSE,FALSE,FALSE,FALSE,FALSE,FALSE,FALSE,,,CPCCLRG3001A,TRUE,3,24/12/2024,CPC,"Construction, Plumbing and Services Training Package",FALSE,BuildSkills Australia,,,,,,Skills and Workforce Ministerial Council,,,,,40329,Scaffolding And Rigging,,,,,,,TRUE,FALSE,,TRUE
41304,PM2 Pty Ltd,ONSHIFT EDUCATION;PM SQUARED,CPCCLRG3001A,Licence to perform rigging basic level,N,Unit of competency,Superseded,26/11/2020,Superseded,15/06/2010,25/11/2020,"Deliver and assess , Granted",18/08/2023,06/10/2029,Implicit,FALSE,FALSE,FALSE,FALSE,FALSE,FALSE,FALSE,FALSE,FALSE,CPCCLRG3001,TRUE,,,1,15/06/2010,CPC08,"Construction, Plumbing and Services Training Package",FALSE,BuildSkills Australia,,,,,,Skills and Workforce Ministerial Council,,,,,40329,Scaffolding And Rigging,,,,,,,FALSE,FALSE,,FALSE
41304,PM2 Pty Ltd,ONSHIFT EDUCATION;PM SQUARED,CPCCLRG3002,Licence to perform rigging intermediate level,N,Unit of competency,Current,27/11/2020,Current,27/11/2020,,"Deliver and assess , Granted",23/05/2022,06/10/2029,Implicit,FALSE,FALSE,FALSE,FALSE,FALSE,FALSE,FALSE,FALSE,FALSE,,,CPCCLRG3002A,TRUE,3,24/12/2024,CPC,"Construction, Plumbing and Services Training Package",FALSE,BuildSkills Australia,,,,,,Skills and Workforce Ministerial Council,,,,,40329,Scaffolding And Rigging,,,,,,,TRUE,FALSE,,TRUE
41304,PM2 Pty Ltd,ONSHIFT EDUCATION;PM SQUARED,CPCCLSF2001,"Licence to erect, alter and dismantle scaffolding basic level",N,Unit of competency,Current,27/11/2020,Current,27/11/2020,,"Deliver and assess , Granted",23/05/2022,06/10/2029,Implicit,FALSE,FALSE,FALSE,FALSE,FALSE,FALSE,FALSE,FALSE,FALSE,,,CPCCLSF2001A,TRUE,3,24/12/2024,CPC,"Construction, Plumbing and Services Training Package",FALSE,BuildSkills Australia,,,,,,Skills and Workforce Ministerial Council,,,,,40329,Scaffolding And Rigging,,,,,,,TRUE,FALSE,,FALSE
41304,PM2 Pty Ltd,ONSHIFT EDUCATION;PM SQUARED,CPCCLSF2001A,"Licence to erect, alter and dismantle scaffolding basic level",N,Unit of competency,Superseded,26/11/2020,Superseded,19/05/2011,25/11/2020,"Deliver and assess , Granted",14/06/2022,06/10/2029,Implicit,FALSE,FALSE,FALSE,FALSE,FALSE,FALSE,FALSE,FALSE,FALSE,CPCCLSF2001,TRUE,,,1,19/05/2011,CPC08,"Construction, Plumbing and Services Training Package",FALSE,BuildSkills Australia,,,,,,Skills and Workforce Ministerial Council,,,,,40329,Scaffolding And Rigging,,,,,,,FALSE,FALSE,,FALSE
41304,PM2 Pty Ltd,ONSHIFT EDUCATION;PM SQUARED,CPCCLSF3001,"Licence to erect, alter and dismantle scaffolding intermediate level",N,Unit of competency,Current,27/11/2020,Current,27/11/2020,,"Deliver and assess , Granted",23/05/2022,06/10/2029,Implicit,FALSE,FALSE,FALSE,FALSE,FALSE,FALSE,FALSE,FALSE,FALSE,,,CPCCLSF3001A,TRUE,3,24/12/2024,CPC,"Construction, Plumbing and Services Training Package",FALSE,BuildSkills Australia,,,,,,Skills and Workforce Ministerial Council,,,,,40329,Scaffolding And Rigging,,,,,,,TRUE,FALSE,,TRUE
41304,PM2 Pty Ltd,ONSHIFT EDUCATION;PM SQUARED,CPCCLSF3001A,"Licence to erect, alter and dismantle scaffolding intermediate level",N,Unit of competency,Superseded,26/11/2020,Superseded,19/05/2011,25/11/2020,"Deliver and assess , Granted",13/10/2023,06/10/2029,Implicit,FALSE,FALSE,FALSE,FALSE,FALSE,FALSE,FALSE,FALSE,FALSE,CPCCLSF3001,TRUE,,,1,19/05/2011,CPC08,"Construction, Plumbing and Services Training Package",FALSE,BuildSkills Australia,,,,,,Skills and Workforce Ministerial Council,,,,,40329,Scaffolding And Rigging,,,,,,,FALSE,FALSE,,FALSE
41304,PM2 Pty Ltd,ONSHIFT EDUCATION;PM SQUARED,CPCCLSF4001,"Licence to erect, alter and dismantle scaffolding advanced level",N,Unit of competency,Current,27/11/2020,Current,27/11/2020,,"Deliver and assess , Granted",23/05/2022,06/10/2029,Implicit,FALSE,FALSE,FALSE,FALSE,FALSE,FALSE,FALSE,FALSE,FALSE,,,CPCCLSF4001A,TRUE,4,24/12/2024,CPC,"Construction, Plumbing and Services Training Package",FALSE,BuildSkills Australia,,,,,,Skills and Workforce Ministerial Council,,,,,40329,Scaffolding And Rigging,,,,,,,TRUE,FALSE,,TRUE
41304,PM2 Pty Ltd,ONSHIFT EDUCATION;PM SQUARED,CPCCLTC4001,Licence to operate a tower crane,N,Unit of competency,Current,27/11/2020,Current,27/11/2020,,"Deliver and assess , Granted",19/04/2024,06/10/2029,Implicit,FALSE,FALSE,FALSE,FALSE,FALSE,FALSE,FALSE,FALSE,FALSE,,,CPCCLTC4001A,TRUE,3,24/12/2024,CPC,"Construction, Plumbing and Services Training Package",FALSE,BuildSkills Australia,,,,,,Skills and Workforce Ministerial Council,,,,,40399,"Building, N.e.c.",,,,,,,TRUE,FALSE,,FALSE
41304,PM2 Pty Ltd,ONSHIFT EDUCATION;PM SQUARED,CPCCLTC4002,Licence to operate a self-erecting tower crane,N,Unit of competency,Current,27/11/2020,Current,27/11/2020,,"Deliver and assess , Granted",19/04/2024,06/10/2029,Implicit,FALSE,FALSE,FALSE,FALSE,FALSE,FALSE,FALSE,FALSE,FALSE,,,CPCCLTC4002A,TRUE,3,24/12/2024,CPC,"Construction, Plumbing and Services Training Package",FALSE,BuildSkills Australia,,,,,,Skills and Workforce Ministerial Council,,,,,40399,"Building, N.e.c.",,,,,,,TRUE,FALSE,,FALSE
41304,PM2 Pty Ltd,ONSHIFT EDUCATION;PM SQUARED,CPCCOHS1001A,Work safely in the construction industry,N,Unit of competency,Superseded,08/12/2016,Superseded,11/05/2009,07/12/2016,"Deliver and assess , Granted",19/04/2024,06/10/2029,Implicit,FALSE,FALSE,FALSE,FALSE,FALSE,FALSE,FALSE,FALSE,FALSE,CPCCWHS1001,TRUE,,,1,11/05/2009,CPC08,"Construction, Plumbing and Services Training Package",FALSE,BuildSkills Australia,,,,,,Skills and Workforce Ministerial Council,,,,,61301,Occupational Health And Safety,,,,,,,FALSE,FALSE,,FALSE
41304,PM2 Pty Ltd,ONSHIFT EDUCATION;PM SQUARED,CPCCOM1012,Work effectively and sustainably in the construction industry,N,Unit of competency,Current,27/11/2020,Current,27/11/2020,,"Deliver and assess , Granted",14/06/2022,06/10/2029,Implicit,FALSE,FALSE,FALSE,FALSE,FALSE,FALSE,FALSE,FALSE,FALSE,,,CPCCCM1012,TRUE,3,24/12/2024,CPC,"Construction, Plumbing and Services Training Package",FALSE,BuildSkills Australia,,,,,,Skills and Workforce Ministerial Council,,,,,120505,Work Practices Programmes,,,,,,,FALSE,FALSE,,FALSE
41304,PM2 Pty Ltd,ONSHIFT EDUCATION;PM SQUARED,CPCCOM1013,Plan and organise work,N,Unit of competency,Current,27/11/2020,Current,27/11/2020,,"Deliver and assess , Granted",14/06/2022,06/10/2029,Implicit,FALSE,FALSE,FALSE,FALSE,FALSE,FALSE,FALSE,FALSE,FALSE,,,CPCCCM1013,TRUE,3,24/12/2024,CPC,"Construction, Plumbing and Services Training Package",FALSE,BuildSkills Australia,,,,,,Skills and Workforce Ministerial Council,,,,,120505,Work Practices Programmes,,,,,,,FALSE,FALSE,,FALSE
41304,PM2 Pty Ltd,ONSHIFT EDUCATION;PM SQUARED,CPCCOM1014,Conduct workplace communication,N,Unit of competency,Current,27/11/2020,Current,27/11/2020,,"Deliver and assess , Granted",14/06/2022,06/10/2029,Implicit,FALSE,FALSE,FALSE,FALSE,FALSE,FALSE,FALSE,FALSE,FALSE,,,CPCCCM1014,TRUE,4,24/12/2024,CPC,"Construction, Plumbing and Services Training Package",FALSE,BuildSkills Australia,,,,,,Skills and Workforce Ministerial Council,,,,,120505,Work Practices Programmes,,,,,,,FALSE,FALSE,,FALSE
41304,PM2 Pty Ltd,ONSHIFT EDUCATION;PM SQUARED,CPCCOM1015,Carry out measurements and calculations,N,Unit of competency,Current,27/11/2020,Current,27/11/2020,,"Deliver and assess , Granted",23/05/2022,06/10/2029,Implicit,FALSE,FALSE,FALSE,FALSE,FALSE,FALSE,FALSE,FALSE,FALSE,,,CPCCCM1015,TRUE,3,24/12/2024,CPC,"Construction, Plumbing and Services Training Package",FALSE,BuildSkills Australia,,,,,,Skills and Workforce Ministerial Council,,,,,10101,Mathematics,,,,,,,FALSE,FALSE,,FALSE
41304,PM2 Pty Ltd,ONSHIFT EDUCATION;PM SQUARED,CPCCOM1016,Identify requirements for safe precast and tilt-up work,N,Unit of competency,Current,27/11/2020,Current,27/11/2020,,"Deliver and assess , Granted",14/06/2022,06/10/2029,Implicit,FALSE,FALSE,FALSE,FALSE,FALSE,FALSE,FALSE,FALSE,FALSE,,,CPCCCM1016,FALSE,2,24/12/2024,CPC,"Construction, Plumbing and Services Training Package",FALSE,BuildSkills Australia,,,,,,Skills and Workforce Ministerial Council,,,,,61301,Occupational Health And Safety,,,,,,,FALSE,FALSE,,FALSE
41304,PM2 Pty Ltd,ONSHIFT EDUCATION;PM SQUARED,CPCCOM1017,Prepare simple construction sketches,N,Unit of competency,Current,27/11/2020,Current,27/11/2020,,"Deliver and assess , Granted",18/08/2023,06/10/2029,Implicit,FALSE,FALSE,FALSE,FALSE,FALSE,FALSE,FALSE,FALSE,FALSE,,,,,2,24/12/2024,CPC,"Construction, Plumbing and Services Training Package",FALSE,BuildSkills Australia,,,,,,Skills and Workforce Ministerial Council,,,,,40301,Building Science And Technology,,,,,,,FALSE,FALSE,,FALSE
41304,PM2 Pty Ltd,ONSHIFT EDUCATION;PM SQUARED,CPCCOM2001,Read and interpret plans and specifications,N,Unit of competency,Current,27/11/2020,Current,27/11/2020,,"Deliver and assess , Granted",14/06/2022,06/10/2029,Implicit,FALSE,FALSE,FALSE,FALSE,FALSE,FALSE,FALSE,FALSE,FALSE,,,CPCCCM2001,TRUE,3,24/12/2024,CPC,"Construction, Plumbing and Services Training Package",FALSE,BuildSkills Australia,,,,,,Skills and Workforce Ministerial Council,,,,,40301,Building Science And Technology,,,,,,,FALSE,FALSE,,TRUE
41304,PM2 Pty Ltd,ONSHIFT EDUCATION;PM SQUARED,CPCCOM3001,Perform construction calculations to determine carpentry material requirements,N,Unit of competency,Current,27/11/2020,Current,27/11/2020,,"Deliver and assess , Granted",29/08/2024,06/10/2029,Implicit,FALSE,FALSE,FALSE,FALSE,FALSE,FALSE,FALSE,FALSE,FALSE,,,,,3,24/12/2024,CPC,"Construction, Plumbing and Services Training Package",FALSE,BuildSkills Australia,,,,,,Skills and Workforce Ministerial Council,,,,,40301,Building Science And Technology,,,,,,,FALSE,FALSE,,FALSE
41304,PM2 Pty Ltd,ONSHIFT EDUCATION;PM SQUARED,CPCCOM3006,Carry out levelling operations,N,Unit of competency,Current,27/11/2020,Current,27/11/2020,,"Deliver and assess , Granted",29/08/2024,06/10/2029,Implicit,FALSE,FALSE,FALSE,FALSE,FALSE,FALSE,FALSE,FALSE,FALSE,,,CPCCCM3006,TRUE,2,24/12/2024,CPC,"Construction, Plumbing and Services Training Package",FALSE,BuildSkills Australia,,,,,,Skills and Workforce Ministerial Council,,,,,40301,Building Science And Technology,,,,,,,FALSE,FALSE,,FALSE
41304,PM2 Pty Ltd,ONSHIFT EDUCATION;PM SQUARED,CPCCON2021,Handle concreting materials and components,N,Unit of competency,Current,27/11/2020,Current,27/11/2020,,"Deliver and assess , Granted",14/06/2022,06/10/2029,Implicit,FALSE,FALSE,FALSE,FALSE,FALSE,FALSE,FALSE,FALSE,FALSE,,,CPCCCO2021,TRUE,2,24/12/2024,CPC,"Construction, Plumbing and Services Training Package",FALSE,BuildSkills Australia,,,,,,Skills and Workforce Ministerial Council,,,,,40399,"Building, N.e.c.",,,,,,,TRUE,FALSE,,TRUE
41304,PM2 Pty Ltd,ONSHIFT EDUCATION;PM SQUARED,CPCCON2022,"Select, use and maintain concreting plant, tools and equipment",N,Unit of competency,Current,27/11/2020,Current,27/11/2020,,"Deliver and assess , Granted",14/06/2022,06/10/2029,Implicit,FALSE,FALSE,FALSE,FALSE,FALSE,FALSE,FALSE,FALSE,FALSE,,,CPCCCO2022,TRUE,2,24/12/2024,CPC,"Construction, Plumbing and Services Training Package",FALSE,BuildSkills Australia,,,,,,Skills and Workforce Ministerial Council,,,,,30717,Plant And Machine Operations,,,,,,,TRUE,FALSE,,TRUE
41304,PM2 Pty Ltd,ONSHIFT EDUCATION;PM SQUARED,CPCCON3035,Determine concrete supply requirements,N,Unit of competency,Current,27/11/2020,Current,27/11/2020,,"Deliver and assess , Granted",14/06/2022,06/10/2029,Implicit,FALSE,FALSE,FALSE,FALSE,FALSE,FALSE,FALSE,FALSE,FALSE,,,CPCCCO3035,TRUE,2,24/12/2024,CPC,"Construction, Plumbing and Services Training Package",FALSE,BuildSkills Australia,,,,,,Skills and Workforce Ministerial Council,,,,,40399,"Building, N.e.c.",,,,,,,TRUE,FALSE,,TRUE
41304,PM2 Pty Ltd,ONSHIFT EDUCATION;PM SQUARED,CPCCON3036,Plan concrete work and brief team,N,Unit of competency,Current,27/11/2020,Current,27/11/2020,,"Deliver and assess , Granted",14/06/2022,06/10/2029,Implicit,FALSE,FALSE,FALSE,FALSE,FALSE,FALSE,FALSE,FALSE,FALSE,,,CPCCCO3036,TRUE,2,24/12/2024,CPC,"Construction, Plumbing and Services Training Package",FALSE,BuildSkills Australia,,,,,,Skills and Workforce Ministerial Council,,,,,40303,Building Construction Management,,,,,,,TRUE,FALSE,,TRUE
41304,PM2 Pty Ltd,ONSHIFT EDUCATION;PM SQUARED,CPCCON3041,Place concrete,N,Unit of competency,Current,27/11/2020,Current,27/11/2020,,"Deliver and assess , Granted",14/06/2022,06/10/2029,Implicit,FALSE,FALSE,FALSE,FALSE,FALSE,FALSE,FALSE,FALSE,FALSE,,,CPCCCO3041,TRUE,2,24/12/2024,CPC,"Construction, Plumbing and Services Training Package",FALSE,BuildSkills Australia,,,,,,Skills and Workforce Ministerial Council,,,,,40399,"Building, N.e.c.",,,,,,,TRUE,FALSE,,TRUE
41304,PM2 Pty Ltd,ONSHIFT EDUCATION;PM SQUARED,CPCCON3042,Finish concrete,N,Unit of competency,Current,27/11/2020,Current,27/11/2020,,"Deliver and assess , Granted",14/06/2022,06/10/2029,Implicit,FALSE,FALSE,FALSE,FALSE,FALSE,FALSE,FALSE,FALSE,FALSE,,,CPCCCO3042,TRUE,2,24/12/2024,CPC,"Construction, Plumbing and Services Training Package",FALSE,BuildSkills Australia,,,,,,Skills and Workforce Ministerial Council,,,,,40399,"Building, N.e.c.",,,,,,,TRUE,FALSE,,TRUE
41304,PM2 Pty Ltd,ONSHIFT EDUCATION;PM SQUARED,CPCCON3043,Cure concrete,N,Unit of competency,Current,27/11/2020,Current,27/11/2020,,"Deliver and assess , Granted",14/06/2022,06/10/2029,Implicit,FALSE,FALSE,FALSE,FALSE,FALSE,FALSE,FALSE,FALSE,FALSE,,,CPCCCO3043,TRUE,2,24/12/2024,CPC,"Construction, Plumbing and Services Training Package",FALSE,BuildSkills Australia,,,,,,Skills and Workforce Ministerial Council,,,,,40399,"Building, N.e.c.",,,,,,,TRUE,FALSE,,TRUE
41304,PM2 Pty Ltd,ONSHIFT EDUCATION;PM SQUARED,CPCCON3044,Apply decorative finishes to concrete,N,Unit of competency,Current,27/11/2020,Current,27/11/2020,,"Deliver and assess , Granted",14/06/2022,06/10/2029,Implicit,FALSE,FALSE,FALSE,FALSE,FALSE,FALSE,FALSE,FALSE,FALSE,,,CPCCCO3044,TRUE,2,24/12/2024,CPC,"Construction, Plumbing and Services Training Package",FALSE,BuildSkills Australia,,,,,,Skills and Workforce Ministerial Council,,,,,40399,"Building, N.e.c.",,,,,,,TRUE,FALSE,,TRUE
41304,PM2 Pty Ltd,ONSHIFT EDUCATION;PM SQUARED,CPCCON3046,Repair and rectify concrete,N,Unit of competency,Current,27/11/2020,Current,27/11/2020,,"Deliver and assess , Granted",14/06/2022,06/10/2029,Implicit,FALSE,FALSE,FALSE,FALSE,FALSE,FALSE,FALSE,FALSE,FALSE,,,CPCCCO3046,TRUE,2,24/12/2024,CPC,"Construction, Plumbing and Services Training Package",FALSE,BuildSkills Australia,,,,,,Skills and Workforce Ministerial Council,,,,,40399,"Building, N.e.c.",,,,,,,TRUE,FALSE,,TRUE
41304,PM2 Pty Ltd,ONSHIFT EDUCATION;PM SQUARED,CPCCON3047,Cut concrete,N,Unit of competency,Current,27/11/2020,Current,27/11/2020,,"Deliver and assess , Granted",14/06/2022,06/10/2029,Implicit,FALSE,FALSE,FALSE,FALSE,FALSE,FALSE,FALSE,FALSE,FALSE,,,CPCCCO3047,FALSE,2,24/12/2024,CPC,"Construction, Plumbing and Services Training Package",FALSE,BuildSkills Australia,,,,,,Skills and Workforce Ministerial Council,,,,,40399,"Building, N.e.c.",,,,,,,TRUE,FALSE,,TRUE
41304,PM2 Pty Ltd,ONSHIFT EDUCATION;PM SQUARED,CPCCON3048,Construct tilt panels on site,N,Unit of competency,Current,27/11/2020,Current,27/11/2020,,"Deliver and assess , Granted",14/06/2022,06/10/2029,Implicit,FALSE,FALSE,FALSE,FALSE,FALSE,FALSE,FALSE,FALSE,FALSE,,,CPCCCO3048,TRUE,2,24/12/2024,CPC,"Construction, Plumbing and Services Training Package",FALSE,BuildSkills Australia,,,,,,Skills and Workforce Ministerial Council,,,,,40399,"Building, N.e.c.",,,,,,,TRUE,FALSE,,TRUE
41304,PM2 Pty Ltd,ONSHIFT EDUCATION;PM SQUARED,CPCCON3049,Apply and finish sprayed concrete,N,Unit of competency,Current,27/11/2020,Current,27/11/2020,,"Deliver and assess , Granted",14/06/2022,06/10/2029,Implicit,FALSE,FALSE,FALSE,FALSE,FALSE,FALSE,FALSE,FALSE,FALSE,,,CPCCCO3049,TRUE,2,24/12/2024,CPC,"Construction, Plumbing and Services Training Package",FALSE,BuildSkills Australia,,,,,,Skills and Workforce Ministerial Council,,,,,40399,"Building, N.e.c.",,,,,,,TRUE,FALSE,,TRUE
41304,PM2 Pty Ltd,ONSHIFT EDUCATION;PM SQUARED,CPCCON3050,Carry out high-performance concreting,N,Unit of competency,Current,27/11/2020,Current,27/11/2020,,"Deliver and assess , Granted",14/06/2022,06/10/2029,Implicit,FALSE,FALSE,FALSE,FALSE,FALSE,FALSE,FALSE,FALSE,FALSE,,,CPCCCO3050,TRUE,2,24/12/2024,CPC,"Construction, Plumbing and Services Training Package",FALSE,BuildSkills Australia,,,,,,Skills and Workforce Ministerial Council,,,,,40399,"Building, N.e.c.",,,,,,,TRUE,FALSE,,TRUE
41304,PM2 Pty Ltd,ONSHIFT EDUCATION;PM SQUARED,CPCCON3051,Conduct off-form vertical concrete operations,N,Unit of competency,Current,27/11/2020,Current,27/11/2020,,"Deliver and assess , Granted",14/06/2022,06/10/2029,Implicit,FALSE,FALSE,FALSE,FALSE,FALSE,FALSE,FALSE,FALSE,FALSE,,,CPCCCO3051,TRUE,2,24/12/2024,CPC,"Construction, Plumbing and Services Training Package",FALSE,BuildSkills Australia,,,,,,Skills and Workforce Ministerial Council,,,,,40399,"Building, N.e.c.",,,,,,,TRUE,FALSE,,TRUE
41304,PM2 Pty Ltd,ONSHIFT EDUCATION;PM SQUARED,CPCCON3053,Slump-test concrete,N,Unit of competency,Current,27/11/2020,Current,27/11/2020,,"Deliver and assess , Granted",14/06/2022,06/10/2029,Implicit,FALSE,FALSE,FALSE,FALSE,FALSE,FALSE,FALSE,FALSE,FALSE,,,CPCCCO3053,TRUE,2,24/12/2024,CPC,"Construction, Plumbing and Services Training Package",FALSE,BuildSkills Australia,,,,,,Skills and Workforce Ministerial Council,,,,,40399,"Building, N.e.c.",,,,,,,TRUE,FALSE,,TRUE
41304,PM2 Pty Ltd,ONSHIFT EDUCATION;PM SQUARED,CPCCON3054,Operate concrete agitator trucks,N,Unit of competency,Current,27/11/2020,Current,27/11/2020,,"Deliver and assess , Granted",14/06/2022,06/10/2029,Implicit,FALSE,FALSE,FALSE,FALSE,FALSE,FALSE,FALSE,FALSE,FALSE,,,CPCCCO3054,TRUE,2,24/12/2024,CPC,"Construction, Plumbing and Services Training Package",FALSE,BuildSkills Australia,,,,,,Skills and Workforce Ministerial Council,,,,,30717,Plant And Machine Operations,,,,,,,TRUE,FALSE,,TRUE
41304,PM2 Pty Ltd,ONSHIFT EDUCATION;PM SQUARED,CPCCON3055,Install topping slabs,N,Unit of competency,Current,27/11/2020,Current,27/11/2020,,"Deliver and assess , Granted",14/06/2022,06/10/2029,Implicit,FALSE,FALSE,FALSE,FALSE,FALSE,FALSE,FALSE,FALSE,FALSE,,,CPCCCO3055,TRUE,3,24/12/2024,CPC,"Construction, Plumbing and Services Training Package",FALSE,BuildSkills Australia,,,,,,Skills and Workforce Ministerial Council,,,,,40399,"Building, N.e.c.",,,,,,,TRUE,FALSE,,TRUE
41304,PM2 Pty Ltd,ONSHIFT EDUCATION;PM SQUARED,CPCCON3056,Conduct concrete pump delivery operations,N,Unit of competency,Current,27/11/2020,Current,27/11/2020,,"Deliver and assess , Granted",14/06/2022,06/10/2029,Implicit,FALSE,FALSE,FALSE,FALSE,FALSE,FALSE,FALSE,FALSE,FALSE,,,,,3,24/12/2024,CPC,"Construction, Plumbing and Services Training Package",FALSE,BuildSkills Australia,,,,,,Skills and Workforce Ministerial Council,,,,,40399,"Building, N.e.c.",,,,,,,TRUE,FALSE,,TRUE
41304,PM2 Pty Ltd,ONSHIFT EDUCATION;PM SQUARED,CPCCON3057,Core concrete,N,Unit of competency,Current,27/11/2020,Current,27/11/2020,,"Deliver and assess , Granted",14/06/2022,06/10/2029,Implicit,FALSE,FALSE,FALSE,FALSE,FALSE,FALSE,FALSE,FALSE,FALSE,,,,,3,24/12/2024,CPC,"Construction, Plumbing and Services Training Package",FALSE,BuildSkills Australia,,,,,,Skills and Workforce Ministerial Council,,,,,40399,"Building, N.e.c.",,,,,,,TRUE,FALSE,,TRUE
41304,PM2 Pty Ltd,ONSHIFT EDUCATION;PM SQUARED,CPCCPB3001,Fix standard plasterboard wall sheets,N,Unit of competency,Current,27/11/2020,Current,27/11/2020,,"Deliver and assess , Granted",29/08/2024,06/10/2029,Implicit,FALSE,FALSE,FALSE,FALSE,FALSE,FALSE,FALSE,FALSE,FALSE,,,CPCCPB3001A,TRUE,2,24/12/2024,CPC,"Construction, Plumbing and Services Training Package",FALSE,BuildSkills Australia,,,,,,Skills and Workforce Ministerial Council,,,,,40313,"Ceiling, Wall And Floor Fixing",,,,,,,TRUE,FALSE,,TRUE
41304,PM2 Pty Ltd,ONSHIFT EDUCATION;PM SQUARED,CPCCPB3002,Fix standard plasterboard ceiling sheets,N,Unit of competency,Current,27/11/2020,Current,27/11/2020,,"Deliver and assess , Granted",29/08/2024,06/10/2029,Implicit,FALSE,FALSE,FALSE,FALSE,FALSE,FALSE,FALSE,FALSE,FALSE,,,CPCCPB3002A,TRUE,2,24/12/2024,CPC,"Construction, Plumbing and Services Training Package",FALSE,BuildSkills Australia,,,,,,Skills and Workforce Ministerial Council,,,,,40313,"Ceiling, Wall And Floor Fixing",,,,,,,FALSE,FALSE,,TRUE
41304,PM2 Pty Ltd,ONSHIFT EDUCATION;PM SQUARED,CPCCPD3036,Work safely to encapsulate non-friable asbestos in the painting industry,N,Unit of competency,Current,27/11/2020,Current,27/11/2020,,"Deliver and assess , Granted",18/08/2023,06/10/2029,Explicit,TRUE,TRUE,TRUE,TRUE,TRUE,TRUE,TRUE,TRUE,FALSE,,,CPCCPD3031A,TRUE,3,24/12/2024,CPC,"Construction, Plumbing and Services Training Package",FALSE,BuildSkills Australia,,,,,,Skills and Workforce Ministerial Council,,,,,61301,Occupational Health And Safety,,,,,,,TRUE,FALSE,,TRUE
41304,PM2 Pty Ltd,ONSHIFT EDUCATION;PM SQUARED,CPCCRI3001,Operate personnel and materials hoists,N,Unit of competency,Current,27/11/2020,Current,27/11/2020,,"Deliver and assess , Granted",29/08/2024,06/10/2029,Implicit,FALSE,FALSE,FALSE,FALSE,FALSE,FALSE,FALSE,FALSE,FALSE,,,CPCCRI3001A,TRUE,2,24/12/2024,CPC,"Construction, Plumbing and Services Training Package",FALSE,BuildSkills Australia,,,,,,Skills and Workforce Ministerial Council,,,,,30717,Plant And Machine Operations,,,,,,,TRUE,FALSE,,TRUE
41304,PM2 Pty Ltd,ONSHIFT EDUCATION;PM SQUARED,CPCCSC2001,"Handle and position scaffolding tools, equipment and components",N,Unit of competency,Current,27/11/2020,Current,27/11/2020,,"Deliver and assess , Granted",29/08/2024,06/10/2029,Implicit,FALSE,FALSE,FALSE,FALSE,FALSE,FALSE,FALSE,FALSE,FALSE,,,CPCCSC2001A,TRUE,2,24/12/2024,CPC,"Construction, Plumbing and Services Training Package",FALSE,BuildSkills Australia,,,,,,Skills and Workforce Ministerial Council,,,,,30717,Plant And Machine Operations,,,,,,,FALSE,FALSE,,TRUE
41304,PM2 Pty Ltd,ONSHIFT EDUCATION;PM SQUARED,CPCCSC2002,Erect and dismantle basic scaffolding,N,Unit of competency,Current,27/11/2020,Current,27/11/2020,,"Deliver and assess , Granted",29/08/2024,06/10/2029,Implicit,FALSE,FALSE,FALSE,FALSE,FALSE,FALSE,FALSE,FALSE,FALSE,,,CPCCSC2002A,TRUE,3,24/12/2024,CPC,"Construction, Plumbing and Services Training Package",FALSE,BuildSkills Australia,,,,,,Skills and Workforce Ministerial Council,,,,,40329,Scaffolding And Rigging,,,,,,,TRUE,FALSE,,TRUE
41304,PM2 Pty Ltd,ONSHIFT EDUCATION;PM SQUARED,CPCCSC3001,Erect and dismantle intermediate scaffolding,N,Unit of competency,Current,27/11/2020,Current,27/11/2020,,"Deliver and assess , Granted",29/08/2024,06/10/2029,Implicit,FALSE,FALSE,FALSE,FALSE,FALSE,FALSE,FALSE,FALSE,FALSE,,,CPCCSC3001A,TRUE,3,24/12/2024,CPC,"Construction, Plumbing and Services Training Package",FALSE,BuildSkills Australia,,,,,,Skills and Workforce Ministerial Council,,,,,40329,Scaffolding And Rigging,,,,,,,TRUE,FALSE,,TRUE
41304,PM2 Pty Ltd,ONSHIFT EDUCATION;PM SQUARED,CPCCSF2003,Cut and bend materials using oxy-LPG equipment,N,Unit of competency,Current,17/01/2019,Current,17/01/2019,,"Deliver and assess , Granted",23/05/2022,06/10/2029,Implicit,FALSE,FALSE,FALSE,FALSE,FALSE,FALSE,FALSE,FALSE,FALSE,,,CPCCSF2003A,TRUE,1,17/01/2019,CPC,"Construction, Plumbing and Services Training Package",FALSE,BuildSkills Australia,,,,,,Skills and Workforce Ministerial Council,,,,,30711,Boilermaking And Welding,,,,,,,FALSE,FALSE,,TRUE
41304,PM2 Pty Ltd,ONSHIFT EDUCATION;PM SQUARED,CPCCSF2004,Place and fix reinforcement materials,N,Unit of competency,Current,17/01/2019,Current,17/01/2019,,"Deliver and assess , Granted",14/06/2022,06/10/2029,Implicit,FALSE,FALSE,FALSE,FALSE,FALSE,FALSE,FALSE,FALSE,FALSE,,,CPCCSF2004A,TRUE,1,17/01/2019,CPC,"Construction, Plumbing and Services Training Package",FALSE,BuildSkills Australia,,,,,,Skills and Workforce Ministerial Council,,,,,40399,"Building, N.e.c.",,,,,,,FALSE,FALSE,,TRUE
41304,PM2 Pty Ltd,ONSHIFT EDUCATION;PM SQUARED,CPCCSF2005,Arc weld reinforcement steel,N,Unit of competency,Current,27/11/2020,Current,27/11/2020,,"Deliver and assess , Granted",29/08/2024,06/10/2029,Implicit,FALSE,FALSE,FALSE,FALSE,FALSE,FALSE,FALSE,FALSE,FALSE,,,CPCCSF2005A,TRUE,2,24/12/2024,CPC,"Construction, Plumbing and Services Training Package",FALSE,BuildSkills Australia,,,,,,Skills and Workforce Ministerial Council,,,,,30711,Boilermaking And Welding,,,,,,,FALSE,FALSE,,TRUE
41304,PM2 Pty Ltd,ONSHIFT EDUCATION;PM SQUARED,CPCCSF2006,Machine-cut reinforcement materials,N,Unit of competency,Current,27/11/2020,Current,27/11/2020,,"Deliver and assess , Granted",03/12/2025,06/10/2029,Implicit,FALSE,FALSE,FALSE,FALSE,FALSE,FALSE,FALSE,FALSE,FALSE,,,CPCCSF2006A,TRUE,2,24/12/2024,CPC,"Construction, Plumbing and Services Training Package",FALSE,BuildSkills Australia,,,,,,Skills and Workforce Ministerial Council,,,,,30717,Plant And Machine Operations,,,,,,,FALSE,FALSE,,TRUE
41304,PM2 Pty Ltd,ONSHIFT EDUCATION;PM SQUARED,CPCCSF3001,Apply reinforcement schedule,N,Unit of competency,Current,17/01/2019,Current,17/01/2019,,"Deliver and assess , Granted",14/06/2022,06/10/2029,Implicit,FALSE,FALSE,FALSE,FALSE,FALSE,FALSE,FALSE,FALSE,FALSE,,,CPCCSF3001A,TRUE,1,17/01/2019,CPC,"Construction, Plumbing and Services Training Package",FALSE,BuildSkills Australia,,,,,,Skills and Workforce Ministerial Council,,,,,40399,"Building, N.e.c.",,,,,,,FALSE,FALSE,,TRUE
41304,PM2 Pty Ltd,ONSHIFT EDUCATION;PM SQUARED,CPCCSF3002,Carry out monostrand post-tensioning,N,Unit of competency,Current,27/11/2020,Current,27/11/2020,,"Deliver and assess , Granted",29/08/2024,06/10/2029,Implicit,FALSE,FALSE,FALSE,FALSE,FALSE,FALSE,FALSE,FALSE,FALSE,,,CPCCSF3002A,TRUE,2,24/12/2024,CPC,"Construction, Plumbing and Services Training Package",FALSE,BuildSkills Australia,,,,,,Skills and Workforce Ministerial Council,,,,,40399,"Building, N.e.c.",,,,,,,FALSE,FALSE,,TRUE
41304,PM2 Pty Ltd,ONSHIFT EDUCATION;PM SQUARED,CPCCSF3003,Carry out multistrand post-tensioning,N,Unit of competency,Current,27/11/2020,Current,27/11/2020,,"Deliver and assess , Granted",29/08/2024,06/10/2029,Implicit,FALSE,FALSE,FALSE,FALSE,FALSE,FALSE,FALSE,FALSE,FALSE,,,CPCCSF3003A,TRUE,2,24/12/2024,CPC,"Construction, Plumbing and Services Training Package",FALSE,BuildSkills Australia,,,,,,Skills and Workforce Ministerial Council,,,,,40399,"Building, N.e.c.",,,,,,,FALSE,FALSE,,TRUE
41304,PM2 Pty Ltd,ONSHIFT EDUCATION;PM SQUARED,CPCCSF3004,Carry out stressbar post-tensioning,N,Unit of competency,Current,27/11/2020,Current,27/11/2020,,"Deliver and assess , Granted",29/08/2024,06/10/2029,Implicit,FALSE,FALSE,FALSE,FALSE,FALSE,FALSE,FALSE,FALSE,FALSE,,,CPCCSF3004A,TRUE,2,24/12/2024,CPC,"Construction, Plumbing and Services Training Package",FALSE,BuildSkills Australia,,,,,,Skills and Workforce Ministerial Council,,,,,40399,"Building, N.e.c.",,,,,,,FALSE,FALSE,,TRUE
41304,PM2 Pty Ltd,ONSHIFT EDUCATION;PM SQUARED,CPCCST4001,Prepare to undertake the heritage restoration process,N,Unit of competency,Current,27/11/2020,Current,27/11/2020,,"Deliver and assess , Granted",29/08/2024,06/10/2029,Implicit,FALSE,FALSE,FALSE,FALSE,FALSE,FALSE,FALSE,FALSE,FALSE,,,CPCCBC4036A,TRUE,2,24/12/2024,CPC,"Construction, Plumbing and Services Training Package",FALSE,BuildSkills Australia,,,,,,Skills and Workforce Ministerial Council,,,,,40301,Building Science And Technology,,,,,,,FALSE,FALSE,,FALSE
41304,PM2 Pty Ltd,ONSHIFT EDUCATION;PM SQUARED,CPCCST4002,Undertake the heritage restoration process,N,Unit of competency,Current,27/11/2020,Current,27/11/2020,,"Deliver and assess , Granted",29/08/2024,06/10/2029,Implicit,FALSE,FALSE,FALSE,FALSE,FALSE,FALSE,FALSE,FALSE,FALSE,,,CPCCBC4039A,TRUE,2,24/12/2024,CPC,"Construction, Plumbing and Services Training Package",FALSE,BuildSkills Australia,,,,,,Skills and Workforce Ministerial Council,,,,,40301,Building Science And Technology,,,,,,,FALSE,FALSE,,FALSE
41304,PM2 Pty Ltd,ONSHIFT EDUCATION;PM SQUARED,CPCCVE1002,Undertake a basic computer design project,N,Unit of competency,Current,27/11/2020,Current,27/11/2020,,"Deliver and assess , Granted",18/08/2023,06/10/2029,Implicit,FALSE,FALSE,FALSE,FALSE,FALSE,FALSE,FALSE,FALSE,FALSE,,,CPCCVE1002B,TRUE,2,24/12/2024,CPC,"Construction, Plumbing and Services Training Package",FALSE,BuildSkills Australia,,,,,,Skills and Workforce Ministerial Council,,,,,20115,Computer Graphics,,,,,,,FALSE,FALSE,,FALSE
41304,PM2 Pty Ltd,ONSHIFT EDUCATION;PM SQUARED,CPCCVE1011,Undertake a basic construction project,N,Unit of competency,Current,27/11/2020,Current,27/11/2020,,"Deliver and assess , Granted",18/08/2023,06/10/2029,Implicit,FALSE,FALSE,FALSE,FALSE,FALSE,FALSE,FALSE,FALSE,FALSE,,,CPCCVE1011A,TRUE,2,24/12/2024,CPC,"Construction, Plumbing and Services Training Package",FALSE,BuildSkills Australia,,,,,,Skills and Workforce Ministerial Council,,,,,40301,Building Science And Technology,,,,,,,FALSE,FALSE,,TRUE
41304,PM2 Pty Ltd,ONSHIFT EDUCATION;PM SQUARED,CPCCWC3003,Install dry wall passive fire-rated systems,N,Unit of competency,Current,27/11/2020,Current,27/11/2020,,"Deliver and assess , Granted",29/08/2024,06/10/2029,Implicit,FALSE,FALSE,FALSE,FALSE,FALSE,FALSE,FALSE,FALSE,FALSE,,,CPCCWC3003A,TRUE,3,24/12/2024,CPC,"Construction, Plumbing and Services Training Package",FALSE,BuildSkills Australia,,,,,,Skills and Workforce Ministerial Council,,,,,40313,"Ceiling, Wall And Floor Fixing",,,,,,,FALSE,FALSE,,TRUE
41304,PM2 Pty Ltd,ONSHIFT EDUCATION;PM SQUARED,CPCCWC3004,Install suspended ceilings,N,Unit of competency,Current,09/09/2016,Current,09/09/2016,,"Deliver and assess , Granted",29/08/2024,06/10/2029,Implicit,FALSE,FALSE,FALSE,FALSE,FALSE,FALSE,FALSE,FALSE,FALSE,,,CPCCWC3004A,TRUE,5,24/12/2024,CPC,"Construction, Plumbing and Services Training Package",FALSE,BuildSkills Australia,,,,,,Skills and Workforce Ministerial Council,,,,,40313,"Ceiling, Wall And Floor Fixing",,,,,,,FALSE,FALSE,,TRUE
41304,PM2 Pty Ltd,ONSHIFT EDUCATION;PM SQUARED,CPCCWHS1001,Prepare to work safely in the construction industry,N,Unit of competency,Superseded,07/04/2022,Superseded,09/12/2016,06/04/2022,"Deliver and assess , Granted",01/08/2023,06/10/2029,Implicit,TRUE,TRUE,TRUE,TRUE,TRUE,TRUE,TRUE,TRUE,FALSE,CPCWHS1001,TRUE,CPCCOHS1001A,TRUE,1,09/12/2016,CPC,"Construction, Plumbing and Services Training Package",FALSE,BuildSkills Australia,,,,,,Skills and Workforce Ministerial Council,,,,,61301,Occupational Health And Safety,,,,,,,FALSE,FALSE,,FALSE
41304,PM2 Pty Ltd,ONSHIFT EDUCATION;PM SQUARED,CPCCWHS2001,"Apply WHS requirements, policies and procedures in the construction industry",N,Unit of competency,Current,17/01/2019,Current,17/01/2019,,"Deliver and assess , Granted",05/11/2021,06/10/2029,Implicit,FALSE,FALSE,FALSE,FALSE,FALSE,FALSE,FALSE,FALSE,FALSE,,,CPCCOHS2001A,TRUE,2,24/12/2024,CPC,"Construction, Plumbing and Services Training Package",FALSE,BuildSkills Australia,,,,,,Skills and Workforce Ministerial Council,,,,,61301,Occupational Health And Safety,,,,,,,FALSE,FALSE,,FALSE
41304,PM2 Pty Ltd,ONSHIFT EDUCATION;PM SQUARED,CPCPCM2043,Carry out WHS requirements,N,Unit of competency,Current,27/11/2020,Current,27/11/2020,,"Deliver and assess , Granted",29/08/2024,06/10/2029,Implicit,FALSE,FALSE,FALSE,FALSE,FALSE,FALSE,FALSE,FALSE,FALSE,,,CPCPCM2043A,TRUE,2,23/12/2020,CPC,"Construction, Plumbing and Services Training Package",FALSE,BuildSkills Australia,,,,,,Skills and Workforce Ministerial Council,,,,,61301,Occupational Health And Safety,,,,,,,TRUE,FALSE,,FALSE
41304,PM2 Pty Ltd,ONSHIFT EDUCATION;PM SQUARED,CPCPCM2043A,Carry out WHS requirements,N,Unit of competency,Superseded,26/11/2020,Superseded,07/02/2013,25/11/2020,"Deliver and assess , Granted",19/04/2024,06/10/2029,Implicit,FALSE,FALSE,FALSE,FALSE,FALSE,FALSE,FALSE,FALSE,FALSE,CPCPCM2043,TRUE,CPCPCM2023A,FALSE,1,07/02/2013,CPC08,"Construction, Plumbing and Services Training Package",FALSE,BuildSkills Australia,,,,,,Skills and Workforce Ministerial Council,,,,,61301,Occupational Health And Safety,,,,,,,FALSE,FALSE,,FALSE
41304,PM2 Pty Ltd,ONSHIFT EDUCATION;PM SQUARED,CPCPCM2052,Weld mild steel using oxy-acetylene equipment,N,Unit of competency,Current,27/11/2020,Current,27/11/2020,,"Deliver and assess , Granted",29/08/2024,06/10/2029,Implicit,FALSE,FALSE,FALSE,FALSE,FALSE,FALSE,FALSE,FALSE,FALSE,,,CPCPCM2052A,TRUE,1,27/11/2020,CPC,"Construction, Plumbing and Services Training Package",FALSE,BuildSkills Australia,,,,,,Skills and Workforce Ministerial Council,,,,,30711,Boilermaking And Welding,,,,,,,TRUE,FALSE,,TRUE
41304,PM2 Pty Ltd,ONSHIFT EDUCATION;PM SQUARED,CPCPCM2053,Weld using metal arc welding equipment,N,Unit of competency,Current,27/11/2020,Current,27/11/2020,,"Deliver and assess , Granted",29/08/2024,06/10/2029,Implicit,FALSE,FALSE,FALSE,FALSE,FALSE,FALSE,FALSE,FALSE,FALSE,,,CPCPCM2053A,TRUE,2,23/12/2020,CPC,"Construction, Plumbing and Services Training Package",FALSE,BuildSkills Australia,,,,,,Skills and Workforce Ministerial Council,,,,,30711,Boilermaking And Welding,,,,,,,TRUE,FALSE,,TRUE
41304,PM2 Pty Ltd,ONSHIFT EDUCATION;PM SQUARED,CPCPRE3000,Lift and place prefabricated concrete elements,N,Unit of competency,Current,08/12/2022,Current,08/12/2022,,"Deliver and assess , Granted",03/12/2025,06/10/2029,Implicit,FALSE,FALSE,FALSE,FALSE,FALSE,FALSE,FALSE,FALSE,FALSE,,,,,1,08/12/2022,CPC,"Construction, Plumbing and Services Training Package",FALSE,BuildSkills Australia,,,,,,Skills and Workforce Ministerial Council,,,,,30717,Plant And Machine Operations,,,,,,,TRUE,FALSE,,TRUE
41304,PM2 Pty Ltd,ONSHIFT EDUCATION;PM SQUARED,CPCPRE3001,Patch prefabricated components of concrete elements,N,Unit of competency,Current,08/12/2022,Current,08/12/2022,,"Deliver and assess , Granted",03/12/2025,06/10/2029,Implicit,FALSE,FALSE,FALSE,FALSE,FALSE,FALSE,FALSE,FALSE,FALSE,,,,,1,08/12/2022,CPC,"Construction, Plumbing and Services Training Package",FALSE,BuildSkills Australia,,,,,,Skills and Workforce Ministerial Council,,,,,40399,"Building, N.e.c.",,,,,,,TRUE,FALSE,,TRUE
41304,PM2 Pty Ltd,ONSHIFT EDUCATION;PM SQUARED,CPCPRE4001,Inspect the erection of prefabricated concrete elements,N,Unit of competency,Current,08/12/2022,Current,08/12/2022,,"Deliver and assess , Granted",08/12/2022,06/10/2029,Implicit,FALSE,FALSE,FALSE,FALSE,FALSE,FALSE,FALSE,FALSE,FALSE,,,,,1,08/12/2022,CPC,"Construction, Plumbing and Services Training Package",FALSE,BuildSkills Australia,,,,,,Skills and Workforce Ministerial Council,,,,,40305,Building Surveying,,,,,,,TRUE,FALSE,,TRUE
41304,PM2 Pty Ltd,ONSHIFT EDUCATION;PM SQUARED,CPCSIL2001,Use and maintain respiratory protective equipment,N,Unit of competency,Current,15/09/2022,Current,15/09/2022,,"Deliver and assess , Granted",19/04/2024,06/10/2029,Explicit,TRUE,TRUE,TRUE,TRUE,TRUE,TRUE,TRUE,TRUE,FALSE,,,,,1,15/09/2022,CPC,"Construction, Plumbing and Services Training Package",FALSE,BuildSkills Australia,,,,,,Skills and Workforce Ministerial Council,,,,,61301,Occupational Health And Safety,,,,,,,TRUE,FALSE,,TRUE
41304,PM2 Pty Ltd,ONSHIFT EDUCATION;PM SQUARED,CPCSIL3001,Work with products and materials containing crystalline silica,N,Unit of competency,Current,15/09/2022,Current,15/09/2022,,"Deliver and assess , Granted",19/04/2024,06/10/2029,Explicit,TRUE,TRUE,TRUE,TRUE,TRUE,TRUE,TRUE,TRUE,FALSE,,,,,1,15/09/2022,CPC,"Construction, Plumbing and Services Training Package",FALSE,BuildSkills Australia,,,,,,Skills and Workforce Ministerial Council,,,,,61301,Occupational Health And Safety,,,,,,,TRUE,FALSE,,TRUE
41304,PM2 Pty Ltd,ONSHIFT EDUCATION;PM SQUARED,CPCSIL4001,Supervise and manage work with products and materials generating respirable crystalline silica,N,Unit of competency,Current,15/09/2022,Current,15/09/2022,,"Deliver and assess , Granted",15/09/2022,06/10/2029,Implicit,FALSE,FALSE,FALSE,FALSE,FALSE,FALSE,FALSE,FALSE,FALSE,,,,,1,15/09/2022,CPC,"Construction, Plumbing and Services Training Package",FALSE,BuildSkills Australia,,,,,,Skills and Workforce Ministerial Council,,,,,61301,Occupational Health And Safety,,,,,,,TRUE,FALSE,,FALSE
41304,PM2 Pty Ltd,ONSHIFT EDUCATION;PM SQUARED,CPCSUS4001,Implement and monitor environmentally sustainable work practices,N,Unit of competency,Current,27/11/2020,Current,27/11/2020,,"Deliver and assess , Granted",14/06/2022,06/10/2029,Implicit,FALSE,FALSE,FALSE,FALSE,FALSE,FALSE,FALSE,FALSE,FALSE,,,CPCSUS4001A,TRUE,2,24/12/2024,CPC,"Construction, Plumbing and Services Training Package",FALSE,BuildSkills Australia,,,,,,Skills and Workforce Ministerial Council,,,,,59999,"Agriculture, Environmental And Related Studies, N.e.c.",,,,,,,FALSE,FALSE,,FALSE
41304,PM2 Pty Ltd,ONSHIFT EDUCATION;PM SQUARED,CPCSUS4002,Use building science principles to construct energy efficient buildings,N,Unit of competency,Current,27/11/2020,Current,27/11/2020,,"Deliver and assess , Granted",14/06/2022,06/10/2029,Implicit,FALSE,FALSE,FALSE,FALSE,FALSE,FALSE,FALSE,FALSE,FALSE,,,CPCSUS4002A,TRUE,2,24/12/2024,CPC,"Construction, Plumbing and Services Training Package",FALSE,BuildSkills Australia,,,,,,Skills and Workforce Ministerial Council,,,,,30905,Building Services Engineering,,,,,,,FALSE,FALSE,,FALSE
41304,PM2 Pty Ltd,ONSHIFT EDUCATION;PM SQUARED,CPCSUS4003,Maximise energy efficiency through applied trade skills,N,Unit of competency,Current,27/11/2020,Current,27/11/2020,,"Deliver and assess , Granted",14/06/2022,06/10/2029,Implicit,FALSE,FALSE,FALSE,FALSE,FALSE,FALSE,FALSE,FALSE,FALSE,,,CPCSUS4003A,TRUE,2,24/12/2024,CPC,"Construction, Plumbing and Services Training Package",FALSE,BuildSkills Australia,,,,,,Skills and Workforce Ministerial Council,,,,,30905,Building Services Engineering,,,,,,,FALSE,FALSE,,FALSE
41304,PM2 Pty Ltd,ONSHIFT EDUCATION;PM SQUARED,CPCWHS1001,Prepare to work safely in the construction industry,N,Unit of competency,Current,08/04/2022,Current,08/04/2022,,"Deliver and assess , Granted",23/05/2022,06/10/2029,Explicit,TRUE,TRUE,TRUE,TRUE,TRUE,TRUE,TRUE,TRUE,FALSE,,,CPCCWHS1001,TRUE,2,15/09/2022,CPC,"Construction, Plumbing and Services Training Package",FALSE,BuildSkills Australia,,,,,,Skills and Workforce Ministerial Council,,,,,61301,Occupational Health And Safety,,,,,,,TRUE,FALSE,,FALSE
41304,PM2 Pty Ltd,ONSHIFT EDUCATION;PM SQUARED,CPCWHS3001,Identify construction work hazards and select risk control strategies,N,Unit of competency,Current,27/11/2020,Current,27/11/2020,,"Deliver and assess , Granted",29/08/2024,06/10/2029,Implicit,FALSE,FALSE,FALSE,FALSE,FALSE,FALSE,FALSE,FALSE,FALSE,,,CPCCWHS3001,TRUE,3,24/12/2024,CPC,"Construction, Plumbing and Services Training Package",FALSE,BuildSkills Australia,,,,,,Skills and Workforce Ministerial Council,,,,,61301,Occupational Health And Safety,,,,,,,FALSE,FALSE,,FALSE
41304,PM2 Pty Ltd,ONSHIFT EDUCATION;PM SQUARED,CPPBDN4101,Work effectively in a building design environment,N,Unit of competency,Current,07/01/2021,Current,07/01/2021,,"Deliver and assess , Granted",14/06/2022,06/10/2029,Implicit,FALSE,FALSE,FALSE,FALSE,FALSE,FALSE,FALSE,FALSE,FALSE,,,,,1,07/01/2021,CPP,Property Services Training Package,FALSE,BuildSkills Australia,,,,,,Skills and Workforce Ministerial Council,,,,,120505,Work Practices Programmes,,,,,,,FALSE,FALSE,,FALSE
41304,PM2 Pty Ltd,ONSHIFT EDUCATION;PM SQUARED,CPPBDN4102,Analyse building design drawings,N,Unit of competency,Current,07/01/2021,Current,07/01/2021,,"Deliver and assess , Granted",14/06/2022,06/10/2029,Implicit,FALSE,FALSE,FALSE,FALSE,FALSE,FALSE,FALSE,FALSE,FALSE,,,CPPBDN4009,TRUE,1,07/01/2021,CPP,Property Services Training Package,FALSE,BuildSkills Australia,,,,,,Skills and Workforce Ministerial Council,,,,,40301,Building Science And Technology,,,,,,,FALSE,FALSE,,FALSE
41304,PM2 Pty Ltd,ONSHIFT EDUCATION;PM SQUARED,CPPBDN4103,Use CAD software to produce drawings for building design projects,N,Unit of competency,Current,07/01/2021,Current,07/01/2021,,"Deliver and assess , Granted",14/06/2022,06/10/2029,Implicit,FALSE,FALSE,FALSE,FALSE,FALSE,FALSE,FALSE,FALSE,FALSE,,,CPPBDN5017A,TRUE,1,07/01/2021,CPP,Property Services Training Package,FALSE,BuildSkills Australia,,,,,,Skills and Workforce Ministerial Council,,,,,20115,Computer Graphics,,,,,,,FALSE,FALSE,,FALSE
41304,PM2 Pty Ltd,ONSHIFT EDUCATION;PM SQUARED,CPPBDN4104,Apply compliance requirements to Class 1 and 10 building design documentation,N,Unit of competency,Current,07/01/2021,Current,07/01/2021,,"Deliver and assess , Granted",14/06/2022,06/10/2029,Implicit,FALSE,FALSE,FALSE,FALSE,FALSE,FALSE,FALSE,FALSE,FALSE,,,CPPBDN5010A;CPPBDN5003A,False;False,1,07/01/2021,CPP,Property Services Training Package,FALSE,BuildSkills Australia,,,,,,Skills and Workforce Ministerial Council,,,,,40303,Building Construction Management,,,,,,,TRUE,FALSE,,FALSE
41304,PM2 Pty Ltd,ONSHIFT EDUCATION;PM SQUARED,CPPBDN4105,Prepare drawings for planning and building approval for Class 1 and 10 buildings,N,Unit of competency,Current,07/01/2021,Current,07/01/2021,,"Deliver and assess , Granted",14/06/2022,06/10/2029,Implicit,FALSE,FALSE,FALSE,FALSE,FALSE,FALSE,FALSE,FALSE,FALSE,,,CPPBDN4011;CPPBDN4010,False;False,1,07/01/2021,CPP,Property Services Training Package,FALSE,BuildSkills Australia,,,,,,Skills and Workforce Ministerial Council,,,,,40301,Building Science And Technology,,,,,,,TRUE,FALSE,,FALSE
41304,PM2 Pty Ltd,ONSHIFT EDUCATION;PM SQUARED,CPPBDN4106,Investigate materials for construction of Class 1 and 10 buildings,N,Unit of competency,Current,07/01/2021,Current,07/01/2021,,"Deliver and assess , Granted",14/06/2022,06/10/2029,Implicit,FALSE,FALSE,FALSE,FALSE,FALSE,FALSE,FALSE,FALSE,FALSE,,,CPPBDN4001,FALSE,1,07/01/2021,CPP,Property Services Training Package,FALSE,BuildSkills Australia,,,,,,Skills and Workforce Ministerial Council,,,,,40301,Building Science And Technology,,,,,,,FALSE,FALSE,,FALSE
41304,PM2 Pty Ltd,ONSHIFT EDUCATION;PM SQUARED,CPPBDN4107,Investigate construction methods for Class 1 and 10 buildings,N,Unit of competency,Current,07/01/2021,Current,07/01/2021,,"Deliver and assess , Granted",14/06/2022,06/10/2029,Implicit,FALSE,FALSE,FALSE,FALSE,FALSE,FALSE,FALSE,FALSE,FALSE,,,CPPBDN4001,FALSE,1,07/01/2021,CPP,Property Services Training Package,FALSE,BuildSkills Australia,,,,,,Skills and Workforce Ministerial Council,,,,,40301,Building Science And Technology,,,,,,,FALSE,FALSE,,FALSE
41304,PM2 Pty Ltd,ONSHIFT EDUCATION;PM SQUARED,CPPBDN4108,Draw layout of required services for Class 1 and 10 buildings,N,Unit of competency,Current,07/01/2021,Current,07/01/2021,,"Deliver and assess , Granted",14/06/2022,06/10/2029,Implicit,FALSE,FALSE,FALSE,FALSE,FALSE,FALSE,FALSE,FALSE,FALSE,,,,,1,07/01/2021,CPP,Property Services Training Package,FALSE,BuildSkills Australia,,,,,,Skills and Workforce Ministerial Council,,,,,40301,Building Science And Technology,,,,,,,FALSE,FALSE,,FALSE
41304,PM2 Pty Ltd,ONSHIFT EDUCATION;PM SQUARED,CPPBDN4109,Research architectural styles and movements,N,Unit of competency,Current,07/01/2021,Current,07/01/2021,,"Deliver and assess , Granted",14/06/2022,06/10/2029,Implicit,FALSE,FALSE,FALSE,FALSE,FALSE,FALSE,FALSE,FALSE,FALSE,,,,,1,07/01/2021,CPP,Property Services Training Package,FALSE,BuildSkills Australia,,,,,,Skills and Workforce Ministerial Council,,,,,40101,Architecture,,,,,,,TRUE,FALSE,,FALSE
41304,PM2 Pty Ltd,ONSHIFT EDUCATION;PM SQUARED,CPPBDN4110,Set up BIM capable software and files for building design drafting projects,N,Unit of competency,Current,07/01/2021,Current,07/01/2021,,"Deliver and assess , Granted",14/06/2022,06/10/2029,Implicit,FALSE,FALSE,FALSE,FALSE,FALSE,FALSE,FALSE,FALSE,FALSE,,,CPPBDN4004,TRUE,1,07/01/2021,CPP,Property Services Training Package,FALSE,BuildSkills Australia,,,,,,Skills and Workforce Ministerial Council,,,,,80905,Practical Computing Skills,,,,,,,FALSE,FALSE,,FALSE
41304,PM2 Pty Ltd,ONSHIFT EDUCATION;PM SQUARED,CPPBDN5101,Produce digital 3-D models of building designs,N,Unit of competency,Current,07/01/2021,Current,07/01/2021,,"Deliver and assess , Granted",14/06/2022,06/10/2029,Implicit,FALSE,FALSE,FALSE,FALSE,FALSE,FALSE,FALSE,FALSE,FALSE,,,CPPBDN5012A,TRUE,1,07/01/2021,CPP,Property Services Training Package,FALSE,BuildSkills Australia,,,,,,Skills and Workforce Ministerial Council,,,,,40303,Building Construction Management,,,,,,,TRUE,FALSE,,FALSE
41304,PM2 Pty Ltd,ONSHIFT EDUCATION;PM SQUARED,CPPBDN5102,Produce compliant designs for Class 1 and 10 buildings,N,Unit of competency,Current,07/01/2021,Current,07/01/2021,,"Deliver and assess , Granted",14/06/2022,06/10/2029,Implicit,FALSE,FALSE,FALSE,FALSE,FALSE,FALSE,FALSE,FALSE,FALSE,,,,,1,07/01/2021,CPP,Property Services Training Package,FALSE,BuildSkills Australia,,,,,,Skills and Workforce Ministerial Council,,,,,40301,Building Science And Technology,,,,,,,TRUE,FALSE,,FALSE
41304,PM2 Pty Ltd,ONSHIFT EDUCATION;PM SQUARED,CPPBDN5110,Inspect and assess sites to inform the design process,N,Unit of competency,Current,07/01/2021,Current,07/01/2021,,"Deliver and assess , Granted",14/06/2022,06/10/2029,Implicit,FALSE,FALSE,FALSE,FALSE,FALSE,FALSE,FALSE,FALSE,FALSE,,,CPPBDN5007A,TRUE,1,07/01/2021,CPP,Property Services Training Package,FALSE,BuildSkills Australia,,,,,,Skills and Workforce Ministerial Council,,,,,40303,Building Construction Management,,,,,,,TRUE,FALSE,,FALSE
41304,PM2 Pty Ltd,ONSHIFT EDUCATION;PM SQUARED,CPPCLO3100,Maintain cleaning storage areas,N,Unit of competency,Current,17/10/2021,Current,17/10/2021,,"Deliver and assess , Granted",13/10/2023,06/10/2029,Implicit,FALSE,FALSE,FALSE,FALSE,FALSE,FALSE,FALSE,FALSE,FALSE,,,CPPCLO3035,TRUE,2,19/12/2022,CPP,Property Services Training Package,FALSE,BuildSkills Australia,,,,,,Skills and Workforce Ministerial Council,,,,,39909,Cleaning,,,,,,,FALSE,FALSE,,FALSE
41304,PM2 Pty Ltd,ONSHIFT EDUCATION;PM SQUARED,CPPCLO3101,Clean carpeted floors,N,Unit of competency,Current,17/10/2021,Current,17/10/2021,,"Deliver and assess , Granted",13/10/2023,06/10/2029,Implicit,FALSE,FALSE,FALSE,FALSE,FALSE,FALSE,FALSE,FALSE,FALSE,,,CPPCLO3004,TRUE,2,19/12/2022,CPP,Property Services Training Package,FALSE,BuildSkills Australia,,,,,,Skills and Workforce Ministerial Council,,,,,39909,Cleaning,,,,,,,FALSE,FALSE,,FALSE
41304,PM2 Pty Ltd,ONSHIFT EDUCATION;PM SQUARED,CPPCLO3102,Clean hard floors,N,Unit of competency,Current,17/10/2021,Current,17/10/2021,,"Deliver and assess , Granted",13/10/2023,06/10/2029,Implicit,FALSE,FALSE,FALSE,FALSE,FALSE,FALSE,FALSE,FALSE,FALSE,,,CPPCLO3001,TRUE,2,19/12/2022,CPP,Property Services Training Package,FALSE,BuildSkills Australia,,,,,,Skills and Workforce Ministerial Council,,,,,39909,Cleaning,,,,,,,FALSE,FALSE,,FALSE
41304,PM2 Pty Ltd,ONSHIFT EDUCATION;PM SQUARED,CPPCLO3103,Clean and maintain amenities,N,Unit of competency,Current,17/10/2021,Current,17/10/2021,,"Deliver and assess , Granted",13/10/2023,06/10/2029,Implicit,FALSE,FALSE,FALSE,FALSE,FALSE,FALSE,FALSE,FALSE,FALSE,,,CPPCLO3017,TRUE,2,19/12/2022,CPP,Property Services Training Package,FALSE,BuildSkills Australia,,,,,,Skills and Workforce Ministerial Council,,,,,39909,Cleaning,,,,,,,FALSE,FALSE,,FALSE
41304,PM2 Pty Ltd,ONSHIFT EDUCATION;PM SQUARED,CPPCLO3104,Clean high-touch surfaces,N,Unit of competency,Current,17/10/2021,Current,17/10/2021,,"Deliver and assess , Granted",13/10/2023,06/10/2029,Implicit,FALSE,FALSE,FALSE,FALSE,FALSE,FALSE,FALSE,FALSE,FALSE,,,CPPCLO3045,TRUE,2,19/12/2022,CPP,Property Services Training Package,FALSE,BuildSkills Australia,,,,,,Skills and Workforce Ministerial Council,,,,,39909,Cleaning,,,,,,,FALSE,FALSE,,FALSE
41304,PM2 Pty Ltd,ONSHIFT EDUCATION;PM SQUARED,CPPCLO3105,Clean glass surfaces,N,Unit of competency,Current,17/10/2021,Current,17/10/2021,,"Deliver and assess , Granted",13/10/2023,06/10/2029,Implicit,FALSE,FALSE,FALSE,FALSE,FALSE,FALSE,FALSE,FALSE,FALSE,,,CPPCLO3009,TRUE,2,19/12/2022,CPP,Property Services Training Package,FALSE,BuildSkills Australia,,,,,,Skills and Workforce Ministerial Council,,,,,39909,Cleaning,,,,,,,FALSE,FALSE,,FALSE
41304,PM2 Pty Ltd,ONSHIFT EDUCATION;PM SQUARED,CPPCLO3106,Pressure wash and clean surfaces,N,Unit of competency,Current,17/10/2021,Current,17/10/2021,,"Deliver and assess , Granted",13/10/2023,06/10/2029,Implicit,FALSE,FALSE,FALSE,FALSE,FALSE,FALSE,FALSE,FALSE,FALSE,,,CPPCLO3020,TRUE,2,19/12/2022,CPP,Property Services Training Package,FALSE,BuildSkills Australia,,,,,,Skills and Workforce Ministerial Council,,,,,39909,Cleaning,,,,,,,FALSE,FALSE,,FALSE
41304,PM2 Pty Ltd,ONSHIFT EDUCATION;PM SQUARED,CPPCLO3107,Clean external surfaces,N,Unit of competency,Current,17/10/2021,Current,17/10/2021,,"Deliver and assess , Granted",13/10/2023,06/10/2029,Implicit,FALSE,FALSE,FALSE,FALSE,FALSE,FALSE,FALSE,FALSE,FALSE,,,CPPCLO3037,TRUE,2,19/12/2022,CPP,Property Services Training Package,FALSE,BuildSkills Australia,,,,,,Skills and Workforce Ministerial Council,,,,,39909,Cleaning,,,,,,,FALSE,FALSE,,FALSE
41304,PM2 Pty Ltd,ONSHIFT EDUCATION;PM SQUARED,CPPCLO3108,Clean window coverings,N,Unit of competency,Current,17/10/2021,Current,17/10/2021,,"Deliver and assess , Granted",13/10/2023,06/10/2029,Implicit,FALSE,FALSE,FALSE,FALSE,FALSE,FALSE,FALSE,FALSE,FALSE,,,CPPCLO3013,TRUE,2,19/12/2022,CPP,Property Services Training Package,FALSE,BuildSkills Australia,,,,,,Skills and Workforce Ministerial Council,,,,,39909,Cleaning,,,,,,,FALSE,FALSE,,FALSE
41304,PM2 Pty Ltd,ONSHIFT EDUCATION;PM SQUARED,CPPCLO3109,Clean fabric upholstery,N,Unit of competency,Current,17/10/2021,Current,17/10/2021,,"Deliver and assess , Granted",13/10/2023,06/10/2029,Implicit,FALSE,FALSE,FALSE,FALSE,FALSE,FALSE,FALSE,FALSE,FALSE,,,CPPCLO3024,TRUE,3,19/12/2022,CPP,Property Services Training Package,FALSE,BuildSkills Australia,,,,,,Skills and Workforce Ministerial Council,,,,,39909,Cleaning,,,,,,,FALSE,FALSE,,FALSE
41304,PM2 Pty Ltd,ONSHIFT EDUCATION;PM SQUARED,CPPCLO3110,Treat carpet stains,N,Unit of competency,Current,17/10/2021,Current,17/10/2021,,"Deliver and assess , Granted",13/10/2023,06/10/2029,Implicit,FALSE,FALSE,FALSE,FALSE,FALSE,FALSE,FALSE,FALSE,FALSE,,,CPPCLO3007;CPPCLO3015,True;True,2,19/12/2022,CPP,Property Services Training Package,FALSE,BuildSkills Australia,,,,,,Skills and Workforce Ministerial Council,,,,,39909,Cleaning,,,,,,,FALSE,FALSE,,FALSE
41304,PM2 Pty Ltd,ONSHIFT EDUCATION;PM SQUARED,CPPCLO3111,"Clean rooms, furniture and fittings",N,Unit of competency,Current,17/10/2021,Current,17/10/2021,,"Deliver and assess , Granted",13/10/2023,06/10/2029,Implicit,FALSE,FALSE,FALSE,FALSE,FALSE,FALSE,FALSE,FALSE,FALSE,,,CPPCLO3018,TRUE,3,19/12/2022,CPP,Property Services Training Package,FALSE,BuildSkills Australia,,,,,,Skills and Workforce Ministerial Council,,,,,39909,Cleaning,,,,,,,FALSE,FALSE,,FALSE
41304,PM2 Pty Ltd,ONSHIFT EDUCATION;PM SQUARED,CPPCLO3112,"Clean walls, ceilings and fittings",N,Unit of competency,Current,17/10/2021,Current,17/10/2021,,"Deliver and assess , Granted",13/10/2023,06/10/2029,Implicit,FALSE,FALSE,FALSE,FALSE,FALSE,FALSE,FALSE,FALSE,FALSE,,,CPPCLO3040,FALSE,2,19/12/2022,CPP,Property Services Training Package,FALSE,BuildSkills Australia,,,,,,Skills and Workforce Ministerial Council,,,,,39909,Cleaning,,,,,,,FALSE,FALSE,,FALSE
41304,PM2 Pty Ltd,ONSHIFT EDUCATION;PM SQUARED,CPPCLO3113,Clean food-handling areas and equipment,N,Unit of competency,Current,17/10/2021,Current,17/10/2021,,"Deliver and assess , Granted",13/10/2023,06/10/2029,Implicit,FALSE,FALSE,FALSE,FALSE,FALSE,FALSE,FALSE,FALSE,FALSE,,,CPPCLO3038,TRUE,2,19/12/2022,CPP,Property Services Training Package,FALSE,BuildSkills Australia,,,,,,Skills and Workforce Ministerial Council,,,,,39909,Cleaning,,,,,,,FALSE,FALSE,,FALSE
41304,PM2 Pty Ltd,ONSHIFT EDUCATION;PM SQUARED,CPPCLO3114,Clean specialised clean-room environments,N,Unit of competency,Current,17/10/2021,Current,17/10/2021,,"Deliver and assess , Granted",13/10/2023,06/10/2029,Implicit,FALSE,FALSE,FALSE,FALSE,FALSE,FALSE,FALSE,FALSE,FALSE,,,CPPCLO3014,TRUE,2,19/12/2022,CPP,Property Services Training Package,FALSE,BuildSkills Australia,,,,,,Skills and Workforce Ministerial Council,,,,,39909,Cleaning,,,,,,,FALSE,FALSE,,FALSE
41304,PM2 Pty Ltd,ONSHIFT EDUCATION;PM SQUARED,CPPCLO3115,Clean industrial machinery,N,Unit of competency,Current,17/10/2021,Current,17/10/2021,,"Deliver and assess , Granted",13/10/2023,06/10/2029,Implicit,FALSE,FALSE,FALSE,FALSE,FALSE,FALSE,FALSE,FALSE,FALSE,,,CPPCLO3021,TRUE,2,19/12/2022,CPP,Property Services Training Package,FALSE,BuildSkills Australia,,,,,,Skills and Workforce Ministerial Council,,,,,39909,Cleaning,,,,,,,FALSE,FALSE,,FALSE
41304,PM2 Pty Ltd,ONSHIFT EDUCATION;PM SQUARED,CPPCLO4100,Organise and monitor cleaning tasks,N,Unit of competency,Current,17/10/2021,Current,17/10/2021,,"Deliver and assess , Granted",13/10/2023,06/10/2029,Implicit,FALSE,FALSE,FALSE,FALSE,FALSE,FALSE,FALSE,FALSE,FALSE,,,CPPCLO4022,TRUE,1,17/10/2021,CPP,Property Services Training Package,FALSE,BuildSkills Australia,,,,,,Skills and Workforce Ministerial Council,,,,,39909,Cleaning,,,,,,,FALSE,FALSE,,FALSE
41304,PM2 Pty Ltd,ONSHIFT EDUCATION;PM SQUARED,CPPCLO4101,Estimate and quote cleaning service,N,Unit of competency,Current,17/10/2021,Current,17/10/2021,,"Deliver and assess , Granted",13/10/2023,06/10/2029,Implicit,FALSE,FALSE,FALSE,FALSE,FALSE,FALSE,FALSE,FALSE,FALSE,,,CPPCLO4025,TRUE,1,17/10/2021,CPP,Property Services Training Package,FALSE,BuildSkills Australia,,,,,,Skills and Workforce Ministerial Council,,,,,80301,Business Management,,,,,,,FALSE,FALSE,,FALSE
41304,PM2 Pty Ltd,ONSHIFT EDUCATION;PM SQUARED,CPPCLO4102,Supervise cleaning staff,N,Unit of competency,Current,17/10/2021,Current,17/10/2021,,"Deliver and assess , Granted",13/10/2023,06/10/2029,Implicit,FALSE,FALSE,FALSE,FALSE,FALSE,FALSE,FALSE,FALSE,FALSE,,,,,1,17/10/2021,CPP,Property Services Training Package,FALSE,BuildSkills Australia,,,,,,Skills and Workforce Ministerial Council,,,,,80303,Human Resource Management,,,,,,,FALSE,FALSE,,FALSE
41304,PM2 Pty Ltd,ONSHIFT EDUCATION;PM SQUARED,CPPCLO4103,Work collaboratively in specialty cleaning and restoration,N,Unit of competency,Current,17/10/2021,Current,17/10/2021,,"Deliver and assess , Granted",13/10/2023,06/10/2029,Implicit,FALSE,FALSE,FALSE,FALSE,FALSE,FALSE,FALSE,FALSE,FALSE,,,,,1,17/10/2021,CPP,Property Services Training Package,FALSE,BuildSkills Australia,,,,,,Skills and Workforce Ministerial Council,,,,,120505,Work Practices Programmes,,,,,,,FALSE,FALSE,,FALSE
41304,PM2 Pty Ltd,ONSHIFT EDUCATION;PM SQUARED,CPPCLO4104,Restore water-damaged structures and contents,N,Unit of competency,Current,17/10/2021,Current,17/10/2021,,"Deliver and assess , Granted",13/10/2023,06/10/2029,Implicit,FALSE,FALSE,FALSE,FALSE,FALSE,FALSE,FALSE,FALSE,FALSE,,,CPPCLO3008,FALSE,1,17/10/2021,CPP,Property Services Training Package,FALSE,BuildSkills Australia,,,,,,Skills and Workforce Ministerial Council,,,,,39909,Cleaning,,,,,,,FALSE,FALSE,,FALSE
41304,PM2 Pty Ltd,ONSHIFT EDUCATION;PM SQUARED,CPPCLO4105,Apply odour control to structures and contents,N,Unit of competency,Current,17/10/2021,Current,17/10/2021,,"Deliver and assess , Granted",13/10/2023,06/10/2029,Implicit,FALSE,FALSE,FALSE,FALSE,FALSE,FALSE,FALSE,FALSE,FALSE,,,CPPCLO3010,FALSE,1,17/10/2021,CPP,Property Services Training Package,FALSE,BuildSkills Australia,,,,,,Skills and Workforce Ministerial Council,,,,,39909,Cleaning,,,,,,,FALSE,FALSE,,FALSE
41304,PM2 Pty Ltd,ONSHIFT EDUCATION;PM SQUARED,CPPCLO4106,Clean and decontaminate clandestine drug sites,N,Unit of competency,Current,17/10/2021,Current,17/10/2021,,"Deliver and assess , Granted",18/08/2023,06/10/2029,Explicit,TRUE,TRUE,TRUE,TRUE,TRUE,TRUE,TRUE,TRUE,FALSE,,,,,1,17/10/2021,CPP,Property Services Training Package,FALSE,BuildSkills Australia,,,,,,Skills and Workforce Ministerial Council,,,,,39909,Cleaning,,,,,,,FALSE,FALSE,,FALSE
41304,PM2 Pty Ltd,ONSHIFT EDUCATION;PM SQUARED,CPPCLO4107,Remediate mould contaminated structures and contents,N,Unit of competency,Current,17/10/2021,Current,17/10/2021,,"Deliver and assess , Granted",18/08/2023,06/10/2029,Explicit,TRUE,TRUE,TRUE,TRUE,TRUE,TRUE,TRUE,TRUE,FALSE,,,,,2,27/01/2022,CPP,Property Services Training Package,FALSE,BuildSkills Australia,,,,,,Skills and Workforce Ministerial Council,,,,,39909,Cleaning,,,,,,,FALSE,FALSE,,FALSE
41304,PM2 Pty Ltd,ONSHIFT EDUCATION;PM SQUARED,CPPCLO4108,Restore fire and smoke-affected structures and contents,N,Unit of competency,Current,17/10/2021,Current,17/10/2021,,"Deliver and assess , Granted",13/10/2023,06/10/2029,Implicit,FALSE,FALSE,FALSE,FALSE,FALSE,FALSE,FALSE,FALSE,FALSE,,,,,1,17/10/2021,CPP,Property Services Training Package,FALSE,BuildSkills Australia,,,,,,Skills and Workforce Ministerial Council,,,,,39909,Cleaning,,,,,,,FALSE,FALSE,,FALSE
41304,PM2 Pty Ltd,ONSHIFT EDUCATION;PM SQUARED,CPPCLO4109,Clean and decontaminate trauma and crime scene sites,N,Unit of competency,Current,17/10/2021,Current,17/10/2021,,"Deliver and assess , Granted",13/10/2023,06/10/2029,Implicit,FALSE,FALSE,FALSE,FALSE,FALSE,FALSE,FALSE,FALSE,FALSE,,,,,1,17/10/2021,CPP,Property Services Training Package,FALSE,BuildSkills Australia,,,,,,Skills and Workforce Ministerial Council,,,,,39909,Cleaning,,,,,,,FALSE,FALSE,,FALSE
41304,PM2 Pty Ltd,ONSHIFT EDUCATION;PM SQUARED,CPPCLO4110,Perform restorative carpet cleaning,N,Unit of competency,Current,17/10/2021,Current,17/10/2021,,"Deliver and assess , Granted",13/10/2023,06/10/2029,Implicit,FALSE,FALSE,FALSE,FALSE,FALSE,FALSE,FALSE,FALSE,FALSE,,,CPPCLO3006,FALSE,1,17/10/2021,CPP,Property Services Training Package,FALSE,BuildSkills Australia,,,,,,Skills and Workforce Ministerial Council,,,,,39909,Cleaning,,,,,,,FALSE,FALSE,,FALSE
41304,PM2 Pty Ltd,ONSHIFT EDUCATION;PM SQUARED,CPPCLO4111,Strip and seal hard floors,N,Unit of competency,Current,17/10/2021,Current,17/10/2021,,"Deliver and assess , Granted",13/10/2023,06/10/2029,Implicit,FALSE,FALSE,FALSE,FALSE,FALSE,FALSE,FALSE,FALSE,FALSE,,,CPPCLO3002,TRUE,1,17/10/2021,CPP,Property Services Training Package,FALSE,BuildSkills Australia,,,,,,Skills and Workforce Ministerial Council,,,,,39909,Cleaning,,,,,,,FALSE,FALSE,,FALSE
41304,PM2 Pty Ltd,ONSHIFT EDUCATION;PM SQUARED,CPPCLO4112,Assess cleaning products and equipment to meet cleaning service requirements,N,Unit of competency,Current,17/10/2021,Current,17/10/2021,,"Deliver and assess , Granted",13/10/2023,06/10/2029,Implicit,FALSE,FALSE,FALSE,FALSE,FALSE,FALSE,FALSE,FALSE,FALSE,,,CPPCLO4002,FALSE,1,17/10/2021,CPP,Property Services Training Package,FALSE,BuildSkills Australia,,,,,,Skills and Workforce Ministerial Council,,,,,39909,Cleaning,,,,,,,FALSE,FALSE,,FALSE
41304,PM2 Pty Ltd,ONSHIFT EDUCATION;PM SQUARED,CPPFES2005,Demonstrate first attack firefighting equipment,N,Unit of competency,Current,20/01/2021,Current,20/01/2021,,"Deliver and assess , Granted",29/08/2024,06/10/2029,Explicit,TRUE,TRUE,TRUE,TRUE,TRUE,TRUE,TRUE,TRUE,FALSE,,,CPPFES2005A,TRUE,1,20/01/2021,CPP,Property Services Training Package,FALSE,BuildSkills Australia,,,,,,Skills and Workforce Ministerial Council,,,,,39905,Fire Technology,,,,,,,TRUE,FALSE,,FALSE
41304,PM2 Pty Ltd,ONSHIFT EDUCATION;PM SQUARED,CPPSEC2101,Apply effective communication skills to maintain security,N,Unit of competency,Current,21/01/2019,Current,21/01/2019,,"Deliver and assess , Granted",13/10/2023,06/10/2029,Implicit,FALSE,FALSE,FALSE,FALSE,FALSE,FALSE,FALSE,FALSE,FALSE,,,CPPSEC2001A,TRUE,1,21/01/2019,CPP,Property Services Training Package,FALSE,BuildSkills Australia,,,,,,Skills and Workforce Ministerial Council,,,,,99905,Security Services,,,,,,,TRUE,FALSE,,FALSE
41304,PM2 Pty Ltd,ONSHIFT EDUCATION;PM SQUARED,CPPSEC2102,Apply legal and procedural requirements to work effectively within a security team,N,Unit of competency,Current,21/01/2019,Current,21/01/2019,,"Deliver and assess , Granted",13/10/2023,06/10/2029,Implicit,FALSE,FALSE,FALSE,FALSE,FALSE,FALSE,FALSE,FALSE,FALSE,,,CPPSEC2003B;CPPSEC2005A,False;False,1,21/01/2019,CPP,Property Services Training Package,FALSE,BuildSkills Australia,,,,,,Skills and Workforce Ministerial Council,,,,,99905,Security Services,,,,,,,TRUE,FALSE,,FALSE
41304,PM2 Pty Ltd,ONSHIFT EDUCATION;PM SQUARED,CPPSEC2103,"Apply WHS, emergency response and evacuation procedures to maintain security",N,Unit of competency,Current,21/01/2019,Current,21/01/2019,,"Deliver and assess , Granted",13/10/2023,06/10/2029,Implicit,FALSE,FALSE,FALSE,FALSE,FALSE,FALSE,FALSE,FALSE,FALSE,,,CPPSEC2002A;CPPSEC1004A,True;True,4,13/01/2021,CPP,Property Services Training Package,FALSE,BuildSkills Australia,,,,,,Skills and Workforce Ministerial Council,,,,,99905,Security Services,,,,,,,TRUE,FALSE,,FALSE
41304,PM2 Pty Ltd,ONSHIFT EDUCATION;PM SQUARED,CPPSEC2104,Apply risk assessment to select and carry out response to security risk situations,N,Unit of competency,Current,21/01/2019,Current,21/01/2019,,"Deliver and assess , Granted",13/10/2023,06/10/2029,Implicit,FALSE,FALSE,FALSE,FALSE,FALSE,FALSE,FALSE,FALSE,FALSE,,,CPPSEC2004B;CPPSEC1001A,True;True,2,08/02/2019,CPP,Property Services Training Package,FALSE,BuildSkills Australia,,,,,,Skills and Workforce Ministerial Council,,,,,99905,Security Services,,,,,,,TRUE,FALSE,,FALSE
41304,PM2 Pty Ltd,ONSHIFT EDUCATION;PM SQUARED,CPPSEC2105,Provide quality services to a range of security clients,N,Unit of competency,Current,21/01/2019,Current,21/01/2019,,"Deliver and assess , Granted",13/10/2023,06/10/2029,Implicit,FALSE,FALSE,FALSE,FALSE,FALSE,FALSE,FALSE,FALSE,FALSE,,,CPPSEC2006B;CPPSEC1002A,True;True,2,08/02/2019,CPP,Property Services Training Package,FALSE,BuildSkills Australia,,,,,,Skills and Workforce Ministerial Council,,,,,99905,Security Services,,,,,,,TRUE,FALSE,,FALSE
41304,PM2 Pty Ltd,ONSHIFT EDUCATION;PM SQUARED,CPPSEC2106,Protect self and others using basic defensive techniques,N,Unit of competency,Current,21/01/2019,Current,21/01/2019,,"Deliver and assess , Granted",13/10/2023,06/10/2029,Implicit,FALSE,FALSE,FALSE,FALSE,FALSE,FALSE,FALSE,FALSE,FALSE,,,CPPSEC2017A,TRUE,1,21/01/2019,CPP,Property Services Training Package,FALSE,BuildSkills Australia,,,,,,Skills and Workforce Ministerial Council,,,,,99905,Security Services,,,,,,,TRUE,FALSE,,FALSE
41304,PM2 Pty Ltd,ONSHIFT EDUCATION;PM SQUARED,CPPSEC2107,Patrol premises to monitor property and maintain security,N,Unit of competency,Current,21/01/2019,Current,21/01/2019,,"Deliver and assess , Granted",13/10/2023,06/10/2029,Implicit,FALSE,FALSE,FALSE,FALSE,FALSE,FALSE,FALSE,FALSE,FALSE,,,CPPSEC2015A,TRUE,1,21/01/2019,CPP,Property Services Training Package,FALSE,BuildSkills Australia,,,,,,Skills and Workforce Ministerial Council,,,,,99905,Security Services,,,,,,,TRUE,FALSE,,FALSE
41304,PM2 Pty Ltd,ONSHIFT EDUCATION;PM SQUARED,CPPSEC2108,"Screen people, personal effects and items to maintain security",N,Unit of competency,Current,21/01/2019,Current,21/01/2019,,"Deliver and assess , Granted",13/10/2023,06/10/2029,Implicit,FALSE,FALSE,FALSE,FALSE,FALSE,FALSE,FALSE,FALSE,FALSE,,,CPPSEC2008A;CPPSEC2007A,False;False,1,21/01/2019,CPP,Property Services Training Package,FALSE,BuildSkills Australia,,,,,,Skills and Workforce Ministerial Council,,,,,99905,Security Services,,,,,,,TRUE,FALSE,,FALSE
41304,PM2 Pty Ltd,ONSHIFT EDUCATION;PM SQUARED,CPPSEC2109,Monitor and control access and exit of persons and vehicles from premises,N,Unit of competency,Current,21/01/2019,Current,21/01/2019,,"Deliver and assess , Granted",13/10/2023,06/10/2029,Implicit,FALSE,FALSE,FALSE,FALSE,FALSE,FALSE,FALSE,FALSE,FALSE,,,CPPSEC2011B;CPPSEC3017A,False;False,1,21/01/2019,CPP,Property Services Training Package,FALSE,BuildSkills Australia,,,,,,Skills and Workforce Ministerial Council,,,,,99905,Security Services,,,,,,,TRUE,FALSE,,FALSE
41304,PM2 Pty Ltd,ONSHIFT EDUCATION;PM SQUARED,CPPSEC2110,Monitor and control individual and crowd behaviour to maintain security,N,Unit of competency,Current,21/01/2019,Current,21/01/2019,,"Deliver and assess , Granted",13/10/2023,06/10/2029,Implicit,FALSE,FALSE,FALSE,FALSE,FALSE,FALSE,FALSE,FALSE,FALSE,,,CPPSEC2014A;CPPSEC2012A,False;False,1,21/01/2019,CPP,Property Services Training Package,FALSE,BuildSkills Australia,,,,,,Skills and Workforce Ministerial Council,,,,,99905,Security Services,,,,,,,TRUE,FALSE,,FALSE
41304,PM2 Pty Ltd,ONSHIFT EDUCATION;PM SQUARED,CPPSEC2111,Apply security procedures to manage intoxicated persons,N,Unit of competency,Current,21/01/2019,Current,21/01/2019,,"Deliver and assess , Granted",13/10/2023,06/10/2029,Implicit,FALSE,FALSE,FALSE,FALSE,FALSE,FALSE,FALSE,FALSE,FALSE,,,CPPSEC1003A,TRUE,1,21/01/2019,CPP,Property Services Training Package,FALSE,BuildSkills Australia,,,,,,Skills and Workforce Ministerial Council,,,,,99905,Security Services,,,,,,,TRUE,FALSE,,FALSE
41304,PM2 Pty Ltd,ONSHIFT EDUCATION;PM SQUARED,CPPSEC2112,Apply security procedures to remove persons from premises,N,Unit of competency,Current,21/01/2019,Current,21/01/2019,,"Deliver and assess , Granted",13/10/2023,06/10/2029,Implicit,FALSE,FALSE,FALSE,FALSE,FALSE,FALSE,FALSE,FALSE,FALSE,,,,,1,21/01/2019,CPP,Property Services Training Package,FALSE,BuildSkills Australia,,,,,,Skills and Workforce Ministerial Council,,,,,99905,Security Services,,,,,,,TRUE,FALSE,,FALSE
41304,PM2 Pty Ltd,ONSHIFT EDUCATION;PM SQUARED,CPPSEC2113,Escort and protect persons and valuables,N,Unit of competency,Current,21/01/2019,Current,21/01/2019,,"Deliver and assess , Granted",13/10/2023,06/10/2029,Implicit,FALSE,FALSE,FALSE,FALSE,FALSE,FALSE,FALSE,FALSE,FALSE,,,CPPSEC2013A,FALSE,1,21/01/2019,CPP,Property Services Training Package,FALSE,BuildSkills Australia,,,,,,Skills and Workforce Ministerial Council,,,,,99905,Security Services,,,,,,,TRUE,FALSE,,FALSE
41304,PM2 Pty Ltd,ONSHIFT EDUCATION;PM SQUARED,CPPSEC2114,Monitor electronic security equipment and respond to alarm events,N,Unit of competency,Current,21/01/2019,Current,21/01/2019,,"Deliver and assess , Granted",18/08/2023,06/10/2029,Implicit,FALSE,FALSE,FALSE,FALSE,FALSE,FALSE,FALSE,FALSE,FALSE,,,CPPSEC2018A,TRUE,1,21/01/2019,CPP,Property Services Training Package,FALSE,BuildSkills Australia,,,,,,Skills and Workforce Ministerial Council,,,,,29901,Security Science,,,,,,,TRUE,FALSE,,FALSE
41304,PM2 Pty Ltd,ONSHIFT EDUCATION;PM SQUARED,CPPSEC3101,Manage conflict and security risks using negotiation,N,Unit of competency,Current,21/01/2019,Current,21/01/2019,,"Deliver and assess , Granted",18/08/2023,06/10/2029,Implicit,FALSE,FALSE,FALSE,FALSE,FALSE,FALSE,FALSE,FALSE,FALSE,,,CPPSEC3002A,TRUE,2,30/09/2019,CPP,Property Services Training Package,FALSE,BuildSkills Australia,,,,,,Skills and Workforce Ministerial Council,,,,,90513,Counselling,,,,,,,TRUE,FALSE,,FALSE
41304,PM2 Pty Ltd,ONSHIFT EDUCATION;PM SQUARED,CPPSEC3102,Maintain operational safety and security of work environment,N,Unit of competency,Current,21/01/2019,Current,21/01/2019,,"Deliver and assess , Granted",18/08/2023,06/10/2029,Implicit,FALSE,FALSE,FALSE,FALSE,FALSE,FALSE,FALSE,FALSE,FALSE,,,CPPSEC3007A,TRUE,1,21/01/2019,CPP,Property Services Training Package,FALSE,BuildSkills Australia,,,,,,Skills and Workforce Ministerial Council,,,,,99905,Security Services,,,,,,,TRUE,FALSE,,FALSE
41304,PM2 Pty Ltd,ONSHIFT EDUCATION;PM SQUARED,CPPSEC3103,Determine and implement response to security risk situation,N,Unit of competency,Current,21/01/2019,Current,21/01/2019,,"Deliver and assess , Granted",18/08/2023,06/10/2029,Implicit,FALSE,FALSE,FALSE,FALSE,FALSE,FALSE,FALSE,FALSE,FALSE,,,CPPSEC3003A,TRUE,1,21/01/2019,CPP,Property Services Training Package,FALSE,BuildSkills Australia,,,,,,Skills and Workforce Ministerial Council,,,,,99905,Security Services,,,,,,,TRUE,FALSE,,FALSE
41304,PM2 Pty Ltd,ONSHIFT EDUCATION;PM SQUARED,CPPSEC3104,Coordinate monitoring and control of individual and crowd behaviour,N,Unit of competency,Current,21/01/2019,Current,21/01/2019,,"Deliver and assess , Granted",18/08/2023,06/10/2029,Implicit,FALSE,FALSE,FALSE,FALSE,FALSE,FALSE,FALSE,FALSE,FALSE,,,CPPSEC2010A,TRUE,1,21/01/2019,CPP,Property Services Training Package,FALSE,BuildSkills Australia,,,,,,Skills and Workforce Ministerial Council,,,,,99905,Security Services,,,,,,,TRUE,FALSE,,FALSE
41304,PM2 Pty Ltd,ONSHIFT EDUCATION;PM SQUARED,CPPSEC3105,Coordinate provision of quality security services to clients,N,Unit of competency,Current,21/01/2019,Current,21/01/2019,,"Deliver and assess , Granted",18/08/2023,06/10/2029,Implicit,FALSE,FALSE,FALSE,FALSE,FALSE,FALSE,FALSE,FALSE,FALSE,,,CPPSEC3006A,TRUE,1,21/01/2019,CPP,Property Services Training Package,FALSE,BuildSkills Australia,,,,,,Skills and Workforce Ministerial Council,,,,,99905,Security Services,,,,,,,TRUE,FALSE,,FALSE
41304,PM2 Pty Ltd,ONSHIFT EDUCATION;PM SQUARED,CPPSEC3106,"Gather, organise and present security information and documentation",N,Unit of competency,Current,21/01/2019,Current,21/01/2019,,"Deliver and assess , Granted",18/08/2023,06/10/2029,Implicit,FALSE,FALSE,FALSE,FALSE,FALSE,FALSE,FALSE,FALSE,FALSE,,,CPPSEC3005A,TRUE,1,21/01/2019,CPP,Property Services Training Package,FALSE,BuildSkills Australia,,,,,,Skills and Workforce Ministerial Council,,,,,99905,Security Services,,,,,,,TRUE,FALSE,,FALSE
41304,PM2 Pty Ltd,ONSHIFT EDUCATION;PM SQUARED,CPPSEC3107,Monitor security and coordinate response from control rooms,N,Unit of competency,Current,21/01/2019,Current,21/01/2019,,"Deliver and assess , Granted",18/08/2023,06/10/2029,Implicit,FALSE,FALSE,FALSE,FALSE,FALSE,FALSE,FALSE,FALSE,FALSE,,,CPPSEC3020A,TRUE,1,21/01/2019,CPP,Property Services Training Package,FALSE,BuildSkills Australia,,,,,,Skills and Workforce Ministerial Council,,,,,99905,Security Services,,,,,,,TRUE,FALSE,,FALSE
41304,PM2 Pty Ltd,ONSHIFT EDUCATION;PM SQUARED,CPPSEC3108,"Store, protect and dispose of security information",N,Unit of competency,Current,21/01/2019,Current,21/01/2019,,"Deliver and assess , Granted",18/08/2023,06/10/2029,Implicit,FALSE,FALSE,FALSE,FALSE,FALSE,FALSE,FALSE,FALSE,FALSE,,,CPPSEC3012A,FALSE,1,21/01/2019,CPP,Property Services Training Package,FALSE,BuildSkills Australia,,,,,,Skills and Workforce Ministerial Council,,,,,99905,Security Services,,,,,,,TRUE,FALSE,,FALSE
41304,PM2 Pty Ltd,ONSHIFT EDUCATION;PM SQUARED,CPPSEC3109,Use and maintain security databases and compile reports,N,Unit of competency,Current,21/01/2019,Current,21/01/2019,,"Deliver and assess , Granted",18/08/2023,06/10/2029,Implicit,FALSE,FALSE,FALSE,FALSE,FALSE,FALSE,FALSE,FALSE,FALSE,,,CPPSEC3021A,FALSE,1,21/01/2019,CPP,Property Services Training Package,FALSE,BuildSkills Australia,,,,,,Skills and Workforce Ministerial Council,,,,,20303,Database Management,,,,,,,TRUE,FALSE,,FALSE
41304,PM2 Pty Ltd,ONSHIFT EDUCATION;PM SQUARED,CPPSEC3110,Control persons using batons,N,Unit of competency,Current,21/01/2019,Current,21/01/2019,,"Deliver and assess , Granted",18/08/2023,06/10/2029,Implicit,FALSE,FALSE,FALSE,FALSE,FALSE,FALSE,FALSE,FALSE,FALSE,,,CPPSEC3014A,TRUE,1,21/01/2019,CPP,Property Services Training Package,FALSE,BuildSkills Australia,,,,,,Skills and Workforce Ministerial Council,,,,,91105,Police Studies,,,,,,,TRUE,FALSE,,FALSE
41304,PM2 Pty Ltd,ONSHIFT EDUCATION;PM SQUARED,CPPSEC3111,Restrain persons using handcuffs,N,Unit of competency,Current,21/01/2019,Current,21/01/2019,,"Deliver and assess , Granted",18/08/2023,06/10/2029,Implicit,FALSE,FALSE,FALSE,FALSE,FALSE,FALSE,FALSE,FALSE,FALSE,,,CPPSEC3015A,TRUE,1,21/01/2019,CPP,Property Services Training Package,FALSE,BuildSkills Australia,,,,,,Skills and Workforce Ministerial Council,,,,,91105,Police Studies,,,,,,,TRUE,FALSE,,FALSE
41304,PM2 Pty Ltd,ONSHIFT EDUCATION;PM SQUARED,CPPSEC3112,Manage training and well-being of dogs for security functions,N,Unit of competency,Current,21/01/2019,Current,21/01/2019,,"Deliver and assess , Granted",18/08/2023,06/10/2029,Implicit,FALSE,FALSE,FALSE,FALSE,FALSE,FALSE,FALSE,FALSE,FALSE,,,CPPSEC3010A,TRUE,1,21/01/2019,CPP,Property Services Training Package,FALSE,BuildSkills Australia,,,,,,Skills and Workforce Ministerial Council,,,,,99905,Security Services,,,,,,,TRUE,FALSE,,FALSE
41304,PM2 Pty Ltd,ONSHIFT EDUCATION;PM SQUARED,CPPSEC3113,Handle dogs for security patrols,N,Unit of competency,Current,21/01/2019,Current,21/01/2019,,"Deliver and assess , Granted",18/08/2023,06/10/2029,Implicit,FALSE,FALSE,FALSE,FALSE,FALSE,FALSE,FALSE,FALSE,FALSE,,,CPPSEC3011A,TRUE,1,21/01/2019,CPP,Property Services Training Package,FALSE,BuildSkills Australia,,,,,,Skills and Workforce Ministerial Council,,,,,99905,Security Services,,,,,,,TRUE,FALSE,,FALSE
41304,PM2 Pty Ltd,ONSHIFT EDUCATION;PM SQUARED,CPPSEC3114,Control security risk situations using firearms,N,Unit of competency,Current,21/01/2019,Current,21/01/2019,,"Deliver and assess , Granted",18/08/2023,06/10/2029,Implicit,FALSE,FALSE,FALSE,FALSE,FALSE,FALSE,FALSE,FALSE,FALSE,,,CPPSEC3008A,TRUE,2,19/12/2022,CPP,Property Services Training Package,FALSE,BuildSkills Australia,,,,,,Skills and Workforce Ministerial Council,,,,,91105,Police Studies,,,,,,,TRUE,FALSE,,TRUE
41304,PM2 Pty Ltd,ONSHIFT EDUCATION;PM SQUARED,CPPSEC3115,"Carry, operate and maintain revolvers for security purposes",N,Unit of competency,Current,21/01/2019,Current,21/01/2019,,"Deliver and assess , Granted",18/08/2023,06/10/2029,Implicit,FALSE,FALSE,FALSE,FALSE,FALSE,FALSE,FALSE,FALSE,FALSE,,,,,1,21/01/2019,CPP,Property Services Training Package,FALSE,BuildSkills Australia,,,,,,Skills and Workforce Ministerial Council,,,,,30717,Plant And Machine Operations,,,,,,,TRUE,FALSE,,FALSE
41304,PM2 Pty Ltd,ONSHIFT EDUCATION;PM SQUARED,CPPSEC3116,"Carry, operate and maintain semi-automatic pistols for security purposes",N,Unit of competency,Current,21/01/2019,Current,21/01/2019,,"Deliver and assess , Granted",18/08/2023,06/10/2029,Implicit,FALSE,FALSE,FALSE,FALSE,FALSE,FALSE,FALSE,FALSE,FALSE,,,,,2,08/02/2019,CPP,Property Services Training Package,FALSE,BuildSkills Australia,,,,,,Skills and Workforce Ministerial Council,,,,,30717,Plant And Machine Operations,,,,,,,TRUE,FALSE,,FALSE
41304,PM2 Pty Ltd,ONSHIFT EDUCATION;PM SQUARED,CPPSEC3117,"Carry, operate and maintain shotguns for security purposes",N,Unit of competency,Current,21/01/2019,Current,21/01/2019,,"Deliver and assess , Granted",18/08/2023,06/10/2029,Implicit,FALSE,FALSE,FALSE,FALSE,FALSE,FALSE,FALSE,FALSE,FALSE,,,,,1,21/01/2019,CPP,Property Services Training Package,FALSE,BuildSkills Australia,,,,,,Skills and Workforce Ministerial Council,,,,,30717,Plant And Machine Operations,,,,,,,TRUE,FALSE,,FALSE
41304,PM2 Pty Ltd,ONSHIFT EDUCATION;PM SQUARED,CPPSEC3118,Inspect and test cash-in-transit security equipment and rectify faults,N,Unit of competency,Current,21/01/2019,Current,21/01/2019,,"Deliver and assess , Granted",18/08/2023,06/10/2029,Implicit,FALSE,FALSE,FALSE,FALSE,FALSE,FALSE,FALSE,FALSE,FALSE,,,CPPSEC3052A,TRUE,1,21/01/2019,CPP,Property Services Training Package,FALSE,BuildSkills Australia,,,,,,Skills and Workforce Ministerial Council,,,,,99905,Security Services,,,,,,,TRUE,FALSE,,FALSE
41304,PM2 Pty Ltd,ONSHIFT EDUCATION;PM SQUARED,CPPSEC3119,Implement cash-in-transit security procedures,N,Unit of competency,Current,21/01/2019,Current,21/01/2019,,"Deliver and assess , Granted",18/08/2023,06/10/2029,Implicit,FALSE,FALSE,FALSE,FALSE,FALSE,FALSE,FALSE,FALSE,FALSE,,,CPPSEC3051A,TRUE,1,21/01/2019,CPP,Property Services Training Package,FALSE,BuildSkills Australia,,,,,,Skills and Workforce Ministerial Council,,,,,99905,Security Services,,,,,,,TRUE,FALSE,,FALSE
41304,PM2 Pty Ltd,ONSHIFT EDUCATION;PM SQUARED,CPPSEC3120,Load and unload cash-in-transit in secured and unsecured environments,N,Unit of competency,Current,21/01/2019,Current,21/01/2019,,"Deliver and assess , Granted",18/08/2023,06/10/2029,Implicit,FALSE,FALSE,FALSE,FALSE,FALSE,FALSE,FALSE,FALSE,FALSE,,,CPPSEC2027A;CPPSEC3050A,False;False,1,21/01/2019,CPP,Property Services Training Package,FALSE,BuildSkills Australia,,,,,,Skills and Workforce Ministerial Council,,,,,99905,Security Services,,,,,,,TRUE,FALSE,,FALSE
41304,PM2 Pty Ltd,ONSHIFT EDUCATION;PM SQUARED,CPPSEC3121,Control persons using empty hand techniques,N,Unit of competency,Current,21/01/2019,Current,21/01/2019,,"Deliver and assess , Granted",18/08/2023,06/10/2029,Implicit,FALSE,FALSE,FALSE,FALSE,FALSE,FALSE,FALSE,FALSE,FALSE,,,CPPSEC3013A,TRUE,1,21/01/2019,CPP,Property Services Training Package,FALSE,BuildSkills Australia,,,,,,Skills and Workforce Ministerial Council,,,,,91105,Police Studies,,,,,,,TRUE,FALSE,,FALSE
41304,PM2 Pty Ltd,ONSHIFT EDUCATION;PM SQUARED,CPPSEC3122,Plan provision of close protection services,N,Unit of competency,Current,21/01/2019,Current,21/01/2019,,"Deliver and assess , Granted",18/08/2023,06/10/2029,Implicit,FALSE,FALSE,FALSE,FALSE,FALSE,FALSE,FALSE,FALSE,FALSE,,,CPPSEC3018A,FALSE,1,21/01/2019,CPP,Property Services Training Package,FALSE,BuildSkills Australia,,,,,,Skills and Workforce Ministerial Council,,,,,99905,Security Services,,,,,,,TRUE,FALSE,,FALSE
41304,PM2 Pty Ltd,ONSHIFT EDUCATION;PM SQUARED,CPPSEC3123,Implement close protection services,N,Unit of competency,Current,21/01/2019,Current,21/01/2019,,"Deliver and assess , Granted",18/08/2023,06/10/2029,Implicit,FALSE,FALSE,FALSE,FALSE,FALSE,FALSE,FALSE,FALSE,FALSE,,,,,1,21/01/2019,CPP,Property Services Training Package,FALSE,BuildSkills Australia,,,,,,Skills and Workforce Ministerial Council,,,,,99905,Security Services,,,,,,,TRUE,FALSE,,FALSE
41304,PM2 Pty Ltd,ONSHIFT EDUCATION;PM SQUARED,CPPSEC3124,Prepare and present evidence in court,N,Unit of competency,Current,21/01/2019,Current,21/01/2019,,"Deliver and assess , Granted",18/08/2023,06/10/2029,Implicit,FALSE,FALSE,FALSE,FALSE,FALSE,FALSE,FALSE,FALSE,FALSE,,,CPPSEC3009A,TRUE,1,21/01/2019,CPP,Property Services Training Package,FALSE,BuildSkills Australia,,,,,,Skills and Workforce Ministerial Council,,,,,91101,Justice Administration,,,,,,,TRUE,FALSE,,FALSE
41304,PM2 Pty Ltd,ONSHIFT EDUCATION;PM SQUARED,CPPSEC3125,Implement security procedures to protect critical infrastructure and public assets,N,Unit of competency,Current,21/01/2019,Current,21/01/2019,,"Deliver and assess , Granted",18/08/2023,06/10/2029,Implicit,FALSE,FALSE,FALSE,FALSE,FALSE,FALSE,FALSE,FALSE,FALSE,,,CPPSEC1005A,FALSE,1,21/01/2019,CPP,Property Services Training Package,FALSE,BuildSkills Australia,,,,,,Skills and Workforce Ministerial Council,,,,,99905,Security Services,,,,,,,TRUE,FALSE,,FALSE
41304,PM2 Pty Ltd,ONSHIFT EDUCATION;PM SQUARED,CPPSEC3126,Defend persons using spray,N,Unit of competency,Current,21/01/2019,Current,21/01/2019,,"Deliver and assess , Granted",18/08/2023,06/10/2029,Implicit,FALSE,FALSE,FALSE,FALSE,FALSE,FALSE,FALSE,FALSE,FALSE,,,CPPSEC3016A,TRUE,1,21/01/2019,CPP,Property Services Training Package,FALSE,BuildSkills Australia,,,,,,Skills and Workforce Ministerial Council,,,,,91105,Police Studies,,,,,,,TRUE,FALSE,,FALSE
41304,PM2 Pty Ltd,ONSHIFT EDUCATION;PM SQUARED,CPPSEC3127,Conduct security screening using x-ray equipment,N,Unit of competency,Current,21/01/2019,Current,21/01/2019,,"Deliver and assess , Granted",18/08/2023,06/10/2029,Implicit,FALSE,FALSE,FALSE,FALSE,FALSE,FALSE,FALSE,FALSE,FALSE,,,CPPSEC1006A,TRUE,1,21/01/2019,CPP,Property Services Training Package,FALSE,BuildSkills Australia,,,,,,Skills and Workforce Ministerial Council,,,,,99905,Security Services,,,,,,,TRUE,FALSE,,FALSE
41304,PM2 Pty Ltd,ONSHIFT EDUCATION;PM SQUARED,CPPSEC3128,Conduct security screening using walk-through metal detection equipment,N,Unit of competency,Current,21/01/2019,Current,21/01/2019,,"Deliver and assess , Granted",18/08/2023,06/10/2029,Implicit,FALSE,FALSE,FALSE,FALSE,FALSE,FALSE,FALSE,FALSE,FALSE,,,CPPSEC1007A,TRUE,1,21/01/2019,CPP,Property Services Training Package,FALSE,BuildSkills Australia,,,,,,Skills and Workforce Ministerial Council,,,,,99905,Security Services,,,,,,,TRUE,FALSE,,FALSE
41304,PM2 Pty Ltd,ONSHIFT EDUCATION;PM SQUARED,CPPSEC3129,Conduct security screening using explosive trace detection equipment,N,Unit of competency,Current,21/01/2019,Current,21/01/2019,,"Deliver and assess , Granted",18/08/2023,06/10/2029,Implicit,FALSE,FALSE,FALSE,FALSE,FALSE,FALSE,FALSE,FALSE,FALSE,,,CPPSEC1009A,TRUE,1,21/01/2019,CPP,Property Services Training Package,FALSE,BuildSkills Australia,,,,,,Skills and Workforce Ministerial Council,,,,,99905,Security Services,,,,,,,TRUE,FALSE,,FALSE
41304,PM2 Pty Ltd,ONSHIFT EDUCATION;PM SQUARED,CPPSEC3130,Conduct security screening using hand-held metal detectors,N,Unit of competency,Current,21/01/2019,Current,21/01/2019,,"Deliver and assess , Granted",18/08/2023,06/10/2029,Implicit,FALSE,FALSE,FALSE,FALSE,FALSE,FALSE,FALSE,FALSE,FALSE,,,CPPSEC1008A,TRUE,1,21/01/2019,CPP,Property Services Training Package,FALSE,BuildSkills Australia,,,,,,Skills and Workforce Ministerial Council,,,,,99905,Security Services,,,,,,,TRUE,FALSE,,FALSE
41304,PM2 Pty Ltd,ONSHIFT EDUCATION;PM SQUARED,CPPSEC3131,"Select, use and maintain body armour for security purposes",N,Unit of competency,Current,21/01/2019,Current,21/01/2019,,"Deliver and assess , Granted",18/08/2023,06/10/2029,Implicit,FALSE,FALSE,FALSE,FALSE,FALSE,FALSE,FALSE,FALSE,FALSE,,,,,1,21/01/2019,CPP,Property Services Training Package,FALSE,BuildSkills Australia,,,,,,Skills and Workforce Ministerial Council,,,,,61301,Occupational Health And Safety,,,,,,,TRUE,FALSE,,FALSE
41304,PM2 Pty Ltd,ONSHIFT EDUCATION;PM SQUARED,CPPWMT3003,Identify and respond to hazards and emergencies in waste management,N,Unit of competency,Current,14/02/2020,Current,14/02/2020,,"Deliver and assess , Granted",05/11/2021,06/10/2029,Implicit,FALSE,FALSE,FALSE,FALSE,FALSE,FALSE,FALSE,FALSE,FALSE,,,CPPWMT3044A;CPPWMT3011A,False;False,1,14/02/2020,CPP,Property Services Training Package,FALSE,BuildSkills Australia,,,,,,Skills and Workforce Ministerial Council,,,,,61301,Occupational Health And Safety,,,,,,,FALSE,FALSE,,FALSE
41304,PM2 Pty Ltd,ONSHIFT EDUCATION;PM SQUARED,CPPWMT3006,"Receive, transfer and dispatch waste",N,Unit of competency,Current,14/02/2020,Current,14/02/2020,,"Deliver and assess , Granted",05/11/2021,06/10/2029,Implicit,FALSE,FALSE,FALSE,FALSE,FALSE,FALSE,FALSE,FALSE,FALSE,,,CPPWMT3018A;CPPWMT3015A;CPPWMT3013A,False;False;False,1,14/02/2020,CPP,Property Services Training Package,FALSE,BuildSkills Australia,,,,,,Skills and Workforce Ministerial Council,,,,,39901,Environmental Engineering,,,,,,,TRUE,FALSE,,FALSE
41304,PM2 Pty Ltd,ONSHIFT EDUCATION;PM SQUARED,DEFVEH001,Conduct recovery vehicle operations in a field environment,N,Unit of competency,Current,17/08/2017,Current,17/08/2017,,"Deliver and assess , Granted",19/04/2024,06/10/2029,Implicit,FALSE,FALSE,FALSE,FALSE,FALSE,FALSE,FALSE,FALSE,FALSE,,,DEFVH001A,TRUE,1,17/08/2017,DEF,Defence Training Package,FALSE,Public Skills Australia,,,,,,Skills and Workforce Ministerial Council,,,,,30717,Plant And Machine Operations,,,,,,,FALSE,FALSE,,FALSE
41304,PM2 Pty Ltd,ONSHIFT EDUCATION;PM SQUARED,DEFVEH002,Extract disabled equipment using winching techniques in a field environment,N,Unit of competency,Current,17/08/2017,Current,17/08/2017,,"Deliver and assess , Granted",19/04/2024,06/10/2029,Implicit,FALSE,FALSE,FALSE,FALSE,FALSE,FALSE,FALSE,FALSE,FALSE,,,DEFVH002A,TRUE,1,17/08/2017,DEF,Defence Training Package,FALSE,Public Skills Australia,,,,,,Skills and Workforce Ministerial Council,,,,,30717,Plant And Machine Operations,,,,,,,FALSE,FALSE,,FALSE
41304,PM2 Pty Ltd,ONSHIFT EDUCATION;PM SQUARED,FBPOPR1010,Carry out manual handling tasks,N,Unit of competency,Superseded,08/09/2021,Superseded,11/12/2018,07/09/2021,"Deliver and assess , Granted",18/08/2023,06/10/2029,Implicit,FALSE,FALSE,FALSE,FALSE,FALSE,FALSE,FALSE,FALSE,FALSE,FBPOPR2074,TRUE,FDFOP1003A,TRUE,1,11/12/2018,FBP,"Food, Beverage and Pharmaceutical",FALSE,Manufacturing Industry Skills Alliance,,,,,,Skills and Workforce Ministerial Council,,,,,61301,Occupational Health And Safety,,,,,,,FALSE,FALSE,,FALSE
41304,PM2 Pty Ltd,ONSHIFT EDUCATION;PM SQUARED,FWPCOT2239,Trim and cut felled trees,N,Unit of competency,Superseded,03/12/2020,Superseded,13/05/2016,02/12/2020,"Deliver and assess , Granted",18/08/2023,06/10/2029,Implicit,FALSE,FALSE,FALSE,FALSE,FALSE,FALSE,FALSE,FALSE,FALSE,FWPCOT2256,TRUE,FPICOT2239A,TRUE,3,31/01/2020,FWP,Forest and Wood Products Training Package,FALSE,Skills Insight,,,,,,Skills and Workforce Ministerial Council,,,,,50501,Forestry Studies,,,,,,,FALSE,FALSE,,FALSE
41304,PM2 Pty Ltd,ONSHIFT EDUCATION;PM SQUARED,FWPCOT3315,Transport forestry logs using trucks,N,Unit of competency,Current,04/12/2020,Current,04/12/2020,,"Deliver and assess , Granted",14/06/2022,06/10/2029,Implicit,FALSE,FALSE,FALSE,FALSE,FALSE,FALSE,FALSE,FALSE,FALSE,,,FWPCOT3261,FALSE,1,04/12/2020,FWP,Forest and Wood Products Training Package,FALSE,Skills Insight,,,,,,Skills and Workforce Ministerial Council,,,,,30515,Automotive Vehicle Operations,,,,,,,TRUE,FALSE,,FALSE
41304,PM2 Pty Ltd,ONSHIFT EDUCATION;PM SQUARED,FWPFGM3212,Fall trees manually (intermediate),N,Unit of competency,Superseded,03/12/2020,Superseded,13/05/2016,02/12/2020,"Deliver and assess , Granted",18/08/2023,06/10/2029,Implicit,FALSE,FALSE,FALSE,FALSE,FALSE,FALSE,FALSE,FALSE,FALSE,FWPFGM3216,TRUE,FPIFGM3212,TRUE,1,13/05/2016,FWP,Forest and Wood Products Training Package,FALSE,Skills Insight,,,,,,Skills and Workforce Ministerial Council,,,,,50501,Forestry Studies,,,,,,,FALSE,FALSE,,FALSE
41304,PM2 Pty Ltd,ONSHIFT EDUCATION;PM SQUARED,HLTAID009,Provide cardiopulmonary resuscitation,N,Unit of competency,Current,16/10/2020,Current,16/10/2020,,"Deliver and assess , Granted",23/05/2022,06/10/2029,Explicit,TRUE,TRUE,TRUE,TRUE,TRUE,TRUE,TRUE,TRUE,FALSE,,,HLTAID001,FALSE,1,16/10/2020,HLT,Health,FALSE,HumanAbility,,,,,,Skills and Workforce Ministerial Council,,,,,69907,First Aid,,,,,,,TRUE,FALSE,,FALSE
41304,PM2 Pty Ltd,ONSHIFT EDUCATION;PM SQUARED,HLTAID011,Provide First Aid,N,Unit of competency,Current,16/10/2020,Current,16/10/2020,,"Deliver and assess , Granted",23/05/2022,06/10/2029,Explicit,TRUE,TRUE,TRUE,TRUE,TRUE,TRUE,TRUE,TRUE,FALSE,,,HLTAID003,FALSE,1,16/10/2020,HLT,Health,FALSE,HumanAbility,,,,,,Skills and Workforce Ministerial Council,,,,,69907,First Aid,,,,,,,TRUE,FALSE,,FALSE
41304,PM2 Pty Ltd,ONSHIFT EDUCATION;PM SQUARED,HLTAID012,Provide First Aid in an education and care setting,N,Unit of competency,Current,16/10/2020,Current,16/10/2020,,"Deliver and assess , Granted",18/08/2023,06/10/2029,Explicit,TRUE,TRUE,TRUE,TRUE,TRUE,TRUE,TRUE,TRUE,FALSE,,,HLTAID004,FALSE,2,07/12/2021,HLT,Health,FALSE,HumanAbility,,,,,,Skills and Workforce Ministerial Council,,,,,69907,First Aid,,,,,,,TRUE,FALSE,,FALSE
41304,PM2 Pty Ltd,ONSHIFT EDUCATION;PM SQUARED,HLTAID013,Provide First Aid in remote or isolated site,N,Unit of competency,Current,16/10/2020,Current,16/10/2020,,"Deliver and assess , Granted",18/08/2023,06/10/2029,Explicit,TRUE,TRUE,TRUE,TRUE,TRUE,TRUE,TRUE,TRUE,FALSE,,,HLTAID005,FALSE,1,16/10/2020,HLT,Health,FALSE,HumanAbility,,,,,,Skills and Workforce Ministerial Council,,,,,69907,First Aid,,,,,,,TRUE,FALSE,,FALSE
41304,PM2 Pty Ltd,ONSHIFT EDUCATION;PM SQUARED,HLTAID014,Provide Advanced First Aid,N,Unit of competency,Current,16/10/2020,Current,16/10/2020,,"Deliver and assess , Granted",18/08/2023,06/10/2029,Explicit,TRUE,TRUE,TRUE,TRUE,TRUE,TRUE,TRUE,TRUE,FALSE,,,HLTAID006,FALSE,1,16/10/2020,HLT,Health,FALSE,HumanAbility,,,,,,Skills and Workforce Ministerial Council,,,,,69907,First Aid,,,,,,,TRUE,FALSE,,FALSE
41304,PM2 Pty Ltd,ONSHIFT EDUCATION;PM SQUARED,HLTAID015,Provide advanced resuscitation and oxygen therapy,N,Unit of competency,Current,16/10/2020,Current,16/10/2020,,"Deliver and assess , Granted",18/08/2023,06/10/2029,Explicit,TRUE,TRUE,TRUE,TRUE,TRUE,TRUE,TRUE,TRUE,FALSE,,,HLTAID007,FALSE,2,07/12/2021,HLT,Health,FALSE,HumanAbility,,,,,,Skills and Workforce Ministerial Council,,,,,69907,First Aid,,,,,,,TRUE,FALSE,,TRUE
41304,PM2 Pty Ltd,ONSHIFT EDUCATION;PM SQUARED,HLTAID016,Manage first aid services and resources,N,Unit of competency,Current,16/10/2020,Current,16/10/2020,,"Deliver and assess , Granted",18/08/2023,06/10/2029,Explicit,TRUE,TRUE,TRUE,TRUE,TRUE,TRUE,TRUE,TRUE,FALSE,,,HLTAID008,TRUE,1,16/10/2020,HLT,Health,FALSE,HumanAbility,,,,,,Skills and Workforce Ministerial Council,,,,,69907,First Aid,,,,,,,TRUE,FALSE,,FALSE
41304,PM2 Pty Ltd,ONSHIFT EDUCATION;PM SQUARED,HLTINF006,Apply basic principles and practices of infection prevention and control,N,Unit of competency,Current,23/11/2022,Current,23/11/2022,,"Deliver and assess , Granted",18/08/2023,06/10/2029,Explicit,TRUE,TRUE,TRUE,TRUE,TRUE,TRUE,TRUE,TRUE,FALSE,,,HLTINF001,FALSE,1,23/11/2022,HLT,Health,FALSE,HumanAbility,,,,,,Skills and Workforce Ministerial Council,,,,,61399,"Public Health, N.e.c.",,,,,,,FALSE,FALSE,,FALSE
41304,PM2 Pty Ltd,ONSHIFT EDUCATION;PM SQUARED,HLTINFCOV001,Comply with infection prevention and control policies and procedures,N,Unit of competency,Current,12/05/2020,Current,12/05/2020,,"Deliver and assess , Granted",13/10/2023,06/10/2029,Implicit,FALSE,FALSE,FALSE,FALSE,FALSE,FALSE,FALSE,FALSE,FALSE,,,,,1,12/05/2020,HLT,Health,FALSE,HumanAbility,,,,,,Skills and Workforce Ministerial Council,,,,,61399,"Public Health, N.e.c.",,,,,,,TRUE,FALSE,,FALSE
41304,PM2 Pty Ltd,ONSHIFT EDUCATION;PM SQUARED,HLTPAT005,Collect specimens for drugs of abuse testing,N,Unit of competency,Superseded,21/12/2025,Superseded,06/08/2015,20/12/2025,"Deliver and assess , Granted",21/10/2022,20/12/2026,Explicit,TRUE,TRUE,TRUE,TRUE,TRUE,TRUE,TRUE,TRUE,FALSE,HLTPAT010,TRUE,,,2,08/12/2015,HLT,Health,FALSE,HumanAbility,,,,,,Skills and Workforce Ministerial Council,,,,,19909,Laboratory Technology,,,,,,,TRUE,FALSE,,FALSE
41304,PM2 Pty Ltd,ONSHIFT EDUCATION;PM SQUARED,HLTPAT010,Collect specimens for drugs of abuse testing,N,Unit of competency,Current,22/12/2025,Current,22/12/2025,,"Deliver and assess , Granted",22/12/2025,06/10/2029,Explicit,TRUE,TRUE,TRUE,TRUE,TRUE,TRUE,TRUE,TRUE,FALSE,,,HLTPAT005,TRUE,1,22/12/2025,HLT,Health,FALSE,HumanAbility,,,,,,Skills and Workforce Ministerial Council,,,,,19909,Laboratory Technology,,,,,,,FALSE,FALSE,,FALSE
41304,PM2 Pty Ltd,ONSHIFT EDUCATION;PM SQUARED,HLTWHS003,Maintain work health and safety,N,Unit of competency,Current,01/07/2013,Current,01/07/2013,,"Deliver and assess , Granted",18/08/2023,06/10/2029,Implicit,FALSE,FALSE,FALSE,FALSE,FALSE,FALSE,FALSE,FALSE,FALSE,,,HLTWHS456A,FALSE,3,06/08/2015,HLT,Health,FALSE,HumanAbility,,,,,,Skills and Workforce Ministerial Council,,,,,61301,Occupational Health And Safety,,,,,,,TRUE,FALSE,,FALSE
41304,PM2 Pty Ltd,ONSHIFT EDUCATION;PM SQUARED,HLTWHS005,Conduct manual tasks safely,N,Unit of competency,Current,06/08/2015,Current,06/08/2015,,"Deliver and assess , Granted",18/08/2023,06/10/2029,Explicit,TRUE,TRUE,TRUE,TRUE,TRUE,TRUE,TRUE,TRUE,FALSE,,,HLTHSE204D,FALSE,1,06/08/2015,HLT,Health,FALSE,HumanAbility,,,,,,Skills and Workforce Ministerial Council,,,,,61301,Occupational Health And Safety,,,,,,,TRUE,FALSE,,FALSE
41304,PM2 Pty Ltd,ONSHIFT EDUCATION;PM SQUARED,HLTWHS006,Manage personal stressors in the work environment,N,Unit of competency,Current,06/08/2015,Current,06/08/2015,,"Deliver and assess , Granted",05/11/2021,06/10/2029,Implicit,FALSE,FALSE,FALSE,FALSE,FALSE,FALSE,FALSE,FALSE,FALSE,,,HLTAMBPD401C,FALSE,1,06/08/2015,HLT,Health,FALSE,HumanAbility,,,,,,Skills and Workforce Ministerial Council,,,,,80305,Personal Management Training,,,,,,,TRUE,FALSE,,FALSE
41304,PM2 Pty Ltd,ONSHIFT EDUCATION;PM SQUARED,ICTBWN302,Install optical fibre splitters in fibre distribution hubs,N,Unit of competency,Current,14/01/2016,Current,14/01/2016,,"Deliver and assess , Granted",19/04/2024,06/10/2029,Implicit,FALSE,FALSE,FALSE,FALSE,FALSE,FALSE,FALSE,FALSE,FALSE,,,ICTBWN3088B,TRUE,1,14/01/2016,ICT,Information and Communications Technology,FALSE,Future Skills Organisation,,,,,,Skills and Workforce Ministerial Council,,,,,31309,Communications Equipment Installation And Maintenance,,,,,,,FALSE,FALSE,,FALSE
41304,PM2 Pty Ltd,ONSHIFT EDUCATION;PM SQUARED,ICTBWN303,Install lead-in module and cable for fibre to the premises,N,Unit of competency,Current,14/01/2016,Current,14/01/2016,,"Deliver and assess , Granted",19/04/2024,06/10/2029,Implicit,FALSE,FALSE,FALSE,FALSE,FALSE,FALSE,FALSE,FALSE,FALSE,,,ICTBWN3090B,TRUE,1,14/01/2016,ICT,Information and Communications Technology,FALSE,Future Skills Organisation,,,,,,Skills and Workforce Ministerial Council,,,,,31309,Communications Equipment Installation And Maintenance,,,,,,,TRUE,FALSE,,FALSE
41304,PM2 Pty Ltd,ONSHIFT EDUCATION;PM SQUARED,ICTBWN306,Use radio frequency measuring instruments,N,Unit of competency,Current,30/08/2019,Current,30/08/2019,,"Deliver and assess , Granted",19/04/2024,06/10/2029,Implicit,FALSE,FALSE,FALSE,FALSE,FALSE,FALSE,FALSE,FALSE,FALSE,,,,,1,30/08/2019,ICT,Information and Communications Technology,FALSE,Future Skills Organisation,,,,,,Skills and Workforce Ministerial Council,,,,,31307,Communications Technologies,,,,,,,FALSE,FALSE,,FALSE
41304,PM2 Pty Ltd,ONSHIFT EDUCATION;PM SQUARED,ICTBWN307,Use optical measuring instruments,N,Unit of competency,Current,30/08/2019,Current,30/08/2019,,"Deliver and assess , Granted",19/04/2024,06/10/2029,Implicit,FALSE,FALSE,FALSE,FALSE,FALSE,FALSE,FALSE,FALSE,FALSE,,,,,1,30/08/2019,ICT,Information and Communications Technology,FALSE,Future Skills Organisation,,,,,,Skills and Workforce Ministerial Council,,,,,31309,Communications Equipment Installation And Maintenance,,,,,,,FALSE,FALSE,,FALSE
41304,PM2 Pty Ltd,ONSHIFT EDUCATION;PM SQUARED,ICTBWN308,Work safely on live optical fibre installations,N,Unit of competency,Current,30/08/2019,Current,30/08/2019,,"Deliver and assess , Granted",19/04/2024,06/10/2029,Implicit,FALSE,FALSE,FALSE,FALSE,FALSE,FALSE,FALSE,FALSE,FALSE,,,ICTBWN304,FALSE,1,30/08/2019,ICT,Information and Communications Technology,FALSE,Future Skills Organisation,,,,,,Skills and Workforce Ministerial Council,,,,,61301,Occupational Health And Safety,,,,,,,FALSE,FALSE,,TRUE
41304,PM2 Pty Ltd,ONSHIFT EDUCATION;PM SQUARED,ICTBWN309,Perform tests on optical communication system and components,N,Unit of competency,Current,30/08/2019,Current,30/08/2019,,"Deliver and assess , Granted",19/04/2024,06/10/2029,Implicit,FALSE,FALSE,FALSE,FALSE,FALSE,FALSE,FALSE,FALSE,FALSE,,,ICTBWN301,FALSE,1,30/08/2019,ICT,Information and Communications Technology,FALSE,Future Skills Organisation,,,,,,Skills and Workforce Ministerial Council,,,,,31309,Communications Equipment Installation And Maintenance,,,,,,,FALSE,FALSE,,FALSE
41304,PM2 Pty Ltd,ONSHIFT EDUCATION;PM SQUARED,ICTCBL246,"Install, maintain and modify customer premises communications cabling: ACMA Restricted Rule",N,Unit of competency,Current,30/08/2019,Current,30/08/2019,,"Deliver and assess , Granted",19/04/2024,06/10/2029,Implicit,FALSE,FALSE,FALSE,FALSE,FALSE,FALSE,FALSE,FALSE,FALSE,,,ICTCBL236,TRUE,2,21/07/2020,ICT,Information and Communications Technology,FALSE,Future Skills Organisation,,,,,,Skills and Workforce Ministerial Council,,,,,31309,Communications Equipment Installation And Maintenance,,,,,,,TRUE,FALSE,,TRUE
41304,PM2 Pty Ltd,ONSHIFT EDUCATION;PM SQUARED,ICTCBL247,"Install, maintain and modify customer premises communications cabling: ACMA Open Rule",N,Unit of competency,Current,30/08/2019,Current,30/08/2019,,"Deliver and assess , Granted",19/04/2024,06/10/2029,Implicit,FALSE,FALSE,FALSE,FALSE,FALSE,FALSE,FALSE,FALSE,FALSE,,,ICTCBL237,TRUE,3,17/12/2024,ICT,Information and Communications Technology,FALSE,Future Skills Organisation,,,,,,Skills and Workforce Ministerial Council,,,,,31309,Communications Equipment Installation And Maintenance,,,,,,,TRUE,FALSE,,TRUE
41304,PM2 Pty Ltd,ONSHIFT EDUCATION;PM SQUARED,ICTCBL248,Install and terminate hard-line coaxial cable,N,Unit of competency,Current,30/08/2019,Current,30/08/2019,,"Deliver and assess , Granted",19/04/2024,06/10/2029,Implicit,FALSE,FALSE,FALSE,FALSE,FALSE,FALSE,FALSE,FALSE,FALSE,,,,,1,30/08/2019,ICT,Information and Communications Technology,FALSE,Future Skills Organisation,,,,,,Skills and Workforce Ministerial Council,,,,,31309,Communications Equipment Installation And Maintenance,,,,,,,TRUE,FALSE,,FALSE
41304,PM2 Pty Ltd,ONSHIFT EDUCATION;PM SQUARED,ICTCBL249,Haul underground cable for installation and maintenance work,N,Unit of competency,Current,30/08/2019,Current,30/08/2019,,"Deliver and assess , Granted",19/04/2024,06/10/2029,Implicit,FALSE,FALSE,FALSE,FALSE,FALSE,FALSE,FALSE,FALSE,FALSE,,,ICTCBL207,FALSE,1,30/08/2019,ICT,Information and Communications Technology,FALSE,Future Skills Organisation,,,,,,Skills and Workforce Ministerial Council,,,,,31309,Communications Equipment Installation And Maintenance,,,,,,,TRUE,FALSE,,FALSE
41304,PM2 Pty Ltd,ONSHIFT EDUCATION;PM SQUARED,ICTCBL251,Install aerial and underground cable lead-ins,N,Unit of competency,Current,30/08/2019,Current,30/08/2019,,"Deliver and assess , Granted",19/04/2024,06/10/2029,Implicit,FALSE,FALSE,FALSE,FALSE,FALSE,FALSE,FALSE,FALSE,FALSE,,,ICTCBL220,FALSE,1,30/08/2019,ICT,Information and Communications Technology,FALSE,Future Skills Organisation,,,,,,Skills and Workforce Ministerial Council,,,,,31309,Communications Equipment Installation And Maintenance,,,,,,,TRUE,FALSE,,FALSE
41304,PM2 Pty Ltd,ONSHIFT EDUCATION;PM SQUARED,ICTCBL253,Construct underground telecommunications infrastructure,N,Unit of competency,Current,30/08/2019,Current,30/08/2019,,"Deliver and assess , Granted",29/04/2024,06/10/2029,Explicit,TRUE,TRUE,TRUE,TRUE,TRUE,TRUE,TRUE,TRUE,FALSE,,,ICTCBL213,TRUE,1,30/08/2019,ICT,Information and Communications Technology,FALSE,Future Skills Organisation,,,,,,Skills and Workforce Ministerial Council,,,,,31309,Communications Equipment Installation And Maintenance,,,,,,,FALSE,FALSE,,FALSE
41304,PM2 Pty Ltd,ONSHIFT EDUCATION;PM SQUARED,ICTCBL254,Joint metallic conductor cable in access network,N,Unit of competency,Current,30/08/2019,Current,30/08/2019,,"Deliver and assess , Granted",19/04/2024,06/10/2029,Implicit,FALSE,FALSE,FALSE,FALSE,FALSE,FALSE,FALSE,FALSE,FALSE,,,ICTCBL215,TRUE,1,30/08/2019,ICT,Information and Communications Technology,FALSE,Future Skills Organisation,,,,,,Skills and Workforce Ministerial Council,,,,,31309,Communications Equipment Installation And Maintenance,,,,,,,TRUE,FALSE,,FALSE
41304,PM2 Pty Ltd,ONSHIFT EDUCATION;PM SQUARED,ICTCBL303,Install and terminate coaxial cable,N,Unit of competency,Current,14/01/2016,Current,14/01/2016,,"Deliver and assess , Granted",19/04/2024,06/10/2029,Implicit,FALSE,FALSE,FALSE,FALSE,FALSE,FALSE,FALSE,FALSE,FALSE,,,ICTCBL3011B,TRUE,2,30/08/2019,ICT,Information and Communications Technology,FALSE,Future Skills Organisation,,,,,,Skills and Workforce Ministerial Council,,,,,31309,Communications Equipment Installation And Maintenance,,,,,,,TRUE,FALSE,,FALSE
41304,PM2 Pty Ltd,ONSHIFT EDUCATION;PM SQUARED,ICTCBL306,Locate and identify cable system faults,N,Unit of competency,Current,14/01/2016,Current,14/01/2016,,"Deliver and assess , Granted",19/04/2024,06/10/2029,Implicit,FALSE,FALSE,FALSE,FALSE,FALSE,FALSE,FALSE,FALSE,FALSE,,,ICTCBL3015A,TRUE,2,30/08/2019,ICT,Information and Communications Technology,FALSE,Future Skills Organisation,,,,,,Skills and Workforce Ministerial Council,,,,,31309,Communications Equipment Installation And Maintenance,,,,,,,TRUE,FALSE,,FALSE
41304,PM2 Pty Ltd,ONSHIFT EDUCATION;PM SQUARED,ICTCBL313,Modify and cutover cable,N,Unit of competency,Current,14/01/2016,Current,14/01/2016,,"Deliver and assess , Granted",19/04/2024,06/10/2029,Implicit,FALSE,FALSE,FALSE,FALSE,FALSE,FALSE,FALSE,FALSE,FALSE,,,ICTCBL3067A,TRUE,2,30/08/2019,ICT,Information and Communications Technology,FALSE,Future Skills Organisation,,,,,,Skills and Workforce Ministerial Council,,,,,31309,Communications Equipment Installation And Maintenance,,,,,,,TRUE,FALSE,,FALSE
41304,PM2 Pty Ltd,ONSHIFT EDUCATION;PM SQUARED,ICTCBL316,Install ribbon fibre cable in the FTTX distribution network,N,Unit of competency,Current,14/01/2016,Current,14/01/2016,,"Deliver and assess , Granted",19/04/2024,06/10/2029,Implicit,FALSE,FALSE,FALSE,FALSE,FALSE,FALSE,FALSE,FALSE,FALSE,,,ICTCBL3240B,TRUE,2,30/08/2019,ICT,Information and Communications Technology,FALSE,Future Skills Organisation,,,,,,Skills and Workforce Ministerial Council,,,,,31309,Communications Equipment Installation And Maintenance,,,,,,,FALSE,FALSE,,TRUE
41304,PM2 Pty Ltd,ONSHIFT EDUCATION;PM SQUARED,ICTCBL319,Rearrange large size copper cable,N,Unit of competency,Current,18/01/2016,Current,18/01/2016,,"Deliver and assess , Granted",19/04/2024,06/10/2029,Implicit,FALSE,FALSE,FALSE,FALSE,FALSE,FALSE,FALSE,FALSE,FALSE,,,,,2,30/08/2019,ICT,Information and Communications Technology,FALSE,Future Skills Organisation,,,,,,Skills and Workforce Ministerial Council,,,,,31309,Communications Equipment Installation And Maintenance,,,,,,,TRUE,FALSE,,FALSE
41304,PM2 Pty Ltd,ONSHIFT EDUCATION;PM SQUARED,ICTCBL320,Jumper metallic conductor cable in the access network,N,Unit of competency,Current,18/01/2016,Current,18/01/2016,,"Deliver and assess , Granted",19/04/2024,06/10/2029,Implicit,FALSE,FALSE,FALSE,FALSE,FALSE,FALSE,FALSE,FALSE,FALSE,,,,,1,18/01/2016,ICT,Information and Communications Technology,FALSE,Future Skills Organisation,,,,,,Skills and Workforce Ministerial Council,,,,,31309,Communications Equipment Installation And Maintenance,,,,,,,TRUE,FALSE,,FALSE
41304,PM2 Pty Ltd,ONSHIFT EDUCATION;PM SQUARED,ICTCBL322,"Install, test and terminate optical fibre cable on customer premises",N,Unit of competency,Current,30/08/2019,Current,30/08/2019,,"Deliver and assess , Granted",19/04/2024,06/10/2029,Implicit,FALSE,FALSE,FALSE,FALSE,FALSE,FALSE,FALSE,FALSE,FALSE,,,ICTCBL302,FALSE,2,21/07/2020,ICT,Information and Communications Technology,FALSE,Future Skills Organisation,,,,,,Skills and Workforce Ministerial Council,,,,,31309,Communications Equipment Installation And Maintenance,,,,,,,TRUE,FALSE,,FALSE
41304,PM2 Pty Ltd,ONSHIFT EDUCATION;PM SQUARED,ICTCBL326,Cut over metallic conductor cable in the access network,N,Unit of competency,Current,30/08/2019,Current,30/08/2019,,"Deliver and assess , Granted",19/04/2024,06/10/2029,Implicit,FALSE,FALSE,FALSE,FALSE,FALSE,FALSE,FALSE,FALSE,FALSE,,,ICTCBL317,TRUE,1,30/08/2019,ICT,Information and Communications Technology,FALSE,Future Skills Organisation,,,,,,Skills and Workforce Ministerial Council,,,,,31307,Communications Technologies,,,,,,,TRUE,FALSE,,FALSE
41304,PM2 Pty Ltd,ONSHIFT EDUCATION;PM SQUARED,ICTCBL329,Install underground cable for communications applications,N,Unit of competency,Current,30/08/2019,Current,30/08/2019,,"Deliver and assess , Granted",19/04/2024,06/10/2029,Implicit,FALSE,FALSE,FALSE,FALSE,FALSE,FALSE,FALSE,FALSE,FALSE,,,ICTCBL308,FALSE,1,30/08/2019,ICT,Information and Communications Technology,FALSE,Future Skills Organisation,,,,,,Skills and Workforce Ministerial Council,,,,,31309,Communications Equipment Installation And Maintenance,,,,,,,TRUE,FALSE,,FALSE
41304,PM2 Pty Ltd,ONSHIFT EDUCATION;PM SQUARED,ICTCBL330,Splice and terminate optical fibre cable for telecommunications projects,N,Unit of competency,Current,30/08/2019,Current,30/08/2019,,"Deliver and assess , Granted",19/04/2024,06/10/2029,Implicit,FALSE,FALSE,FALSE,FALSE,FALSE,FALSE,FALSE,FALSE,FALSE,,,ICTCBL208,FALSE,1,30/08/2019,ICT,Information and Communications Technology,FALSE,Future Skills Organisation,,,,,,Skills and Workforce Ministerial Council,,,,,31309,Communications Equipment Installation And Maintenance,,,,,,,TRUE,FALSE,,FALSE
41304,PM2 Pty Ltd,ONSHIFT EDUCATION;PM SQUARED,ICTCBL332,"Locate, identify and rectify copper cable faults",N,Unit of competency,Current,30/08/2019,Current,30/08/2019,,"Deliver and assess , Granted",19/04/2024,06/10/2029,Implicit,FALSE,FALSE,FALSE,FALSE,FALSE,FALSE,FALSE,FALSE,FALSE,,,,,1,30/08/2019,ICT,Information and Communications Technology,FALSE,Future Skills Organisation,,,,,,Skills and Workforce Ministerial Council,,,,,31309,Communications Equipment Installation And Maintenance,,,,,,,FALSE,FALSE,,FALSE
41304,PM2 Pty Ltd,ONSHIFT EDUCATION;PM SQUARED,ICTCBL333,Install aerial cable for communications applications,N,Unit of competency,Current,30/08/2019,Current,30/08/2019,,"Deliver and assess , Granted",19/04/2024,06/10/2029,Implicit,FALSE,FALSE,FALSE,FALSE,FALSE,FALSE,FALSE,FALSE,FALSE,,,ICTCBL310,FALSE,1,30/08/2019,ICT,Information and Communications Technology,FALSE,Future Skills Organisation,,,,,,Skills and Workforce Ministerial Council,,,,,31309,Communications Equipment Installation And Maintenance,,,,,,,TRUE,FALSE,,FALSE
41304,PM2 Pty Ltd,ONSHIFT EDUCATION;PM SQUARED,ICTCBL334,Install underground enclosures and conduit,N,Unit of competency,Current,30/08/2019,Current,30/08/2019,,"Deliver and assess , Granted",18/08/2023,06/10/2029,Implicit,FALSE,FALSE,FALSE,FALSE,FALSE,FALSE,FALSE,FALSE,FALSE,,,ICTCBL307,TRUE,1,30/08/2019,ICT,Information and Communications Technology,FALSE,Future Skills Organisation,,,,,,Skills and Workforce Ministerial Council,,,,,31309,Communications Equipment Installation And Maintenance,,,,,,,TRUE,FALSE,,FALSE
41304,PM2 Pty Ltd,ONSHIFT EDUCATION;PM SQUARED,ICTCBL335,Construct aerial cable supports,N,Unit of competency,Current,30/08/2019,Current,30/08/2019,,"Deliver and assess , Granted",19/04/2024,06/10/2029,Implicit,FALSE,FALSE,FALSE,FALSE,FALSE,FALSE,FALSE,FALSE,FALSE,,,ICTCBL309,TRUE,1,30/08/2019,ICT,Information and Communications Technology,FALSE,Future Skills Organisation,,,,,,Skills and Workforce Ministerial Council,,,,,31309,Communications Equipment Installation And Maintenance,,,,,,,TRUE,FALSE,,FALSE
41304,PM2 Pty Ltd,ONSHIFT EDUCATION;PM SQUARED,ICTCBL336,Install and cut over metallic conductor cable to access network cabinet,N,Unit of competency,Current,30/08/2019,Current,30/08/2019,,"Deliver and assess , Granted",19/04/2024,06/10/2029,Implicit,FALSE,FALSE,FALSE,FALSE,FALSE,FALSE,FALSE,FALSE,FALSE,,,ICTCBL318,TRUE,1,30/08/2019,ICT,Information and Communications Technology,FALSE,Future Skills Organisation,,,,,,Skills and Workforce Ministerial Council,,,,,31307,Communications Technologies,,,,,,,TRUE,FALSE,,FALSE
41304,PM2 Pty Ltd,ONSHIFT EDUCATION;PM SQUARED,ICTDRE303,Install a complex digital reception system,N,Unit of competency,Current,14/01/2016,Current,14/01/2016,,"Deliver and assess , Granted",19/04/2024,06/10/2029,Implicit,FALSE,FALSE,FALSE,FALSE,FALSE,FALSE,FALSE,FALSE,FALSE,,,ICTDRE3165A,TRUE,2,30/08/2019,ICT,Information and Communications Technology,FALSE,Future Skills Organisation,,,,,,Skills and Workforce Ministerial Council,,,,,31309,Communications Equipment Installation And Maintenance,,,,,,,FALSE,FALSE,,FALSE
41304,PM2 Pty Ltd,ONSHIFT EDUCATION;PM SQUARED,ICTDRE308,Install a cable broadband multi-dwelling unit system,N,Unit of competency,Current,30/08/2019,Current,30/08/2019,,"Deliver and assess , Granted",19/04/2024,06/10/2029,Implicit,FALSE,FALSE,FALSE,FALSE,FALSE,FALSE,FALSE,FALSE,FALSE,,,,,1,30/08/2019,ICT,Information and Communications Technology,FALSE,Future Skills Organisation,,,,,,Skills and Workforce Ministerial Council,,,,,31309,Communications Equipment Installation And Maintenance,,,,,,,FALSE,FALSE,,FALSE
41304,PM2 Pty Ltd,ONSHIFT EDUCATION;PM SQUARED,ICTDRE314,Design communications wiring systems for customer premises,N,Unit of competency,Current,30/08/2019,Current,30/08/2019,,"Deliver and assess , Granted",19/04/2024,06/10/2029,Implicit,FALSE,FALSE,FALSE,FALSE,FALSE,FALSE,FALSE,FALSE,FALSE,,,ICTDRE304,TRUE,1,30/08/2019,ICT,Information and Communications Technology,FALSE,Future Skills Organisation,,,,,,Skills and Workforce Ministerial Council,,,,,31307,Communications Technologies,,,,,,,TRUE,FALSE,,TRUE
41304,PM2 Pty Ltd,ONSHIFT EDUCATION;PM SQUARED,ICTICT214,Operate application software packages,N,Unit of competency,Current,21/07/2020,Current,21/07/2020,,"Deliver and assess , Granted",29/08/2024,06/10/2029,Implicit,FALSE,FALSE,FALSE,FALSE,FALSE,FALSE,FALSE,FALSE,FALSE,,,ICTICT203,TRUE,2,03/02/2022,ICT,Information and Communications Technology,FALSE,Future Skills Organisation,,,,,,Skills and Workforce Ministerial Council,,,,,80905,Practical Computing Skills,,,,,,,FALSE,FALSE,,FALSE
41304,PM2 Pty Ltd,ONSHIFT EDUCATION;PM SQUARED,ICTICT312,Use advanced features of applications,N,Unit of competency,Current,21/07/2020,Current,21/07/2020,,"Deliver and assess , Granted",13/10/2023,06/10/2029,Implicit,FALSE,FALSE,FALSE,FALSE,FALSE,FALSE,FALSE,FALSE,FALSE,,,ICTICT308,TRUE,1,21/07/2020,ICT,Information and Communications Technology,FALSE,Future Skills Organisation,,,,,,Skills and Workforce Ministerial Council,,,,,80905,Practical Computing Skills,,,,,,,FALSE,FALSE,,FALSE
41304,PM2 Pty Ltd,ONSHIFT EDUCATION;PM SQUARED,ICTRFN406,Maintain hybrid fibre coaxial broadband cable network,N,Unit of competency,Current,14/01/2016,Current,14/01/2016,,"Deliver and assess , Granted",19/04/2024,06/10/2029,Implicit,FALSE,FALSE,FALSE,FALSE,FALSE,FALSE,FALSE,FALSE,FALSE,,,ICTRFN4178A,TRUE,2,30/08/2019,ICT,Information and Communications Technology,FALSE,Future Skills Organisation,,,,,,Skills and Workforce Ministerial Council,,,,,31309,Communications Equipment Installation And Maintenance,,,,,,,TRUE,FALSE,,FALSE
41304,PM2 Pty Ltd,ONSHIFT EDUCATION;PM SQUARED,ICTTEN202,Use hand and power tools,N,Unit of competency,Current,14/01/2016,Current,14/01/2016,,"Deliver and assess , Granted",19/04/2024,06/10/2029,Implicit,FALSE,FALSE,FALSE,FALSE,FALSE,FALSE,FALSE,FALSE,FALSE,,,ICTTEN2140B,TRUE,2,30/08/2019,ICT,Information and Communications Technology,FALSE,Future Skills Organisation,,,,,,Skills and Workforce Ministerial Council,,,,,30717,Plant And Machine Operations,,,,,,,FALSE,FALSE,,FALSE
41304,PM2 Pty Ltd,ONSHIFT EDUCATION;PM SQUARED,ICTTEN207,Install and test internet protocol devices in convergence networks,N,Unit of competency,Current,14/01/2016,Current,14/01/2016,,"Deliver and assess , Granted",19/04/2024,06/10/2029,Implicit,FALSE,FALSE,FALSE,FALSE,FALSE,FALSE,FALSE,FALSE,FALSE,,,ICTTEN2219A,TRUE,1,14/01/2016,ICT,Information and Communications Technology,FALSE,Future Skills Organisation,,,,,,Skills and Workforce Ministerial Council,,,,,31309,Communications Equipment Installation And Maintenance,,,,,,,FALSE,FALSE,,FALSE
41304,PM2 Pty Ltd,ONSHIFT EDUCATION;PM SQUARED,ICTTEN208,Use electrical skills when working with telecommunications networks,N,Unit of competency,Current,30/08/2019,Current,30/08/2019,,"Deliver and assess , Granted",19/04/2024,06/10/2029,Implicit,FALSE,FALSE,FALSE,FALSE,FALSE,FALSE,FALSE,FALSE,FALSE,,,ICTTEN201,FALSE,1,30/08/2019,ICT,Information and Communications Technology,FALSE,Future Skills Organisation,,,,,,Skills and Workforce Ministerial Council,,,,,31309,Communications Equipment Installation And Maintenance,,,,,,,FALSE,FALSE,,FALSE
41304,PM2 Pty Ltd,ONSHIFT EDUCATION;PM SQUARED,ICTTEN310,Remove and replace electronic circuit boards in carrier equipment,N,Unit of competency,Current,18/01/2016,Current,18/01/2016,,"Deliver and assess , Granted",19/04/2024,06/10/2029,Implicit,FALSE,FALSE,FALSE,FALSE,FALSE,FALSE,FALSE,FALSE,FALSE,,,,,1,18/01/2016,ICT,Information and Communications Technology,FALSE,Future Skills Organisation,,,,,,Skills and Workforce Ministerial Council,,,,,31317,Electronic Equipment Servicing,,,,,,,FALSE,FALSE,,FALSE
41304,PM2 Pty Ltd,ONSHIFT EDUCATION;PM SQUARED,ICTTEN312,Install telecommunications network equipment,N,Unit of competency,Current,30/08/2019,Current,30/08/2019,,"Deliver and assess , Granted",19/04/2024,06/10/2029,Implicit,FALSE,FALSE,FALSE,FALSE,FALSE,FALSE,FALSE,FALSE,FALSE,,,ICTTEN302,TRUE,1,30/08/2019,ICT,Information and Communications Technology,FALSE,Future Skills Organisation,,,,,,Skills and Workforce Ministerial Council,,,,,31309,Communications Equipment Installation And Maintenance,,,,,,,FALSE,FALSE,,FALSE
41304,PM2 Pty Ltd,ONSHIFT EDUCATION;PM SQUARED,ICTTEN313,Work on and resolve recurrent network faults,N,Unit of competency,Current,30/08/2019,Current,30/08/2019,,"Deliver and assess , Granted",19/04/2024,06/10/2029,Implicit,FALSE,FALSE,FALSE,FALSE,FALSE,FALSE,FALSE,FALSE,FALSE,,,ICTTEN303,TRUE,1,30/08/2019,ICT,Information and Communications Technology,FALSE,Future Skills Organisation,,,,,,Skills and Workforce Ministerial Council,,,,,31309,Communications Equipment Installation And Maintenance,,,,,,,FALSE,FALSE,,FALSE
41304,PM2 Pty Ltd,ONSHIFT EDUCATION;PM SQUARED,ICTTEN315,Determine and apply technologies within a telecommunications system,N,Unit of competency,Current,30/08/2019,Current,30/08/2019,,"Deliver and assess , Granted",19/04/2024,06/10/2029,Implicit,FALSE,FALSE,FALSE,FALSE,FALSE,FALSE,FALSE,FALSE,FALSE,,,,,1,30/08/2019,ICT,Information and Communications Technology,FALSE,Future Skills Organisation,,,,,,Skills and Workforce Ministerial Council,,,,,31309,Communications Equipment Installation And Maintenance,,,,,,,FALSE,FALSE,,FALSE
41304,PM2 Pty Ltd,ONSHIFT EDUCATION;PM SQUARED,ICTTEN317,"Locate, identify and rectify telecommunications network faults",N,Unit of competency,Current,30/08/2019,Current,30/08/2019,,"Deliver and assess , Granted",19/04/2024,06/10/2029,Implicit,FALSE,FALSE,FALSE,FALSE,FALSE,FALSE,FALSE,FALSE,FALSE,,,,,1,30/08/2019,ICT,Information and Communications Technology,FALSE,Future Skills Organisation,,,,,,Skills and Workforce Ministerial Council,,,,,31309,Communications Equipment Installation And Maintenance,,,,,,,FALSE,FALSE,,FALSE
41304,PM2 Pty Ltd,ONSHIFT EDUCATION;PM SQUARED,ICTTEN318,"Inspect, clean and handle optical fibre cable and connectors",N,Unit of competency,Current,30/08/2019,Current,30/08/2019,,"Deliver and assess , Granted",19/04/2024,06/10/2029,Implicit,FALSE,FALSE,FALSE,FALSE,FALSE,FALSE,FALSE,FALSE,FALSE,,,ICTTEN311,FALSE,1,30/08/2019,ICT,Information and Communications Technology,FALSE,Future Skills Organisation,,,,,,Skills and Workforce Ministerial Council,,,,,31309,Communications Equipment Installation And Maintenance,,,,,,,FALSE,FALSE,,FALSE
41304,PM2 Pty Ltd,ONSHIFT EDUCATION;PM SQUARED,ICTTEN409,Commission an electronic system,N,Unit of competency,Current,14/01/2016,Current,14/01/2016,,"Deliver and assess , Granted",19/04/2024,06/10/2029,Implicit,FALSE,FALSE,FALSE,FALSE,FALSE,FALSE,FALSE,FALSE,FALSE,,,ICTTEN4078A,TRUE,1,14/01/2016,ICT,Information and Communications Technology,FALSE,Future Skills Organisation,,,,,,Skills and Workforce Ministerial Council,,,,,31309,Communications Equipment Installation And Maintenance,,,,,,,FALSE,FALSE,,FALSE
41304,PM2 Pty Ltd,ONSHIFT EDUCATION;PM SQUARED,ICTTEN416,"Install, configure and test an internet protocol network",N,Unit of competency,Superseded,20/07/2020,Superseded,14/01/2016,19/07/2020,"Deliver and assess , Granted",19/04/2024,06/10/2029,Implicit,FALSE,FALSE,FALSE,FALSE,FALSE,FALSE,FALSE,FALSE,FALSE,ICTTEN434,FALSE,ICTTEN4198A,TRUE,1,14/01/2016,ICT,Information and Communications Technology,FALSE,Future Skills Organisation,,,,,,Skills and Workforce Ministerial Council,,,,,20113,Networks And Communications,,,,,,,FALSE,FALSE,,FALSE
41304,PM2 Pty Ltd,ONSHIFT EDUCATION;PM SQUARED,ICTWHS201,Provide telecommunications services safely on roofs,N,Unit of competency,Current,14/01/2016,Current,14/01/2016,,"Deliver and assess , Granted",19/04/2024,06/10/2029,Implicit,FALSE,FALSE,FALSE,FALSE,FALSE,FALSE,FALSE,FALSE,FALSE,,,ICTOHS2080A,TRUE,1,14/01/2016,ICT,Information and Communications Technology,FALSE,Future Skills Organisation,,,,,,Skills and Workforce Ministerial Council,,,,,61301,Occupational Health And Safety,,,,,,,FALSE,FALSE,,FALSE
41304,PM2 Pty Ltd,ONSHIFT EDUCATION;PM SQUARED,ICTWHS204,Follow work health and safety and environmental policy and procedures,N,Unit of competency,Current,14/01/2016,Current,14/01/2016,,"Deliver and assess , Granted",19/04/2024,06/10/2029,Implicit,FALSE,FALSE,FALSE,FALSE,FALSE,FALSE,FALSE,FALSE,FALSE,,,ICTWHS2170B,TRUE,2,13/09/2016,ICT,Information and Communications Technology,FALSE,Future Skills Organisation,,,,,,Skills and Workforce Ministerial Council,,,,,61301,Occupational Health And Safety,,,,,,,TRUE,FALSE,,FALSE
41304,PM2 Pty Ltd,ONSHIFT EDUCATION;PM SQUARED,ICTWHS205,Work safely near power infrastructure at a telecommunications workplace,N,Unit of competency,Current,30/08/2019,Current,30/08/2019,,"Deliver and assess , Granted",19/04/2024,06/10/2029,Implicit,FALSE,FALSE,FALSE,FALSE,FALSE,FALSE,FALSE,FALSE,FALSE,,,ICTWHS203,FALSE,1,30/08/2019,ICT,Information and Communications Technology,FALSE,Future Skills Organisation,,,,,,Skills and Workforce Ministerial Council,,,,,61301,Occupational Health And Safety,,,,,,,TRUE,FALSE,,FALSE
41304,PM2 Pty Ltd,ONSHIFT EDUCATION;PM SQUARED,ICTWOR202,Work effectively in the digital and telecommunications industry,N,Unit of competency,Current,30/08/2019,Current,30/08/2019,,"Deliver and assess , Granted",19/04/2024,06/10/2029,Implicit,FALSE,FALSE,FALSE,FALSE,FALSE,FALSE,FALSE,FALSE,FALSE,,,ICTWOR201,FALSE,1,30/08/2019,ICT,Information and Communications Technology,FALSE,Future Skills Organisation,,,,,,Skills and Workforce Ministerial Council,,,,,120505,Work Practices Programmes,,,,,,,FALSE,FALSE,,FALSE
41304,PM2 Pty Ltd,ONSHIFT EDUCATION;PM SQUARED,ICTWOR305,Supervise worksite activities,N,Unit of competency,Current,14/01/2016,Current,14/01/2016,,"Deliver and assess , Granted",19/04/2024,06/10/2029,Implicit,FALSE,FALSE,FALSE,FALSE,FALSE,FALSE,FALSE,FALSE,FALSE,,,ICTWOR3127A,TRUE,1,14/01/2016,ICT,Information and Communications Technology,FALSE,Future Skills Organisation,,,,,,Skills and Workforce Ministerial Council,,,,,80301,Business Management,,,,,,,FALSE,FALSE,,FALSE
41304,PM2 Pty Ltd,ONSHIFT EDUCATION;PM SQUARED,ICTWOR308,Provide customer service to telecommunications customers,N,Unit of competency,Current,30/08/2019,Current,30/08/2019,,"Deliver and assess , Granted",19/04/2024,06/10/2029,Implicit,FALSE,FALSE,FALSE,FALSE,FALSE,FALSE,FALSE,FALSE,FALSE,,,,,1,30/08/2019,ICT,Information and Communications Technology,FALSE,Future Skills Organisation,,,,,,Skills and Workforce Ministerial Council,,,,,80501,Sales,,,,,,,FALSE,FALSE,,FALSE
41304,PM2 Pty Ltd,ONSHIFT EDUCATION;PM SQUARED,LGACOM401A,Administer contracts,N,Unit of competency,Deleted,09/02/2021,Deleted,13/08/2009,08/02/2021,"Deliver and assess , Granted",18/08/2023,06/10/2029,Implicit,FALSE,FALSE,FALSE,FALSE,FALSE,FALSE,FALSE,FALSE,FALSE,,,,,2,11/09/2012,LGA04,Local Government Training Package,FALSE,Public Skills Australia,,,,,,Skills and Workforce Ministerial Council,,,,,80313,Public And Health Care Administration,,,,,,,FALSE,FALSE,,FALSE
41304,PM2 Pty Ltd,ONSHIFT EDUCATION;PM SQUARED,LGACOM402A,Arrange contracts,N,Unit of competency,Deleted,09/02/2021,Deleted,13/08/2009,08/02/2021,"Deliver and assess , Granted",18/08/2023,06/10/2029,Implicit,FALSE,FALSE,FALSE,FALSE,FALSE,FALSE,FALSE,FALSE,FALSE,,,,,2,11/09/2012,LGA04,Local Government Training Package,FALSE,Public Skills Australia,,,,,,Skills and Workforce Ministerial Council,,,,,90901,Business And Commercial Law,,,,,,,FALSE,FALSE,,FALSE
41304,PM2 Pty Ltd,ONSHIFT EDUCATION;PM SQUARED,LGACOM409A,Prepare tender documentation,N,Unit of competency,Deleted,09/02/2021,Deleted,13/08/2009,08/02/2021,"Deliver and assess , Granted",18/08/2023,06/10/2029,Implicit,FALSE,FALSE,FALSE,FALSE,FALSE,FALSE,FALSE,FALSE,FALSE,,,,,2,11/09/2012,LGA04,Local Government Training Package,FALSE,Public Skills Australia,,,,,,Skills and Workforce Ministerial Council,,,,,80313,Public And Health Care Administration,,,,,,,FALSE,FALSE,,FALSE
41304,PM2 Pty Ltd,ONSHIFT EDUCATION;PM SQUARED,LGACOM410A,Prepare response to tenders,N,Unit of competency,Deleted,09/02/2021,Deleted,13/08/2009,08/02/2021,"Deliver and assess , Granted",18/08/2023,06/10/2029,Implicit,FALSE,FALSE,FALSE,FALSE,FALSE,FALSE,FALSE,FALSE,FALSE,,,,,2,11/09/2012,LGA04,Local Government Training Package,FALSE,Public Skills Australia,,,,,,Skills and Workforce Ministerial Council,,,,,80313,Public And Health Care Administration,,,,,,,FALSE,FALSE,,FALSE
41304,PM2 Pty Ltd,ONSHIFT EDUCATION;PM SQUARED,LGADMIN417A,Conduct community consultations,N,Unit of competency,Deleted,09/02/2021,Deleted,13/08/2009,08/02/2021,"Deliver and assess , Granted",18/08/2023,06/10/2029,Implicit,FALSE,FALSE,FALSE,FALSE,FALSE,FALSE,FALSE,FALSE,FALSE,,,,,2,11/09/2012,LGA04,Local Government Training Package,FALSE,Public Skills Australia,,,,,,Skills and Workforce Ministerial Council,,,,,80509,Public Relations,,,,,,,FALSE,FALSE,,FALSE
41304,PM2 Pty Ltd,ONSHIFT EDUCATION;PM SQUARED,LGAWORK401A,Develop works maintenance schedule,N,Unit of competency,Superseded,09/02/2021,Superseded,13/08/2009,08/02/2021,"Deliver and assess , Granted",18/08/2023,06/10/2029,Implicit,FALSE,FALSE,FALSE,FALSE,FALSE,FALSE,FALSE,FALSE,FALSE,LGAOPS003,TRUE,,,2,11/09/2012,LGA04,Local Government Training Package,FALSE,Public Skills Australia,,,,,,Skills and Workforce Ministerial Council,,,,,80301,Business Management,,,,,,,FALSE,FALSE,,FALSE
41304,PM2 Pty Ltd,ONSHIFT EDUCATION;PM SQUARED,LGAWORK402A,Prepare for operational works,N,Unit of competency,Superseded,09/02/2021,Superseded,13/08/2009,08/02/2021,"Deliver and assess , Granted",18/08/2023,06/10/2029,Implicit,FALSE,FALSE,FALSE,FALSE,FALSE,FALSE,FALSE,FALSE,FALSE,LGAOPS001,FALSE,,,2,11/09/2012,LGA04,Local Government Training Package,FALSE,Public Skills Australia,,,,,,Skills and Workforce Ministerial Council,,,,,120505,Work Practices Programmes,,,,,,,FALSE,FALSE,,FALSE
41304,PM2 Pty Ltd,ONSHIFT EDUCATION;PM SQUARED,LGAWORK403A,Manage civil plant and resources,N,Unit of competency,Superseded,09/02/2021,Superseded,13/08/2009,08/02/2021,"Deliver and assess , Granted",18/08/2023,06/10/2029,Implicit,FALSE,FALSE,FALSE,FALSE,FALSE,FALSE,FALSE,FALSE,FALSE,LGAOPS005,TRUE,,,2,11/09/2012,LGA04,Local Government Training Package,FALSE,Public Skills Australia,,,,,,Skills and Workforce Ministerial Council,,,,,80315,Project Management,,,,,,,FALSE,FALSE,,FALSE
41304,PM2 Pty Ltd,ONSHIFT EDUCATION;PM SQUARED,MEM09002,Interpret technical drawing,N,Unit of competency,Current,26/06/2019,Current,26/06/2019,,"Deliver and assess , Granted",03/12/2025,06/10/2029,Implicit,FALSE,FALSE,FALSE,FALSE,FALSE,FALSE,FALSE,FALSE,FALSE,,,MEM09002B,TRUE,1,26/06/2019,MEM,Manufacturing and Engineering,FALSE,Manufacturing Industry Skills Alliance,,,,,,Skills and Workforce Ministerial Council,,,,,30701,Mechanical Engineering,,,,,,,FALSE,FALSE,,TRUE
41304,PM2 Pty Ltd,ONSHIFT EDUCATION;PM SQUARED,MEM09002B,Interpret technical drawing,N,Unit of competency,Superseded,25/06/2019,Superseded,01/12/2005,24/06/2019,"Deliver and assess , Granted",14/06/2022,01/12/2026,Implicit,FALSE,FALSE,FALSE,FALSE,FALSE,FALSE,FALSE,FALSE,FALSE,MEM09002,TRUE,,,1,01/12/2005,MEM05,Metal and Engineering Training Package,FALSE,Manufacturing Industry Skills Alliance,,,,,,Skills and Workforce Ministerial Council,,,,,30701,Mechanical Engineering,,,,,,,FALSE,FALSE,,FALSE
41304,PM2 Pty Ltd,ONSHIFT EDUCATION;PM SQUARED,MEM12023,Perform engineering measurements,N,Unit of competency,Current,26/06/2019,Current,26/06/2019,,"Deliver and assess , Granted",03/12/2025,06/10/2029,Implicit,FALSE,FALSE,FALSE,FALSE,FALSE,FALSE,FALSE,FALSE,FALSE,,,MEM12023A,TRUE,1,26/06/2019,MEM,Manufacturing and Engineering,FALSE,Manufacturing Industry Skills Alliance,,,,,,Skills and Workforce Ministerial Council,,,,,120103,Literacy And Numeracy Programmes,,,,,,,FALSE,FALSE,,TRUE
41304,PM2 Pty Ltd,ONSHIFT EDUCATION;PM SQUARED,MEM12024,Perform computations,N,Unit of competency,Current,26/06/2019,Current,26/06/2019,,"Deliver and assess , Granted",03/12/2025,06/10/2029,Implicit,FALSE,FALSE,FALSE,FALSE,FALSE,FALSE,FALSE,FALSE,FALSE,,,MEM12024A,TRUE,1,26/06/2019,MEM,Manufacturing and Engineering,FALSE,Manufacturing Industry Skills Alliance,,,,,,Skills and Workforce Ministerial Council,,,,,10101,Mathematics,,,,,,,FALSE,FALSE,,TRUE
41304,PM2 Pty Ltd,ONSHIFT EDUCATION;PM SQUARED,MEM13015,Work safely and effectively in manufacturing and engineering,N,Unit of competency,Current,26/06/2019,Current,26/06/2019,,"Deliver and assess , Granted",03/12/2025,06/10/2029,Implicit,FALSE,FALSE,FALSE,FALSE,FALSE,FALSE,FALSE,FALSE,FALSE,,,MEM14004A;MEM15002A;MEM15024A;MEM13014A;MEM16007A,False;False;False;False;False,1,26/06/2019,MEM,Manufacturing and Engineering,FALSE,Manufacturing Industry Skills Alliance,,,,,,Skills and Workforce Ministerial Council,,,,,120505,Work Practices Programmes,,,,,,,FALSE,FALSE,,FALSE
41304,PM2 Pty Ltd,ONSHIFT EDUCATION;PM SQUARED,MEM16006,Organise and communicate information,N,Unit of competency,Current,26/06/2019,Current,26/06/2019,,"Deliver and assess , Granted",03/12/2025,06/10/2029,Implicit,FALSE,FALSE,FALSE,FALSE,FALSE,FALSE,FALSE,FALSE,FALSE,,,MEM16006A,TRUE,1,26/06/2019,MEM,Manufacturing and Engineering,FALSE,Manufacturing Industry Skills Alliance,,,,,,Skills and Workforce Ministerial Council,,,,,120505,Work Practices Programmes,,,,,,,FALSE,FALSE,,TRUE
41304,PM2 Pty Ltd,ONSHIFT EDUCATION;PM SQUARED,MSAPMSUP201A,Receive or despatch goods,N,Unit of competency,Current,11/05/2009,Current,11/05/2009,,"Deliver and assess , Granted",14/06/2022,06/10/2029,Implicit,FALSE,FALSE,FALSE,FALSE,FALSE,FALSE,FALSE,FALSE,FALSE,,,,,1,11/05/2009,MSA07,Manufacturing Training Package,FALSE,Manufacturing Industry Skills Alliance,,,,,,Skills and Workforce Ministerial Council,,,,,89901,"Purchasing, Warehousing And Distribution",,,,,,,FALSE,FALSE,,FALSE
41304,PM2 Pty Ltd,ONSHIFT EDUCATION;PM SQUARED,MSFFL3127,Install synthetic textile floor coverings in indoor and outdoor facilities,N,Unit of competency,Current,21/12/2022,Current,21/12/2022,,"Deliver and assess , Granted",29/08/2024,06/10/2029,Implicit,FALSE,FALSE,FALSE,FALSE,FALSE,FALSE,FALSE,FALSE,FALSE,,,MSFFL3063,TRUE,1,21/12/2022,MSF,Furnishing Training Package,FALSE,Skills Insight,,,,,,Skills and Workforce Ministerial Council,,,,,40321,Floor Coverings,,,,,,,TRUE,FALSE,,FALSE
41304,PM2 Pty Ltd,ONSHIFT EDUCATION;PM SQUARED,MSL913004,Plan and conduct laboratory/field work,N,Unit of competency,Current,20/07/2018,Current,20/07/2018,,"Deliver and assess , Granted",13/10/2023,06/10/2029,Implicit,FALSE,FALSE,FALSE,FALSE,FALSE,FALSE,FALSE,FALSE,FALSE,,,MSL913002,TRUE,1,20/07/2018,MSL,Laboratory Operations,FALSE,Manufacturing Industry Skills Alliance,,,,,,Skills and Workforce Ministerial Council,,,,,19909,Laboratory Technology,,,,,,,FALSE,FALSE,,FALSE
41304,PM2 Pty Ltd,ONSHIFT EDUCATION;PM SQUARED,MSL924003,Process and interpret data,N,Unit of competency,Superseded,19/12/2022,Superseded,20/07/2018,18/12/2022,"Deliver and assess , Granted",18/08/2023,06/10/2029,Implicit,FALSE,FALSE,FALSE,FALSE,FALSE,FALSE,FALSE,FALSE,FALSE,MSL924005,TRUE,MSL924001,TRUE,1,20/07/2018,MSL,Laboratory Operations,FALSE,Manufacturing Industry Skills Alliance,,,,,,Skills and Workforce Ministerial Council,,,,,10103,Statistics,,,,,,,FALSE,FALSE,,FALSE
41304,PM2 Pty Ltd,ONSHIFT EDUCATION;PM SQUARED,MSL943003,Work safely with instruments that emit ionising radiation,N,Unit of competency,Current,20/07/2018,Current,20/07/2018,,"Deliver and assess , Granted",13/10/2023,06/10/2029,Implicit,FALSE,FALSE,FALSE,FALSE,FALSE,FALSE,FALSE,FALSE,FALSE,,,MSL943001,TRUE,1,20/07/2018,MSL,Laboratory Operations,FALSE,Manufacturing Industry Skills Alliance,,,,,,Skills and Workforce Ministerial Council,,,,,61301,Occupational Health And Safety,,,,,,,FALSE,FALSE,,FALSE
41304,PM2 Pty Ltd,ONSHIFT EDUCATION;PM SQUARED,MSL953003,Receive and prepare samples for testing,N,Unit of competency,Superseded,19/12/2022,Superseded,20/07/2018,18/12/2022,"Deliver and assess , Granted",18/08/2023,06/10/2029,Implicit,FALSE,FALSE,FALSE,FALSE,FALSE,FALSE,FALSE,FALSE,FALSE,MSL953005,TRUE,MSL953001,TRUE,1,20/07/2018,MSL,Laboratory Operations,FALSE,Manufacturing Industry Skills Alliance,,,,,,Skills and Workforce Ministerial Council,,,,,19909,Laboratory Technology,,,,,,,FALSE,FALSE,,FALSE
41304,PM2 Pty Ltd,ONSHIFT EDUCATION;PM SQUARED,MSL954004,Obtain representative samples in accordance with sampling plan,N,Unit of competency,Superseded,19/12/2022,Superseded,20/07/2018,18/12/2022,"Deliver and assess , Granted",18/08/2023,06/10/2029,Implicit,FALSE,FALSE,FALSE,FALSE,FALSE,FALSE,FALSE,FALSE,FALSE,MSL954007,FALSE,MSL954001,TRUE,1,20/07/2018,MSL,Laboratory Operations,FALSE,Manufacturing Industry Skills Alliance,,,,,,Skills and Workforce Ministerial Council,,,,,19909,Laboratory Technology,,,,,,,FALSE,FALSE,,FALSE
41304,PM2 Pty Ltd,ONSHIFT EDUCATION;PM SQUARED,MSL973013,Perform basic tests,N,Unit of competency,Superseded,19/12/2022,Superseded,20/07/2018,18/12/2022,"Deliver and assess , Granted",18/08/2023,06/10/2029,Implicit,FALSE,FALSE,FALSE,FALSE,FALSE,FALSE,FALSE,FALSE,FALSE,MSL973025,TRUE,MSL973001,TRUE,1,20/07/2018,MSL,Laboratory Operations,FALSE,Manufacturing Industry Skills Alliance,,,,,,Skills and Workforce Ministerial Council,,,,,19909,Laboratory Technology,,,,,,,FALSE,FALSE,,FALSE
41304,PM2 Pty Ltd,ONSHIFT EDUCATION;PM SQUARED,MSL973014,Prepare working solutions,N,Unit of competency,Superseded,19/12/2022,Superseded,20/07/2018,18/12/2022,"Deliver and assess , Granted",18/08/2023,06/10/2029,Implicit,FALSE,FALSE,FALSE,FALSE,FALSE,FALSE,FALSE,FALSE,FALSE,MSL973026,TRUE,MSL973002,TRUE,1,20/07/2018,MSL,Laboratory Operations,FALSE,Manufacturing Industry Skills Alliance,,,,,,Skills and Workforce Ministerial Council,,,,,19909,Laboratory Technology,,,,,,,FALSE,FALSE,,FALSE
41304,PM2 Pty Ltd,ONSHIFT EDUCATION;PM SQUARED,MSL973018,Prepare trial batches for evaluation,N,Unit of competency,Current,20/07/2018,Current,20/07/2018,,"Deliver and assess , Granted",18/08/2023,06/10/2029,Implicit,FALSE,FALSE,FALSE,FALSE,FALSE,FALSE,FALSE,FALSE,FALSE,,,MSL973006,TRUE,1,20/07/2018,MSL,Laboratory Operations,FALSE,Manufacturing Industry Skills Alliance,,,,,,Skills and Workforce Ministerial Council,,,,,19909,Laboratory Technology,,,,,,,FALSE,FALSE,,FALSE
41304,PM2 Pty Ltd,ONSHIFT EDUCATION;PM SQUARED,MSL973021,Conduct field-based acceptance tests for construction materials,N,Unit of competency,Current,20/07/2018,Current,20/07/2018,,"Deliver and assess , Granted",18/08/2023,06/10/2029,Implicit,FALSE,FALSE,FALSE,FALSE,FALSE,FALSE,FALSE,FALSE,FALSE,,,MSL973009,TRUE,1,20/07/2018,MSL,Laboratory Operations,FALSE,Manufacturing Industry Skills Alliance,,,,,,Skills and Workforce Ministerial Council,,,,,19909,Laboratory Technology,,,,,,,FALSE,FALSE,,FALSE
41304,PM2 Pty Ltd,ONSHIFT EDUCATION;PM SQUARED,MSL973022,Conduct laboratory-based acceptance tests for construction materials,N,Unit of competency,Current,20/07/2018,Current,20/07/2018,,"Deliver and assess , Granted",18/08/2023,06/10/2029,Implicit,FALSE,FALSE,FALSE,FALSE,FALSE,FALSE,FALSE,FALSE,FALSE,,,MSL973010,TRUE,1,20/07/2018,MSL,Laboratory Operations,FALSE,Manufacturing Industry Skills Alliance,,,,,,Skills and Workforce Ministerial Council,,,,,19909,Laboratory Technology,,,,,,,FALSE,FALSE,,FALSE
41304,PM2 Pty Ltd,ONSHIFT EDUCATION;PM SQUARED,MSL974016,Perform physical and mechanical tests,N,Unit of competency,Current,20/07/2018,Current,20/07/2018,,"Deliver and assess , Granted",18/08/2023,06/10/2029,Implicit,FALSE,FALSE,FALSE,FALSE,FALSE,FALSE,FALSE,FALSE,FALSE,,,MSL974005;MSL974010,True;True,1,20/07/2018,MSL,Laboratory Operations,FALSE,Manufacturing Industry Skills Alliance,,,,,,Skills and Workforce Ministerial Council,,,,,19909,Laboratory Technology,,,,,,,FALSE,FALSE,,FALSE
41304,PM2 Pty Ltd,ONSHIFT EDUCATION;PM SQUARED,MSL974017,"Prepare, standardise and use solutions",N,Unit of competency,Superseded,19/12/2022,Superseded,20/07/2018,18/12/2022,"Deliver and assess , Granted",18/08/2023,06/10/2029,Implicit,FALSE,FALSE,FALSE,FALSE,FALSE,FALSE,FALSE,FALSE,FALSE,MSL974031,TRUE,MSL974001,TRUE,1,20/07/2018,MSL,Laboratory Operations,FALSE,Manufacturing Industry Skills Alliance,,,,,,Skills and Workforce Ministerial Council,,,,,19909,Laboratory Technology,,,,,,,FALSE,FALSE,,FALSE
41304,PM2 Pty Ltd,ONSHIFT EDUCATION;PM SQUARED,MSL974019,Perform chemical tests and procedures,N,Unit of competency,Superseded,19/12/2022,Superseded,20/07/2018,18/12/2022,"Deliver and assess , Granted",18/08/2023,06/10/2029,Implicit,FALSE,FALSE,FALSE,FALSE,FALSE,FALSE,FALSE,FALSE,FALSE,MSL974032,TRUE,MSL974003,TRUE,1,20/07/2018,MSL,Laboratory Operations,FALSE,Manufacturing Industry Skills Alliance,,,,,,Skills and Workforce Ministerial Council,,,,,19909,Laboratory Technology,,,,,,,FALSE,FALSE,,FALSE
41304,PM2 Pty Ltd,ONSHIFT EDUCATION;PM SQUARED,MSL974026,Perform tests to determine the properties of construction materials,N,Unit of competency,Current,20/07/2018,Current,20/07/2018,,"Deliver and assess , Granted",18/08/2023,06/10/2029,Implicit,FALSE,FALSE,FALSE,FALSE,FALSE,FALSE,FALSE,FALSE,FALSE,,,MSL974012,TRUE,1,20/07/2018,MSL,Laboratory Operations,FALSE,Manufacturing Industry Skills Alliance,,,,,,Skills and Workforce Ministerial Council,,,,,19909,Laboratory Technology,,,,,,,FALSE,FALSE,,TRUE
41304,PM2 Pty Ltd,ONSHIFT EDUCATION;PM SQUARED,MSL975031,"Supervise sampling, inspections and testing at construction sites",N,Unit of competency,Superseded,19/12/2022,Superseded,20/07/2018,18/12/2022,"Deliver and assess , Granted",18/08/2023,06/10/2029,Implicit,FALSE,FALSE,FALSE,FALSE,FALSE,FALSE,FALSE,FALSE,FALSE,MSL975059,TRUE,MSL975007,TRUE,1,20/07/2018,MSL,Laboratory Operations,FALSE,Manufacturing Industry Skills Alliance,,,,,,Skills and Workforce Ministerial Council,,,,,19909,Laboratory Technology,,,,,,,FALSE,FALSE,,TRUE
41304,PM2 Pty Ltd,ONSHIFT EDUCATION;PM SQUARED,MSL975044,Perform complex tests to measure engineering properties of materials,N,Unit of competency,Current,20/07/2018,Current,20/07/2018,,"Deliver and assess , Granted",18/08/2023,06/10/2029,Implicit,FALSE,FALSE,FALSE,FALSE,FALSE,FALSE,FALSE,FALSE,FALSE,,,MSL975016,TRUE,1,20/07/2018,MSL,Laboratory Operations,FALSE,Manufacturing Industry Skills Alliance,,,,,,Skills and Workforce Ministerial Council,,,,,19909,Laboratory Technology,,,,,,,FALSE,FALSE,,TRUE
41304,PM2 Pty Ltd,ONSHIFT EDUCATION;PM SQUARED,MSMENV172,Identify and minimise environmental hazards,N,Unit of competency,Current,02/06/2016,Current,02/06/2016,,"Deliver and assess , Granted",29/08/2024,06/10/2029,Implicit,FALSE,FALSE,FALSE,FALSE,FALSE,FALSE,FALSE,FALSE,FALSE,,,MSAPMSUP172A,TRUE,1,02/06/2016,MSM,Manufacturing Training Package,FALSE,Manufacturing Industry Skills Alliance,,,,,,Skills and Workforce Ministerial Council,,,,,39901,Environmental Engineering,,,,,,,FALSE,FALSE,,FALSE
41304,PM2 Pty Ltd,ONSHIFT EDUCATION;PM SQUARED,MSMENV272,Participate in environmentally sustainable work practices,N,Unit of competency,Current,15/12/2015,Current,15/12/2015,,"Deliver and assess , Granted",14/06/2022,06/10/2029,Implicit,FALSE,FALSE,FALSE,FALSE,FALSE,FALSE,FALSE,FALSE,FALSE,,,MSAENV272B,TRUE,2,05/12/2018,MSM,Manufacturing Training Package,FALSE,Manufacturing Industry Skills Alliance,,,,,,Skills and Workforce Ministerial Council,,,,,59999,"Agriculture, Environmental And Related Studies, N.e.c.",,,,,,,FALSE,FALSE,,FALSE
41304,PM2 Pty Ltd,ONSHIFT EDUCATION;PM SQUARED,MSMOPS101,Make measurements,N,Unit of competency,Current,15/12/2015,Current,15/12/2015,,"Deliver and assess , Granted",14/06/2022,06/10/2029,Implicit,FALSE,FALSE,FALSE,FALSE,FALSE,FALSE,FALSE,FALSE,FALSE,,,MSAPMOPS101A,TRUE,2,05/12/2018,MSM,Manufacturing Training Package,FALSE,Manufacturing Industry Skills Alliance,,,,,,Skills and Workforce Ministerial Council,,,,,10101,Mathematics,,,,,,,FALSE,FALSE,,FALSE
41304,PM2 Pty Ltd,ONSHIFT EDUCATION;PM SQUARED,MSMOPS200,Operate equipment,N,Unit of competency,Current,15/12/2015,Current,15/12/2015,,"Deliver and assess , Granted",14/06/2022,06/10/2029,Implicit,FALSE,FALSE,FALSE,FALSE,FALSE,FALSE,FALSE,FALSE,FALSE,,,MSAPMOPS200A,TRUE,2,05/12/2018,MSM,Manufacturing Training Package,FALSE,Manufacturing Industry Skills Alliance,,,,,,Skills and Workforce Ministerial Council,,,,,30717,Plant And Machine Operations,,,,,,,FALSE,FALSE,,FALSE
41304,PM2 Pty Ltd,ONSHIFT EDUCATION;PM SQUARED,MSMOPS212,Use organisation computers or data systems,N,Unit of competency,Current,15/12/2015,Current,15/12/2015,,"Deliver and assess , Granted",14/06/2022,06/10/2029,Implicit,FALSE,FALSE,FALSE,FALSE,FALSE,FALSE,FALSE,FALSE,FALSE,,,MSAPMOPS212A,TRUE,1,15/12/2015,MSM,Manufacturing Training Package,FALSE,Manufacturing Industry Skills Alliance,,,,,,Skills and Workforce Ministerial Council,,,,,80905,Practical Computing Skills,,,,,,,FALSE,FALSE,,FALSE
41304,PM2 Pty Ltd,ONSHIFT EDUCATION;PM SQUARED,MSMPER200,Work in accordance with an issued permit,N,Unit of competency,Current,15/12/2015,Current,15/12/2015,,"Deliver and assess , Granted",13/10/2023,06/10/2029,Implicit,FALSE,FALSE,FALSE,FALSE,FALSE,FALSE,FALSE,FALSE,FALSE,,,MSAPMPER200C,TRUE,1,15/12/2015,MSM,Manufacturing Training Package,FALSE,Manufacturing Industry Skills Alliance,,,,,,Skills and Workforce Ministerial Council,,,,,120505,Work Practices Programmes,,,,,,,FALSE,FALSE,,FALSE
41304,PM2 Pty Ltd,ONSHIFT EDUCATION;PM SQUARED,MSMPER201,Monitor and control work permits,N,Unit of competency,Current,02/06/2016,Current,02/06/2016,,"Deliver and assess , Granted",18/08/2023,06/10/2029,Explicit,TRUE,TRUE,TRUE,TRUE,TRUE,TRUE,TRUE,TRUE,FALSE,,,MSAPMPER201A,TRUE,1,02/06/2016,MSM,Manufacturing Training Package,FALSE,Manufacturing Industry Skills Alliance,,,,,,Skills and Workforce Ministerial Council,,,,,91199,"Justice And Law Enforcement, N.e.c.",,,,,,,FALSE,FALSE,,FALSE
41304,PM2 Pty Ltd,ONSHIFT EDUCATION;PM SQUARED,MSMPER202,Observe permit work,N,Unit of competency,Current,02/06/2016,Current,02/06/2016,,"Deliver and assess , Granted",18/08/2023,06/10/2029,Explicit,TRUE,TRUE,TRUE,TRUE,TRUE,TRUE,TRUE,TRUE,FALSE,,,MSAPMPER202A,TRUE,1,02/06/2016,MSM,Manufacturing Training Package,FALSE,Manufacturing Industry Skills Alliance,,,,,,Skills and Workforce Ministerial Council,,,,,120505,Work Practices Programmes,,,,,,,FALSE,FALSE,,FALSE
41304,PM2 Pty Ltd,ONSHIFT EDUCATION;PM SQUARED,MSMPER205,Enter confined space,N,Unit of competency,Current,02/06/2016,Current,02/06/2016,,"Deliver and assess , Granted",18/08/2023,06/10/2029,Explicit,TRUE,TRUE,TRUE,TRUE,TRUE,TRUE,TRUE,TRUE,FALSE,,,MSAPMPER205C,TRUE,2,12/01/2017,MSM,Manufacturing Training Package,FALSE,Manufacturing Industry Skills Alliance,,,,,,Skills and Workforce Ministerial Council,,,,,61301,Occupational Health And Safety,,,,,,,FALSE,FALSE,,TRUE
41304,PM2 Pty Ltd,ONSHIFT EDUCATION;PM SQUARED,MSMPER300,Issue work permits,N,Unit of competency,Current,02/06/2016,Current,02/06/2016,,"Deliver and assess , Granted",18/08/2023,06/10/2029,Explicit,TRUE,TRUE,TRUE,TRUE,TRUE,TRUE,TRUE,TRUE,FALSE,,,MSAPMPER300C,TRUE,2,12/01/2017,MSM,Manufacturing Training Package,FALSE,Manufacturing Industry Skills Alliance,,,,,,Skills and Workforce Ministerial Council,,,,,91199,"Justice And Law Enforcement, N.e.c.",,,,,,,FALSE,FALSE,,TRUE
41304,PM2 Pty Ltd,ONSHIFT EDUCATION;PM SQUARED,MSMPER400,Coordinate permit process,N,Unit of competency,Current,02/06/2016,Current,02/06/2016,,"Deliver and assess , Granted",18/08/2023,06/10/2029,Explicit,TRUE,TRUE,TRUE,TRUE,TRUE,TRUE,TRUE,TRUE,FALSE,,,MSAPMPER400A,TRUE,1,02/06/2016,MSM,Manufacturing Training Package,FALSE,Manufacturing Industry Skills Alliance,,,,,,Skills and Workforce Ministerial Council,,,,,91199,"Justice And Law Enforcement, N.e.c.",,,,,,,FALSE,FALSE,,TRUE
41304,PM2 Pty Ltd,ONSHIFT EDUCATION;PM SQUARED,MSMPMC200,Organise self,N,Unit of competency,Current,22/10/2018,Current,22/10/2018,,"Deliver and assess , Granted",14/06/2022,06/10/2029,Implicit,FALSE,FALSE,FALSE,FALSE,FALSE,FALSE,FALSE,FALSE,FALSE,,,PMC561080,TRUE,1,22/10/2018,MSM,Manufacturing Training Package,FALSE,Manufacturing Industry Skills Alliance,,,,,,Skills and Workforce Ministerial Council,,,,,120505,Work Practices Programmes,,,,,,,FALSE,FALSE,,FALSE
41304,PM2 Pty Ltd,ONSHIFT EDUCATION;PM SQUARED,MSMPMC301,Store materials for production,N,Unit of competency,Current,22/10/2018,Current,22/10/2018,,"Deliver and assess , Granted",14/06/2022,06/10/2029,Implicit,FALSE,FALSE,FALSE,FALSE,FALSE,FALSE,FALSE,FALSE,FALSE,,,PMC561072,TRUE,1,22/10/2018,MSM,Manufacturing Training Package,FALSE,Manufacturing Industry Skills Alliance,,,,,,Skills and Workforce Ministerial Council,,,,,89901,"Purchasing, Warehousing And Distribution",,,,,,,FALSE,FALSE,,FALSE
41304,PM2 Pty Ltd,ONSHIFT EDUCATION;PM SQUARED,MSMPMC302,Operate equipment to blend/mix materials,N,Unit of competency,Current,22/10/2018,Current,22/10/2018,,"Deliver and assess , Granted",14/06/2022,06/10/2029,Implicit,FALSE,FALSE,FALSE,FALSE,FALSE,FALSE,FALSE,FALSE,FALSE,,,PMC552002,TRUE,1,22/10/2018,MSM,Manufacturing Training Package,FALSE,Manufacturing Industry Skills Alliance,,,,,,Skills and Workforce Ministerial Council,,,,,30717,Plant And Machine Operations,,,,,,,FALSE,FALSE,,FALSE
41304,PM2 Pty Ltd,ONSHIFT EDUCATION;PM SQUARED,MSMPMC303,Operate grinding equipment,N,Unit of competency,Current,22/10/2018,Current,22/10/2018,,"Deliver and assess , Granted",14/06/2022,06/10/2029,Implicit,FALSE,FALSE,FALSE,FALSE,FALSE,FALSE,FALSE,FALSE,FALSE,,,PMC552003,TRUE,1,22/10/2018,MSM,Manufacturing Training Package,FALSE,Manufacturing Industry Skills Alliance,,,,,,Skills and Workforce Ministerial Council,,,,,30717,Plant And Machine Operations,,,,,,,FALSE,FALSE,,FALSE
41304,PM2 Pty Ltd,ONSHIFT EDUCATION;PM SQUARED,MSMPMC304,Prepare for production,N,Unit of competency,Current,22/10/2018,Current,22/10/2018,,"Deliver and assess , Granted",14/06/2022,06/10/2029,Implicit,FALSE,FALSE,FALSE,FALSE,FALSE,FALSE,FALSE,FALSE,FALSE,,,PMC552004,TRUE,1,22/10/2018,MSM,Manufacturing Training Package,FALSE,Manufacturing Industry Skills Alliance,,,,,,Skills and Workforce Ministerial Council,,,,,30101,Manufacturing Engineering,,,,,,,FALSE,FALSE,,FALSE
41304,PM2 Pty Ltd,ONSHIFT EDUCATION;PM SQUARED,MSMPMC307,Operate a calcining kiln,N,Unit of competency,Current,22/10/2018,Current,22/10/2018,,"Deliver and assess , Granted",14/06/2022,06/10/2029,Implicit,FALSE,FALSE,FALSE,FALSE,FALSE,FALSE,FALSE,FALSE,FALSE,,,PMC552010,TRUE,1,22/10/2018,MSM,Manufacturing Training Package,FALSE,Manufacturing Industry Skills Alliance,,,,,,Skills and Workforce Ministerial Council,,,,,30717,Plant And Machine Operations,,,,,,,FALSE,FALSE,,FALSE
41304,PM2 Pty Ltd,ONSHIFT EDUCATION;PM SQUARED,MSMPMC321,Batch mix concrete,N,Unit of competency,Current,22/10/2018,Current,22/10/2018,,"Deliver and assess , Granted",14/06/2022,06/10/2029,Implicit,FALSE,FALSE,FALSE,FALSE,FALSE,FALSE,FALSE,FALSE,FALSE,,,PMC552060,TRUE,1,22/10/2018,MSM,Manufacturing Training Package,FALSE,Manufacturing Industry Skills Alliance,,,,,,Skills and Workforce Ministerial Council,,,,,30101,Manufacturing Engineering,,,,,,,FALSE,FALSE,,FALSE
41304,PM2 Pty Ltd,ONSHIFT EDUCATION;PM SQUARED,MSMPMC322,Deliver concrete to site,N,Unit of competency,Current,22/10/2018,Current,22/10/2018,,"Deliver and assess , Granted",05/11/2021,06/10/2029,Implicit,FALSE,FALSE,FALSE,FALSE,FALSE,FALSE,FALSE,FALSE,FALSE,,,PMC552061,TRUE,1,22/10/2018,MSM,Manufacturing Training Package,FALSE,Manufacturing Industry Skills Alliance,,,,,,Skills and Workforce Ministerial Council,,,,,30717,Plant And Machine Operations,,,,,,,TRUE,FALSE,,FALSE
41304,PM2 Pty Ltd,ONSHIFT EDUCATION;PM SQUARED,MSMPMC323,Prepare asphalt,N,Unit of competency,Current,22/10/2018,Current,22/10/2018,,"Deliver and assess , Granted",14/06/2022,06/10/2029,Implicit,FALSE,FALSE,FALSE,FALSE,FALSE,FALSE,FALSE,FALSE,FALSE,,,PMC552065,TRUE,1,22/10/2018,MSM,Manufacturing Training Package,FALSE,Manufacturing Industry Skills Alliance,,,,,,Skills and Workforce Ministerial Council,,,,,30717,Plant And Machine Operations,,,,,,,FALSE,FALSE,,FALSE
41304,PM2 Pty Ltd,ONSHIFT EDUCATION;PM SQUARED,MSMPMC324,Move materials,N,Unit of competency,Current,22/10/2018,Current,22/10/2018,,"Deliver and assess , Granted",14/06/2022,06/10/2029,Implicit,FALSE,FALSE,FALSE,FALSE,FALSE,FALSE,FALSE,FALSE,FALSE,,,PMC562070,TRUE,1,22/10/2018,MSM,Manufacturing Training Package,FALSE,Manufacturing Industry Skills Alliance,,,,,,Skills and Workforce Ministerial Council,,,,,89901,"Purchasing, Warehousing And Distribution",,,,,,,FALSE,FALSE,,FALSE
41304,PM2 Pty Ltd,ONSHIFT EDUCATION;PM SQUARED,MSMPMC325,Operate bulk materials handling equipment,N,Unit of competency,Current,22/10/2018,Current,22/10/2018,,"Deliver and assess , Granted",14/06/2022,06/10/2029,Implicit,FALSE,FALSE,FALSE,FALSE,FALSE,FALSE,FALSE,FALSE,FALSE,,,PMC562071,TRUE,1,22/10/2018,MSM,Manufacturing Training Package,FALSE,Manufacturing Industry Skills Alliance,,,,,,Skills and Workforce Ministerial Council,,,,,89901,"Purchasing, Warehousing And Distribution",,,,,,,FALSE,FALSE,,FALSE
41304,PM2 Pty Ltd,ONSHIFT EDUCATION;PM SQUARED,MSMPMC326,Deliver customer service,N,Unit of competency,Current,22/10/2018,Current,22/10/2018,,"Deliver and assess , Granted",14/06/2022,06/10/2029,Implicit,FALSE,FALSE,FALSE,FALSE,FALSE,FALSE,FALSE,FALSE,FALSE,,,PMC562081,TRUE,1,22/10/2018,MSM,Manufacturing Training Package,FALSE,Manufacturing Industry Skills Alliance,,,,,,Skills and Workforce Ministerial Council,,,,,80509,Public Relations,,,,,,,FALSE,FALSE,,FALSE
41304,PM2 Pty Ltd,ONSHIFT EDUCATION;PM SQUARED,MSMPMC329,Prepare moulds and dies,N,Unit of competency,Current,22/10/2018,Current,22/10/2018,,"Deliver and assess , Granted",14/06/2022,06/10/2029,Implicit,FALSE,FALSE,FALSE,FALSE,FALSE,FALSE,FALSE,FALSE,FALSE,,,PMC553020,TRUE,1,22/10/2018,MSM,Manufacturing Training Package,FALSE,Manufacturing Industry Skills Alliance,,,,,,Skills and Workforce Ministerial Council,,,,,30301,Chemical Engineering,,,,,,,FALSE,FALSE,,FALSE
41304,PM2 Pty Ltd,ONSHIFT EDUCATION;PM SQUARED,MSMPMC333,Meet compliance and quality requirements in precast concrete manufacture,N,Unit of competency,Current,03/12/2025,Current,03/12/2025,,"Deliver and assess , Granted",03/12/2025,06/10/2029,Implicit,FALSE,FALSE,FALSE,FALSE,FALSE,FALSE,FALSE,FALSE,FALSE,,,,,1,03/12/2025,MSM,Manufacturing Training Package,FALSE,Manufacturing Industry Skills Alliance,,,,,,Skills and Workforce Ministerial Council,,,,,,,,,,,,,FALSE,FALSE,,FALSE
41304,PM2 Pty Ltd,ONSHIFT EDUCATION;PM SQUARED,MSMPMC334,"Assemble, use and maintain moulds in precast concrete manufacture",N,Unit of competency,Current,03/12/2025,Current,03/12/2025,,"Deliver and assess , Granted",03/12/2025,06/10/2029,Implicit,FALSE,FALSE,FALSE,FALSE,FALSE,FALSE,FALSE,FALSE,FALSE,,,,,1,03/12/2025,MSM,Manufacturing Training Package,FALSE,Manufacturing Industry Skills Alliance,,,,,,Skills and Workforce Ministerial Council,,,,,,,,,,,,,FALSE,FALSE,,FALSE
41304,PM2 Pty Ltd,ONSHIFT EDUCATION;PM SQUARED,MSMPMC335,"Fabricate, assemble and place reinforcement in precast concrete products",N,Unit of competency,Current,03/12/2025,Current,03/12/2025,,"Deliver and assess , Granted",03/12/2025,06/10/2029,Implicit,FALSE,FALSE,FALSE,FALSE,FALSE,FALSE,FALSE,FALSE,FALSE,,,,,1,03/12/2025,MSM,Manufacturing Training Package,FALSE,Manufacturing Industry Skills Alliance,,,,,,Skills and Workforce Ministerial Council,,,,,,,,,,,,,FALSE,FALSE,,FALSE
41304,PM2 Pty Ltd,ONSHIFT EDUCATION;PM SQUARED,MSMPMC336,"Cast, finish and cure precast concrete products",N,Unit of competency,Current,03/12/2025,Current,03/12/2025,,"Deliver and assess , Granted",03/12/2025,06/10/2029,Implicit,FALSE,FALSE,FALSE,FALSE,FALSE,FALSE,FALSE,FALSE,FALSE,,,,,1,03/12/2025,MSM,Manufacturing Training Package,FALSE,Manufacturing Industry Skills Alliance,,,,,,Skills and Workforce Ministerial Council,,,,,,,,,,,,,FALSE,FALSE,,FALSE
41304,PM2 Pty Ltd,ONSHIFT EDUCATION;PM SQUARED,MSMPMC337,Prestress concrete in precast elements,N,Unit of competency,Current,03/12/2025,Current,03/12/2025,,"Deliver and assess , Granted",03/12/2025,06/10/2029,Implicit,FALSE,FALSE,FALSE,FALSE,FALSE,FALSE,FALSE,FALSE,FALSE,,,,,1,03/12/2025,MSM,Manufacturing Training Package,FALSE,Manufacturing Industry Skills Alliance,,,,,,Skills and Workforce Ministerial Council,,,,,,,,,,,,,FALSE,FALSE,,FALSE
41304,PM2 Pty Ltd,ONSHIFT EDUCATION;PM SQUARED,MSMPMC400,Carry out stock control,N,Unit of competency,Current,22/10/2018,Current,22/10/2018,,"Deliver and assess , Granted",14/06/2022,06/10/2029,Implicit,FALSE,FALSE,FALSE,FALSE,FALSE,FALSE,FALSE,FALSE,FALSE,,,PMC563081,TRUE,1,22/10/2018,MSM,Manufacturing Training Package,FALSE,Manufacturing Industry Skills Alliance,,,,,,Skills and Workforce Ministerial Council,,,,,89901,"Purchasing, Warehousing And Distribution",,,,,,,FALSE,FALSE,,FALSE
41304,PM2 Pty Ltd,ONSHIFT EDUCATION;PM SQUARED,MSMPMC401,Set up and tune a process,N,Unit of competency,Current,22/10/2018,Current,22/10/2018,,"Deliver and assess , Granted",14/06/2022,06/10/2029,Implicit,FALSE,FALSE,FALSE,FALSE,FALSE,FALSE,FALSE,FALSE,FALSE,,,PMC553000,TRUE,1,22/10/2018,MSM,Manufacturing Training Package,FALSE,Manufacturing Industry Skills Alliance,,,,,,Skills and Workforce Ministerial Council,,,,,30717,Plant And Machine Operations,,,,,,,FALSE,FALSE,,FALSE
41304,PM2 Pty Ltd,ONSHIFT EDUCATION;PM SQUARED,MSMPMC402,Process raw meal into product,N,Unit of competency,Current,22/10/2018,Current,22/10/2018,,"Deliver and assess , Granted",14/06/2022,06/10/2029,Implicit,FALSE,FALSE,FALSE,FALSE,FALSE,FALSE,FALSE,FALSE,FALSE,,,PMC553010,TRUE,1,22/10/2018,MSM,Manufacturing Training Package,FALSE,Manufacturing Industry Skills Alliance,,,,,,Skills and Workforce Ministerial Council,,,,,30301,Chemical Engineering,,,,,,,FALSE,FALSE,,TRUE
41304,PM2 Pty Ltd,ONSHIFT EDUCATION;PM SQUARED,MSMSUP100,Apply workplace context to own job,N,Unit of competency,Current,15/12/2015,Current,15/12/2015,,"Deliver and assess , Granted",14/06/2022,06/10/2029,Implicit,FALSE,FALSE,FALSE,FALSE,FALSE,FALSE,FALSE,FALSE,FALSE,,,MSAPMSUP100A,TRUE,1,15/12/2015,MSM,Manufacturing Training Package,FALSE,Manufacturing Industry Skills Alliance,,,,,,Skills and Workforce Ministerial Council,,,,,120505,Work Practices Programmes,,,,,,,FALSE,FALSE,,FALSE
41304,PM2 Pty Ltd,ONSHIFT EDUCATION;PM SQUARED,MSMSUP101,Clean workplace or equipment,N,Unit of competency,Current,15/12/2015,Current,15/12/2015,,"Deliver and assess , Granted",14/06/2022,06/10/2029,Implicit,FALSE,FALSE,FALSE,FALSE,FALSE,FALSE,FALSE,FALSE,FALSE,,,MSAPMSUP101A,TRUE,2,05/12/2018,MSM,Manufacturing Training Package,FALSE,Manufacturing Industry Skills Alliance,,,,,,Skills and Workforce Ministerial Council,,,,,30717,Plant And Machine Operations,,,,,,,FALSE,FALSE,,FALSE
41304,PM2 Pty Ltd,ONSHIFT EDUCATION;PM SQUARED,MSMSUP102,Communicate in the workplace,N,Unit of competency,Current,15/12/2015,Current,15/12/2015,,"Deliver and assess , Granted",14/06/2022,06/10/2029,Implicit,FALSE,FALSE,FALSE,FALSE,FALSE,FALSE,FALSE,FALSE,FALSE,,,MSAPMSUP102A,TRUE,2,05/12/2018,MSM,Manufacturing Training Package,FALSE,Manufacturing Industry Skills Alliance,,,,,,Skills and Workforce Ministerial Council,,,,,120505,Work Practices Programmes,,,,,,,FALSE,FALSE,,FALSE
41304,PM2 Pty Ltd,ONSHIFT EDUCATION;PM SQUARED,MSMSUP106,Work in a team,N,Unit of competency,Current,15/12/2015,Current,15/12/2015,,"Deliver and assess , Granted",14/06/2022,06/10/2029,Implicit,FALSE,FALSE,FALSE,FALSE,FALSE,FALSE,FALSE,FALSE,FALSE,,,MSAPMSUP106A,TRUE,2,05/12/2018,MSM,Manufacturing Training Package,FALSE,Manufacturing Industry Skills Alliance,,,,,,Skills and Workforce Ministerial Council,,,,,120505,Work Practices Programmes,,,,,,,FALSE,FALSE,,FALSE
41304,PM2 Pty Ltd,ONSHIFT EDUCATION;PM SQUARED,MSMSUP200,Achieve work outcomes,N,Unit of competency,Current,15/12/2015,Current,15/12/2015,,"Deliver and assess , Granted",14/06/2022,06/10/2029,Implicit,FALSE,FALSE,FALSE,FALSE,FALSE,FALSE,FALSE,FALSE,FALSE,,,MSAPMSUP200A,TRUE,1,15/12/2015,MSM,Manufacturing Training Package,FALSE,Manufacturing Industry Skills Alliance,,,,,,Skills and Workforce Ministerial Council,,,,,120505,Work Practices Programmes,,,,,,,FALSE,FALSE,,FALSE
41304,PM2 Pty Ltd,ONSHIFT EDUCATION;PM SQUARED,MSMSUP210,Process and record information,N,Unit of competency,Current,15/12/2015,Current,15/12/2015,,"Deliver and assess , Granted",14/06/2022,06/10/2029,Implicit,FALSE,FALSE,FALSE,FALSE,FALSE,FALSE,FALSE,FALSE,FALSE,,,MSAPMSUP210A,TRUE,2,05/12/2018,MSM,Manufacturing Training Package,FALSE,Manufacturing Industry Skills Alliance,,,,,,Skills and Workforce Ministerial Council,,,,,120505,Work Practices Programmes,,,,,,,FALSE,FALSE,,FALSE
41304,PM2 Pty Ltd,ONSHIFT EDUCATION;PM SQUARED,MSMSUP240,Undertake minor maintenance,N,Unit of competency,Current,15/12/2015,Current,15/12/2015,,"Deliver and assess , Granted",14/06/2022,06/10/2029,Implicit,FALSE,FALSE,FALSE,FALSE,FALSE,FALSE,FALSE,FALSE,FALSE,,,MSAPMSUP240A,TRUE,2,05/12/2018,MSM,Manufacturing Training Package,FALSE,Manufacturing Industry Skills Alliance,,,,,,Skills and Workforce Ministerial Council,,,,,30717,Plant And Machine Operations,,,,,,,FALSE,FALSE,,FALSE
41304,PM2 Pty Ltd,ONSHIFT EDUCATION;PM SQUARED,MSMSUP280,Manage conflict at work,N,Unit of competency,Current,15/12/2015,Current,15/12/2015,,"Deliver and assess , Granted",14/06/2022,06/10/2029,Implicit,FALSE,FALSE,FALSE,FALSE,FALSE,FALSE,FALSE,FALSE,FALSE,,,MSAPMSUP280A,TRUE,1,15/12/2015,MSM,Manufacturing Training Package,FALSE,Manufacturing Industry Skills Alliance,,,,,,Skills and Workforce Ministerial Council,,,,,120301,Social And Interpersonal Skills Programmes,,,,,,,FALSE,FALSE,,FALSE
41304,PM2 Pty Ltd,ONSHIFT EDUCATION;PM SQUARED,MSMSUP303,Identify equipment faults,N,Unit of competency,Current,02/06/2016,Current,02/06/2016,,"Deliver and assess , Granted",29/08/2024,06/10/2029,Implicit,FALSE,FALSE,FALSE,FALSE,FALSE,FALSE,FALSE,FALSE,FALSE,,,MSAPMSUP303A,TRUE,1,02/06/2016,MSM,Manufacturing Training Package,FALSE,Manufacturing Industry Skills Alliance,,,,,,Skills and Workforce Ministerial Council,,,,,30717,Plant And Machine Operations,,,,,,,FALSE,FALSE,,FALSE
41304,PM2 Pty Ltd,ONSHIFT EDUCATION;PM SQUARED,MSMSUP330,Develop and adjust a production schedule,N,Unit of competency,Current,02/06/2016,Current,02/06/2016,,"Deliver and assess , Granted",14/06/2022,06/10/2029,Implicit,FALSE,FALSE,FALSE,FALSE,FALSE,FALSE,FALSE,FALSE,FALSE,,,MSAPMSUP330A,TRUE,1,02/06/2016,MSM,Manufacturing Training Package,FALSE,Manufacturing Industry Skills Alliance,,,,,,Skills and Workforce Ministerial Council,,,,,80301,Business Management,,,,,,,FALSE,FALSE,,FALSE
41304,PM2 Pty Ltd,ONSHIFT EDUCATION;PM SQUARED,MSMSUP390,Use structured problem-solving tools,N,Unit of competency,Current,15/12/2015,Current,15/12/2015,,"Deliver and assess , Granted",29/08/2024,06/10/2029,Implicit,FALSE,FALSE,FALSE,FALSE,FALSE,FALSE,FALSE,FALSE,FALSE,,,MSAPMSUP390A,TRUE,2,05/12/2018,MSM,Manufacturing Training Package,FALSE,Manufacturing Industry Skills Alliance,,,,,,Skills and Workforce Ministerial Council,,,,,120105,Learning Skills Programmes,,,,,,,FALSE,FALSE,,FALSE
41304,PM2 Pty Ltd,ONSHIFT EDUCATION;PM SQUARED,MSMWHS110,Follow emergency response procedures,N,Unit of competency,Current,15/12/2015,Current,15/12/2015,,"Deliver and assess , Granted",19/04/2024,06/10/2029,Explicit,TRUE,TRUE,TRUE,TRUE,TRUE,TRUE,TRUE,TRUE,FALSE,,,MSAPMOHS110A,TRUE,1,15/12/2015,MSM,Manufacturing Training Package,FALSE,Manufacturing Industry Skills Alliance,,,,,,Skills and Workforce Ministerial Council,,,,,61301,Occupational Health And Safety,,,,,,,FALSE,FALSE,,FALSE
41304,PM2 Pty Ltd,ONSHIFT EDUCATION;PM SQUARED,MSMWHS200,Work safely,N,Unit of competency,Current,15/12/2015,Current,15/12/2015,,"Deliver and assess , Granted",18/08/2023,06/10/2029,Explicit,TRUE,TRUE,TRUE,TRUE,TRUE,TRUE,TRUE,TRUE,FALSE,,,LMTGN2001B;MSAPMOHS200A,False;True,3,24/06/2019,MSM,Manufacturing Training Package,FALSE,Manufacturing Industry Skills Alliance,,,,,,Skills and Workforce Ministerial Council,,,,,61301,Occupational Health And Safety,,,,,,,FALSE,FALSE,,FALSE
41304,PM2 Pty Ltd,ONSHIFT EDUCATION;PM SQUARED,MSMWHS201,Conduct hazard analysis,N,Unit of competency,Current,02/06/2016,Current,02/06/2016,,"Deliver and assess , Granted",13/10/2023,06/10/2029,Implicit,FALSE,FALSE,FALSE,FALSE,FALSE,FALSE,FALSE,FALSE,FALSE,,,,,1,02/06/2016,MSM,Manufacturing Training Package,FALSE,Manufacturing Industry Skills Alliance,,,,,,Skills and Workforce Ministerial Council,,,,,61301,Occupational Health And Safety,,,,,,,FALSE,FALSE,,FALSE
41304,PM2 Pty Ltd,ONSHIFT EDUCATION;PM SQUARED,MSMWHS212,Undertake first response to fire incidents,N,Unit of competency,Current,02/06/2016,Current,02/06/2016,,"Deliver and assess , Granted",29/08/2024,06/10/2029,Implicit,FALSE,FALSE,FALSE,FALSE,FALSE,FALSE,FALSE,FALSE,FALSE,,,MSAPMOHS212A,TRUE,1,02/06/2016,MSM,Manufacturing Training Package,FALSE,Manufacturing Industry Skills Alliance,,,,,,Skills and Workforce Ministerial Council,,,,,39905,Fire Technology,,,,,,,TRUE,FALSE,,FALSE
41304,PM2 Pty Ltd,ONSHIFT EDUCATION;PM SQUARED,MSMWHS216,Operate breathing apparatus,N,Unit of competency,Current,02/06/2016,Current,02/06/2016,,"Deliver and assess , Granted",18/08/2023,06/10/2029,Explicit,TRUE,TRUE,TRUE,TRUE,TRUE,TRUE,TRUE,TRUE,FALSE,,,MSAPMOHS216A,TRUE,1,02/06/2016,MSM,Manufacturing Training Package,FALSE,Manufacturing Industry Skills Alliance,,,,,,Skills and Workforce Ministerial Council,,,,,39905,Fire Technology,,,,,,,FALSE,FALSE,,FALSE
41304,PM2 Pty Ltd,ONSHIFT EDUCATION;PM SQUARED,MSMWHS217,Gas test atmospheres,N,Unit of competency,Current,02/06/2016,Current,02/06/2016,,"Deliver and assess , Granted",18/08/2023,06/10/2029,Explicit,TRUE,TRUE,TRUE,TRUE,TRUE,TRUE,TRUE,TRUE,FALSE,,,MSAPMOHS217A,TRUE,1,02/06/2016,MSM,Manufacturing Training Package,FALSE,Manufacturing Industry Skills Alliance,,,,,,Skills and Workforce Ministerial Council,,,,,30717,Plant And Machine Operations,,,,,,,FALSE,FALSE,,FALSE
41304,PM2 Pty Ltd,ONSHIFT EDUCATION;PM SQUARED,MSMWHS300,Facilitate the implementation of WHS for a work group,N,Unit of competency,Current,02/06/2016,Current,02/06/2016,,"Deliver and assess , Granted",14/06/2022,06/10/2029,Implicit,FALSE,FALSE,FALSE,FALSE,FALSE,FALSE,FALSE,FALSE,FALSE,,,MSAPMOHS300A,TRUE,1,02/06/2016,MSM,Manufacturing Training Package,FALSE,Manufacturing Industry Skills Alliance,,,,,,Skills and Workforce Ministerial Council,,,,,61301,Occupational Health And Safety,,,,,,,FALSE,FALSE,,TRUE
41304,PM2 Pty Ltd,ONSHIFT EDUCATION;PM SQUARED,MSMWJ307,Operate a hydro excavation system,N,Unit of competency,Current,01/10/2021,Current,01/10/2021,,"Deliver and assess , Granted",19/04/2024,06/10/2029,Explicit,TRUE,TRUE,TRUE,TRUE,TRUE,TRUE,TRUE,TRUE,FALSE,,,,,1,01/10/2021,MSM,Manufacturing Training Package,FALSE,Manufacturing Industry Skills Alliance,,,,,,Skills and Workforce Ministerial Council,,,,,30717,Plant And Machine Operations,,,,,,,FALSE,FALSE,,FALSE
41304,PM2 Pty Ltd,ONSHIFT EDUCATION;PM SQUARED,MSS402040,Apply 5S procedures,N,Unit of competency,Superseded,15/12/2022,Superseded,22/06/2016,14/12/2022,"Deliver and assess , Granted",14/06/2022,01/12/2026,Implicit,FALSE,FALSE,FALSE,FALSE,FALSE,FALSE,FALSE,FALSE,FALSE,MSS402042,TRUE,MSS402040A,TRUE,2,22/10/2018,MSS,Sustainability,FALSE,Manufacturing Industry Skills Alliance,,,,,,Skills and Workforce Ministerial Council,,,,,120505,Work Practices Programmes,,,,,,,FALSE,FALSE,,FALSE
41304,PM2 Pty Ltd,ONSHIFT EDUCATION;PM SQUARED,MSS402042,Apply 5S procedures,N,Unit of competency,Current,16/12/2022,Current,16/12/2022,,"Deliver and assess , Granted",03/12/2025,06/10/2029,Implicit,FALSE,FALSE,FALSE,FALSE,FALSE,FALSE,FALSE,FALSE,FALSE,,,MSS402041;MSS402040,True;True,1,16/12/2022,MSS,Sustainability,FALSE,Manufacturing Industry Skills Alliance,,,,,,Skills and Workforce Ministerial Council,,,,,120505,Work Practices Programmes,,,,,,,FALSE,FALSE,,FALSE
41304,PM2 Pty Ltd,ONSHIFT EDUCATION;PM SQUARED,MSS402051,Apply quality standards,N,Unit of competency,Superseded,15/12/2022,Superseded,22/06/2016,14/12/2022,"Deliver and assess , Granted",14/06/2022,01/12/2026,Implicit,FALSE,FALSE,FALSE,FALSE,FALSE,FALSE,FALSE,FALSE,FALSE,MSS402055,TRUE,LMTGN2002B;MSS402051A,False;True,2,25/06/2019,MSS,Sustainability,FALSE,Manufacturing Industry Skills Alliance,,,,,,Skills and Workforce Ministerial Council,,,,,80317,Quality Management,,,,,,,FALSE,FALSE,,FALSE
41304,PM2 Pty Ltd,ONSHIFT EDUCATION;PM SQUARED,MSS402055,Apply quality standards,N,Unit of competency,Current,16/12/2022,Current,16/12/2022,,"Deliver and assess , Granted",03/12/2025,06/10/2029,Implicit,FALSE,FALSE,FALSE,FALSE,FALSE,FALSE,FALSE,FALSE,FALSE,,,MSS402051,TRUE,1,16/12/2022,MSS,Sustainability,FALSE,Manufacturing Industry Skills Alliance,,,,,,Skills and Workforce Ministerial Council,,,,,80317,Quality Management,,,,,,,FALSE,FALSE,,FALSE
41304,PM2 Pty Ltd,ONSHIFT EDUCATION;PM SQUARED,MSS402061,Use SCADA systems in operations,N,Unit of competency,Superseded,15/12/2022,Superseded,22/06/2016,14/12/2022,"Deliver and assess , Granted",29/08/2024,06/10/2029,Implicit,FALSE,FALSE,FALSE,FALSE,FALSE,FALSE,FALSE,FALSE,FALSE,MSS402062,TRUE,MSS402061A,TRUE,1,22/06/2016,MSS,Sustainability,FALSE,Manufacturing Industry Skills Alliance,,,,,,Skills and Workforce Ministerial Council,,,,,30101,Manufacturing Engineering,,,,,,,FALSE,FALSE,,FALSE
41304,PM2 Pty Ltd,ONSHIFT EDUCATION;PM SQUARED,MSS402080,Undertake root cause analysis,N,Unit of competency,Superseded,15/12/2022,Superseded,22/06/2016,14/12/2022,"Deliver and assess , Granted",29/08/2024,06/10/2029,Implicit,FALSE,FALSE,FALSE,FALSE,FALSE,FALSE,FALSE,FALSE,FALSE,MSS402084,TRUE,MSS402080A,TRUE,1,22/06/2016,MSS,Sustainability,FALSE,Manufacturing Industry Skills Alliance,,,,,,Skills and Workforce Ministerial Council,,,,,80317,Quality Management,,,,,,,FALSE,FALSE,,FALSE
41304,PM2 Pty Ltd,ONSHIFT EDUCATION;PM SQUARED,PMAOMIR210,Control evacuation to muster point,N,Unit of competency,Current,02/06/2016,Current,02/06/2016,,"Deliver and assess , Granted",18/08/2023,06/10/2029,Implicit,FALSE,FALSE,FALSE,FALSE,FALSE,FALSE,FALSE,FALSE,FALSE,,,PMAOMIR210B,TRUE,1,02/06/2016,PMA,"Chemical, Hydrocarbons and Refining",FALSE,Manufacturing Industry Skills Alliance,,,,,,Skills and Workforce Ministerial Council,,,,,61301,Occupational Health And Safety,,,,,,,FALSE,FALSE,,FALSE
41304,PM2 Pty Ltd,ONSHIFT EDUCATION;PM SQUARED,PMAOMIR444,Develop incident containment tactics,N,Unit of competency,Current,02/06/2016,Current,02/06/2016,,"Deliver and assess , Granted",18/08/2023,06/10/2029,Implicit,FALSE,FALSE,FALSE,FALSE,FALSE,FALSE,FALSE,FALSE,FALSE,,,PMAOMIR444B,TRUE,1,02/06/2016,PMA,"Chemical, Hydrocarbons and Refining",FALSE,Manufacturing Industry Skills Alliance,,,,,,Skills and Workforce Ministerial Council,,,,,61301,Occupational Health And Safety,,,,,,,FALSE,FALSE,,FALSE
41304,PM2 Pty Ltd,ONSHIFT EDUCATION;PM SQUARED,PMAOPS101,Read dials and indicators,N,Unit of competency,Current,02/06/2016,Current,02/06/2016,,"Deliver and assess , Granted",14/06/2022,06/10/2029,Implicit,FALSE,FALSE,FALSE,FALSE,FALSE,FALSE,FALSE,FALSE,FALSE,,,PMAOPS101C,TRUE,1,02/06/2016,PMA,"Chemical, Hydrocarbons and Refining",FALSE,Manufacturing Industry Skills Alliance,,,,,,Skills and Workforce Ministerial Council,,,,,30717,Plant And Machine Operations,,,,,,,FALSE,FALSE,,FALSE
41304,PM2 Pty Ltd,ONSHIFT EDUCATION;PM SQUARED,PMAOPS202,Operate fluid mixing equipment,N,Unit of competency,Current,02/06/2016,Current,02/06/2016,,"Deliver and assess , Granted",13/10/2023,06/10/2029,Implicit,FALSE,FALSE,FALSE,FALSE,FALSE,FALSE,FALSE,FALSE,FALSE,,,PMAOPS202B,TRUE,1,02/06/2016,PMA,"Chemical, Hydrocarbons and Refining",FALSE,Manufacturing Industry Skills Alliance,,,,,,Skills and Workforce Ministerial Council,,,,,30717,Plant And Machine Operations,,,,,,,FALSE,FALSE,,FALSE
41304,PM2 Pty Ltd,ONSHIFT EDUCATION;PM SQUARED,PMAOPS205,Operate heat exchangers,N,Unit of competency,Current,02/06/2016,Current,02/06/2016,,"Deliver and assess , Granted",13/10/2023,06/10/2029,Implicit,FALSE,FALSE,FALSE,FALSE,FALSE,FALSE,FALSE,FALSE,FALSE,,,PMAOPS205B,TRUE,1,02/06/2016,PMA,"Chemical, Hydrocarbons and Refining",FALSE,Manufacturing Industry Skills Alliance,,,,,,Skills and Workforce Ministerial Council,,,,,30717,Plant And Machine Operations,,,,,,,FALSE,FALSE,,FALSE
41304,PM2 Pty Ltd,ONSHIFT EDUCATION;PM SQUARED,PMAOPS208,Operate chemical separation equipment,N,Unit of competency,Current,02/06/2016,Current,02/06/2016,,"Deliver and assess , Granted",13/10/2023,06/10/2029,Implicit,FALSE,FALSE,FALSE,FALSE,FALSE,FALSE,FALSE,FALSE,FALSE,,,PMAOPS208B,TRUE,1,02/06/2016,PMA,"Chemical, Hydrocarbons and Refining",FALSE,Manufacturing Industry Skills Alliance,,,,,,Skills and Workforce Ministerial Council,,,,,30717,Plant And Machine Operations,,,,,,,FALSE,FALSE,,FALSE
41304,PM2 Pty Ltd,ONSHIFT EDUCATION;PM SQUARED,PMAOPS223,Operate and monitor valve systems,N,Unit of competency,Current,02/06/2016,Current,02/06/2016,,"Deliver and assess , Granted",13/10/2023,06/10/2029,Implicit,FALSE,FALSE,FALSE,FALSE,FALSE,FALSE,FALSE,FALSE,FALSE,,,PMAOPS223B,TRUE,1,02/06/2016,PMA,"Chemical, Hydrocarbons and Refining",FALSE,Manufacturing Industry Skills Alliance,,,,,,Skills and Workforce Ministerial Council,,,,,30717,Plant And Machine Operations,,,,,,,FALSE,FALSE,,FALSE
41304,PM2 Pty Ltd,ONSHIFT EDUCATION;PM SQUARED,PMAOPS230,"Monitor, operate and maintain pipeline stations and equipment",N,Unit of competency,Current,02/06/2016,Current,02/06/2016,,"Deliver and assess , Granted",13/10/2023,06/10/2029,Implicit,FALSE,FALSE,FALSE,FALSE,FALSE,FALSE,FALSE,FALSE,FALSE,,,PMAOPS230B,TRUE,1,02/06/2016,PMA,"Chemical, Hydrocarbons and Refining",FALSE,Manufacturing Industry Skills Alliance,,,,,,Skills and Workforce Ministerial Council,,,,,30717,Plant And Machine Operations,,,,,,,FALSE,FALSE,,FALSE
41304,PM2 Pty Ltd,ONSHIFT EDUCATION;PM SQUARED,PMAOPS246,Operate separation equipment,N,Unit of competency,Current,02/06/2016,Current,02/06/2016,,"Deliver and assess , Granted",13/10/2023,06/10/2029,Implicit,FALSE,FALSE,FALSE,FALSE,FALSE,FALSE,FALSE,FALSE,FALSE,,,PMAOPS246A,TRUE,1,02/06/2016,PMA,"Chemical, Hydrocarbons and Refining",FALSE,Manufacturing Industry Skills Alliance,,,,,,Skills and Workforce Ministerial Council,,,,,30717,Plant And Machine Operations,,,,,,,FALSE,FALSE,,FALSE
41304,PM2 Pty Ltd,ONSHIFT EDUCATION;PM SQUARED,PMAOPS247,Operate powered separation equipment,N,Unit of competency,Current,02/06/2016,Current,02/06/2016,,"Deliver and assess , Granted",13/10/2023,06/10/2029,Implicit,FALSE,FALSE,FALSE,FALSE,FALSE,FALSE,FALSE,FALSE,FALSE,,,PMAOPS247A,TRUE,1,02/06/2016,PMA,"Chemical, Hydrocarbons and Refining",FALSE,Manufacturing Industry Skills Alliance,,,,,,Skills and Workforce Ministerial Council,,,,,30717,Plant And Machine Operations,,,,,,,FALSE,FALSE,,FALSE
41304,PM2 Pty Ltd,ONSHIFT EDUCATION;PM SQUARED,PMAOPS315,Operate and troubleshoot process control systems,N,Unit of competency,Current,16/11/2020,Current,16/11/2020,,"Deliver and assess , Granted",29/08/2024,06/10/2029,Implicit,FALSE,FALSE,FALSE,FALSE,FALSE,FALSE,FALSE,FALSE,FALSE,,,PMAOPS305,TRUE,1,16/11/2020,PMA,"Chemical, Hydrocarbons and Refining",FALSE,Manufacturing Industry Skills Alliance,,,,,,Skills and Workforce Ministerial Council,,,,,30717,Plant And Machine Operations,,,,,,,FALSE,FALSE,,FALSE
41304,PM2 Pty Ltd,ONSHIFT EDUCATION;PM SQUARED,PMAOPS317,Undertake ship transfer operations,N,Unit of competency,Current,16/11/2020,Current,16/11/2020,,"Deliver and assess , Granted",29/08/2024,06/10/2029,Implicit,FALSE,FALSE,FALSE,FALSE,FALSE,FALSE,FALSE,FALSE,FALSE,,,PMAOPS312,TRUE,1,16/11/2020,PMA,"Chemical, Hydrocarbons and Refining",FALSE,Manufacturing Industry Skills Alliance,,,,,,Skills and Workforce Ministerial Council,,,,,89901,"Purchasing, Warehousing And Distribution",,,,,,,FALSE,FALSE,,FALSE
41304,PM2 Pty Ltd,ONSHIFT EDUCATION;PM SQUARED,PMAOPS338,Communicate and monitor pipeline activities,N,Unit of competency,Current,16/11/2020,Current,16/11/2020,,"Deliver and assess , Granted",13/10/2023,06/10/2029,Implicit,FALSE,FALSE,FALSE,FALSE,FALSE,FALSE,FALSE,FALSE,FALSE,,,PMAOPS330,TRUE,1,16/11/2020,PMA,"Chemical, Hydrocarbons and Refining",FALSE,Manufacturing Industry Skills Alliance,,,,,,Skills and Workforce Ministerial Council,,,,,30303,Mining Engineering,,,,,,,FALSE,FALSE,,FALSE
41304,PM2 Pty Ltd,ONSHIFT EDUCATION;PM SQUARED,PMAOPS342,Conduct pipeline pigging,N,Unit of competency,Current,16/11/2020,Current,16/11/2020,,"Deliver and assess , Granted",13/10/2023,06/10/2029,Implicit,FALSE,FALSE,FALSE,FALSE,FALSE,FALSE,FALSE,FALSE,FALSE,,,PMAOPS335,TRUE,1,16/11/2020,PMA,"Chemical, Hydrocarbons and Refining",FALSE,Manufacturing Industry Skills Alliance,,,,,,Skills and Workforce Ministerial Council,,,,,30717,Plant And Machine Operations,,,,,,,FALSE,FALSE,,FALSE
41304,PM2 Pty Ltd,ONSHIFT EDUCATION;PM SQUARED,PMAOPS343,Transfer bulk fluids into/out of storage facility,N,Unit of competency,Current,16/11/2020,Current,16/11/2020,,"Deliver and assess , Granted",13/10/2023,06/10/2029,Implicit,FALSE,FALSE,FALSE,FALSE,FALSE,FALSE,FALSE,FALSE,FALSE,,,PMAOPS307,TRUE,1,16/11/2020,PMA,"Chemical, Hydrocarbons and Refining",FALSE,Manufacturing Industry Skills Alliance,,,,,,Skills and Workforce Ministerial Council,,,,,89901,"Purchasing, Warehousing And Distribution",,,,,,,FALSE,FALSE,,FALSE
41304,PM2 Pty Ltd,ONSHIFT EDUCATION;PM SQUARED,PMAOPS346,Operate and troubleshoot liquefaction process,N,Unit of competency,Current,16/11/2020,Current,16/11/2020,,"Deliver and assess , Granted",29/08/2024,06/10/2029,Implicit,FALSE,FALSE,FALSE,FALSE,FALSE,FALSE,FALSE,FALSE,FALSE,,,,,1,16/11/2020,PMA,"Chemical, Hydrocarbons and Refining",FALSE,Manufacturing Industry Skills Alliance,,,,,,Skills and Workforce Ministerial Council,,,,,30717,Plant And Machine Operations,,,,,,,FALSE,FALSE,,FALSE
41304,PM2 Pty Ltd,ONSHIFT EDUCATION;PM SQUARED,PMASUP236,Operate vehicles in the field,N,Unit of competency,Current,02/06/2016,Current,02/06/2016,,"Deliver and assess , Granted",19/04/2024,06/10/2029,Implicit,FALSE,FALSE,FALSE,FALSE,FALSE,FALSE,FALSE,FALSE,FALSE,,,PMASUP236B,TRUE,1,02/06/2016,PMA,"Chemical, Hydrocarbons and Refining",FALSE,Manufacturing Industry Skills Alliance,,,,,,Skills and Workforce Ministerial Council,,,,,30515,Automotive Vehicle Operations,,,,,,,TRUE,FALSE,,FALSE
41304,PM2 Pty Ltd,ONSHIFT EDUCATION;PM SQUARED,PMASUP311,Operate communications hub,N,Unit of competency,Current,02/06/2016,Current,02/06/2016,,"Deliver and assess , Granted",29/08/2024,06/10/2029,Implicit,FALSE,FALSE,FALSE,FALSE,FALSE,FALSE,FALSE,FALSE,FALSE,,,PMASUP311A,TRUE,1,02/06/2016,PMA,"Chemical, Hydrocarbons and Refining",FALSE,Manufacturing Industry Skills Alliance,,,,,,Skills and Workforce Ministerial Council,,,,,31309,Communications Equipment Installation And Maintenance,,,,,,,FALSE,FALSE,,FALSE
41304,PM2 Pty Ltd,ONSHIFT EDUCATION;PM SQUARED,PMAWHS211,Prepare equipment for emergency response,N,Unit of competency,Current,02/06/2016,Current,02/06/2016,,"Deliver and assess , Granted",18/08/2023,06/10/2029,Implicit,FALSE,FALSE,FALSE,FALSE,FALSE,FALSE,FALSE,FALSE,FALSE,,,PMAOHS211B,TRUE,1,02/06/2016,PMA,"Chemical, Hydrocarbons and Refining",FALSE,Manufacturing Industry Skills Alliance,,,,,,Skills and Workforce Ministerial Council,,,,,30717,Plant And Machine Operations,,,,,,,FALSE,FALSE,,FALSE
41304,PM2 Pty Ltd,ONSHIFT EDUCATION;PM SQUARED,PMBWELD301,Butt weld polyethylene plastic pipelines,N,Unit of competency,Superseded,17/02/2021,Superseded,22/06/2016,16/02/2021,"Deliver and assess , Granted",18/08/2023,06/10/2029,Implicit,FALSE,FALSE,FALSE,FALSE,FALSE,FALSE,FALSE,FALSE,FALSE,PMBWELD301E,TRUE,PMBWELD301B,TRUE,1,22/06/2016,PMB,"Plastics, Rubber and Cablemaking",FALSE,Manufacturing Industry Skills Alliance,,,,,,Skills and Workforce Ministerial Council,,,,,30305,Materials Engineering,,,,,,,FALSE,FALSE,,FALSE
41304,PM2 Pty Ltd,ONSHIFT EDUCATION;PM SQUARED,PMBWELD301E,Join polyethylene plastic pipelines using butt welding,N,Unit of competency,Current,18/02/2021,Current,18/02/2021,,"Deliver and assess , Granted",29/08/2024,06/10/2029,Implicit,FALSE,FALSE,FALSE,FALSE,FALSE,FALSE,FALSE,FALSE,FALSE,,,PMBWELD301,TRUE,1,18/02/2021,PMB,"Plastics, Rubber and Cablemaking",FALSE,Manufacturing Industry Skills Alliance,,,,,,Skills and Workforce Ministerial Council,,,,,30305,Materials Engineering,,,,,,,FALSE,FALSE,,FALSE
41304,PM2 Pty Ltd,ONSHIFT EDUCATION;PM SQUARED,PMBWELD302,Electrofusion weld polyethylene pipelines,N,Unit of competency,Superseded,17/02/2021,Superseded,22/06/2016,16/02/2021,"Deliver and assess , Granted",18/08/2023,06/10/2029,Implicit,FALSE,FALSE,FALSE,FALSE,FALSE,FALSE,FALSE,FALSE,FALSE,PMBWELD302E,TRUE,PMBWELD302B,TRUE,1,22/06/2016,PMB,"Plastics, Rubber and Cablemaking",FALSE,Manufacturing Industry Skills Alliance,,,,,,Skills and Workforce Ministerial Council,,,,,30305,Materials Engineering,,,,,,,FALSE,FALSE,,FALSE
41304,PM2 Pty Ltd,ONSHIFT EDUCATION;PM SQUARED,PMBWELD302E,Join polyethylene plastic pipelines using electrofusion welding,N,Unit of competency,Current,18/02/2021,Current,18/02/2021,,"Deliver and assess , Granted",29/08/2024,06/10/2029,Implicit,FALSE,FALSE,FALSE,FALSE,FALSE,FALSE,FALSE,FALSE,FALSE,,,PMBWELD302,TRUE,1,18/02/2021,PMB,"Plastics, Rubber and Cablemaking",FALSE,Manufacturing Industry Skills Alliance,,,,,,Skills and Workforce Ministerial Council,,,,,30305,Materials Engineering,,,,,,,FALSE,FALSE,,FALSE
41304,PM2 Pty Ltd,ONSHIFT EDUCATION;PM SQUARED,PPMSTM320,Manage steam boiler start up,N,Unit of competency,Superseded,09/02/2022,Superseded,06/05/2016,08/02/2022,"Deliver and assess , Granted",13/10/2023,06/10/2029,Implicit,FALSE,FALSE,FALSE,FALSE,FALSE,FALSE,FALSE,FALSE,FALSE,PPMSTM301,FALSE,FPPSTM320A,TRUE,2,24/10/2018,PPM,Pulp & Paper Manufacturing Industry Training Package,FALSE,Skills Insight,,,,,,Skills and Workforce Ministerial Council,,,,,30717,Plant And Machine Operations,,,,,,,FALSE,FALSE,,FALSE
41304,PM2 Pty Ltd,ONSHIFT EDUCATION;PM SQUARED,PPMSTM330,Shut down and bank steam boiler,N,Unit of competency,Superseded,09/02/2022,Superseded,06/05/2016,08/02/2022,"Deliver and assess , Granted",13/10/2023,06/10/2029,Implicit,FALSE,FALSE,FALSE,FALSE,FALSE,FALSE,FALSE,FALSE,FALSE,PPMSTM301,FALSE,FPPSTM330A,TRUE,2,24/10/2018,PPM,Pulp & Paper Manufacturing Industry Training Package,FALSE,Skills Insight,,,,,,Skills and Workforce Ministerial Council,,,,,30717,Plant And Machine Operations,,,,,,,FALSE,FALSE,,FALSE
41304,PM2 Pty Ltd,ONSHIFT EDUCATION;PM SQUARED,PUAAMS007,Coordinate search and rescue operations,N,Unit of competency,Current,16/07/2019,Current,16/07/2019,,"Deliver and assess , Granted",18/08/2023,06/10/2029,Implicit,FALSE,FALSE,FALSE,FALSE,FALSE,FALSE,FALSE,FALSE,FALSE,,,PUAAMS007B,TRUE,1,16/07/2019,PUA,Public Safety,FALSE,Public Skills Australia,,,,,,Skills and Workforce Ministerial Council,,,,,80399,"Business And Management, N.e.c.",,,,,,,FALSE,FALSE,,FALSE
41304,PM2 Pty Ltd,ONSHIFT EDUCATION;PM SQUARED,PUACOM008,Develop and organise public safety awareness programs,N,Unit of competency,Current,16/07/2019,Current,16/07/2019,,"Deliver and assess , Granted",21/10/2022,06/10/2029,Implicit,FALSE,FALSE,FALSE,FALSE,FALSE,FALSE,FALSE,FALSE,FALSE,,,PUACOM008B,TRUE,2,08/02/2021,PUA,Public Safety,FALSE,Public Skills Australia,,,,,,Skills and Workforce Ministerial Council,,,,,80509,Public Relations,,,,,,,FALSE,FALSE,,TRUE
41304,PM2 Pty Ltd,ONSHIFT EDUCATION;PM SQUARED,PUAEME001,Provide emergency care,N,Unit of competency,Deleted,15/12/2022,Deleted,16/07/2019,14/12/2022,"Deliver and assess , Granted",18/08/2023,06/10/2029,Implicit,FALSE,FALSE,FALSE,FALSE,FALSE,FALSE,FALSE,FALSE,FALSE,,,PUAEME001B,TRUE,1,16/07/2019,PUA,Public Safety,FALSE,Public Skills Australia,,,,,,Skills and Workforce Ministerial Council,,,,,80399,"Business And Management, N.e.c.",,,,,,,FALSE,FALSE,,FALSE
41304,PM2 Pty Ltd,ONSHIFT EDUCATION;PM SQUARED,PUAEME002,Manage injuries at emergency incident,N,Unit of competency,Deleted,15/12/2022,Deleted,16/07/2019,14/12/2022,"Deliver and assess , Granted",18/08/2023,06/10/2029,Implicit,FALSE,FALSE,FALSE,FALSE,FALSE,FALSE,FALSE,FALSE,FALSE,,,PUAEME002C,TRUE,1,16/07/2019,PUA,Public Safety,FALSE,Public Skills Australia,,,,,,Skills and Workforce Ministerial Council,,,,,69905,Paramedical Studies,,,,,,,FALSE,FALSE,,TRUE
41304,PM2 Pty Ltd,ONSHIFT EDUCATION;PM SQUARED,PUAEQU001,"Prepare, maintain and test response equipment",N,Unit of competency,Current,16/07/2019,Current,16/07/2019,,"Deliver and assess , Granted",18/08/2023,06/10/2029,Implicit,FALSE,FALSE,FALSE,FALSE,FALSE,FALSE,FALSE,FALSE,FALSE,,,PUAEQU001B,TRUE,1,16/07/2019,PUA,Public Safety,FALSE,Public Skills Australia,,,,,,Skills and Workforce Ministerial Council,,,,,30717,Plant And Machine Operations,,,,,,,FALSE,FALSE,,TRUE
41304,PM2 Pty Ltd,ONSHIFT EDUCATION;PM SQUARED,PUAFER001,"Identify, prevent and report potential facility emergency situations",N,Unit of competency,Current,16/07/2019,Current,16/07/2019,,"Deliver and assess , Granted",21/10/2022,06/10/2029,Explicit,TRUE,TRUE,TRUE,TRUE,TRUE,TRUE,TRUE,TRUE,FALSE,,,PUAWER001B,TRUE,1,16/07/2019,PUA,Public Safety,FALSE,Public Skills Australia,,,,,,Skills and Workforce Ministerial Council,,,,,61301,Occupational Health And Safety,,,,,,,FALSE,FALSE,,FALSE
41304,PM2 Pty Ltd,ONSHIFT EDUCATION;PM SQUARED,PUAFER002,"Ensure facility emergency prevention procedures, systems and processes are implemented",N,Unit of competency,Current,16/07/2019,Current,16/07/2019,,"Deliver and assess , Granted",21/10/2022,06/10/2029,Explicit,TRUE,TRUE,TRUE,TRUE,TRUE,TRUE,TRUE,TRUE,FALSE,,,PUAWER002B,TRUE,1,16/07/2019,PUA,Public Safety,FALSE,Public Skills Australia,,,,,,Skills and Workforce Ministerial Council,,,,,61301,Occupational Health And Safety,,,,,,,FALSE,FALSE,,FALSE
41304,PM2 Pty Ltd,ONSHIFT EDUCATION;PM SQUARED,PUAFER003,"Manage and monitor facility emergency procedures, equipment and other resources",N,Unit of competency,Current,16/07/2019,Current,16/07/2019,,"Deliver and assess , Granted",21/10/2022,06/10/2029,Explicit,TRUE,TRUE,TRUE,TRUE,TRUE,TRUE,TRUE,TRUE,FALSE,,,PUAWER003B,TRUE,1,16/07/2019,PUA,Public Safety,FALSE,Public Skills Australia,,,,,,Skills and Workforce Ministerial Council,,,,,61301,Occupational Health And Safety,,,,,,,FALSE,FALSE,,FALSE
41304,PM2 Pty Ltd,ONSHIFT EDUCATION;PM SQUARED,PUAFER004,Respond to facility emergencies,N,Unit of competency,Current,16/07/2019,Current,16/07/2019,,"Deliver and assess , Granted",21/10/2022,06/10/2029,Explicit,TRUE,TRUE,TRUE,TRUE,TRUE,TRUE,TRUE,TRUE,FALSE,,,PUAWER004B,TRUE,1,16/07/2019,PUA,Public Safety,FALSE,Public Skills Australia,,,,,,Skills and Workforce Ministerial Council,,,,,61301,Occupational Health And Safety,,,,,,,FALSE,FALSE,,FALSE
41304,PM2 Pty Ltd,ONSHIFT EDUCATION;PM SQUARED,PUAFER005,Operate as part of an emergency control organisation,N,Unit of competency,Current,16/07/2019,Current,16/07/2019,,"Deliver and assess , Granted",21/10/2022,06/10/2029,Explicit,TRUE,TRUE,TRUE,TRUE,TRUE,TRUE,TRUE,TRUE,FALSE,,,PUAWER005B,TRUE,1,16/07/2019,PUA,Public Safety,FALSE,Public Skills Australia,,,,,,Skills and Workforce Ministerial Council,,,,,61301,Occupational Health And Safety,,,,,,,FALSE,FALSE,,FALSE
41304,PM2 Pty Ltd,ONSHIFT EDUCATION;PM SQUARED,PUAFER006,Lead an emergency control organisation,N,Unit of competency,Current,16/07/2019,Current,16/07/2019,,"Deliver and assess , Granted",21/10/2022,06/10/2029,Explicit,TRUE,TRUE,TRUE,TRUE,TRUE,TRUE,TRUE,TRUE,FALSE,,,PUAWER006B,TRUE,1,16/07/2019,PUA,Public Safety,FALSE,Public Skills Australia,,,,,,Skills and Workforce Ministerial Council,,,,,61301,Occupational Health And Safety,,,,,,,FALSE,FALSE,,TRUE
41304,PM2 Pty Ltd,ONSHIFT EDUCATION;PM SQUARED,PUAFER007,Manage an emergency control organisation,N,Unit of competency,Current,16/07/2019,Current,16/07/2019,,"Deliver and assess , Granted",21/10/2022,06/10/2029,Explicit,TRUE,TRUE,TRUE,TRUE,TRUE,TRUE,TRUE,TRUE,FALSE,,,PUAWER007B,TRUE,1,16/07/2019,PUA,Public Safety,FALSE,Public Skills Australia,,,,,,Skills and Workforce Ministerial Council,,,,,80399,"Business And Management, N.e.c.",,,,,,,FALSE,FALSE,,FALSE
41304,PM2 Pty Ltd,ONSHIFT EDUCATION;PM SQUARED,PUAFER008,Confine small emergencies in a facility,N,Unit of competency,Current,16/07/2019,Current,16/07/2019,,"Deliver and assess , Granted",21/10/2022,06/10/2029,Explicit,TRUE,TRUE,TRUE,TRUE,TRUE,TRUE,TRUE,TRUE,FALSE,,,PUAWER008B,TRUE,1,16/07/2019,PUA,Public Safety,FALSE,Public Skills Australia,,,,,,Skills and Workforce Ministerial Council,,,,,61301,Occupational Health And Safety,,,,,,,FALSE,FALSE,,FALSE
41304,PM2 Pty Ltd,ONSHIFT EDUCATION;PM SQUARED,PUAFIR207,Operate breathing apparatus open circuit,N,Unit of competency,Current,16/07/2019,Current,16/07/2019,,"Deliver and assess , Granted",18/08/2023,06/10/2029,Implicit,FALSE,FALSE,FALSE,FALSE,FALSE,FALSE,FALSE,FALSE,FALSE,,,PUAFIR207B,TRUE,2,08/02/2021,PUA,Public Safety,FALSE,Public Skills Australia,,,,,,Skills and Workforce Ministerial Council,,,,,30717,Plant And Machine Operations,,,,,,,FALSE,FALSE,,TRUE
41304,PM2 Pty Ltd,ONSHIFT EDUCATION;PM SQUARED,PUAFIR210,Prevent injury,N,Unit of competency,Current,16/07/2019,Current,16/07/2019,,"Deliver and assess , Granted",18/08/2023,06/10/2029,Implicit,FALSE,FALSE,FALSE,FALSE,FALSE,FALSE,FALSE,FALSE,FALSE,,,PUAFIR215,TRUE,1,16/07/2019,PUA,Public Safety,FALSE,Public Skills Australia,,,,,,Skills and Workforce Ministerial Council,,,,,61301,Occupational Health And Safety,,,,,,,FALSE,FALSE,,FALSE
41304,PM2 Pty Ltd,ONSHIFT EDUCATION;PM SQUARED,PUAFIR306,"Identify, detect and monitor hazardous materials at an incident",N,Unit of competency,Current,16/07/2019,Current,16/07/2019,,"Deliver and assess , Granted",18/08/2023,06/10/2029,Implicit,FALSE,FALSE,FALSE,FALSE,FALSE,FALSE,FALSE,FALSE,FALSE,,,PUAFIR316,TRUE,1,16/07/2019,PUA,Public Safety,FALSE,Public Skills Australia,,,,,,Skills and Workforce Ministerial Council,,,,,61301,Occupational Health And Safety,,,,,,,FALSE,FALSE,,TRUE
41304,PM2 Pty Ltd,ONSHIFT EDUCATION;PM SQUARED,PUAFIR324,Render hazardous materials incidents safe,N,Unit of competency,Current,16/07/2019,Current,16/07/2019,,"Deliver and assess , Granted",18/08/2023,06/10/2029,Implicit,FALSE,FALSE,FALSE,FALSE,FALSE,FALSE,FALSE,FALSE,FALSE,,,PUAFIR320,TRUE,1,16/07/2019,PUA,Public Safety,FALSE,Public Skills Australia,,,,,,Skills and Workforce Ministerial Council,,,,,61301,Occupational Health And Safety,,,,,,,FALSE,FALSE,,TRUE
41304,PM2 Pty Ltd,ONSHIFT EDUCATION;PM SQUARED,PUARCV001,Provide psychological first aid,N,Unit of competency,Current,16/06/2022,Current,16/06/2022,,"Deliver and assess , Granted",18/08/2023,06/10/2029,Explicit,TRUE,TRUE,TRUE,TRUE,TRUE,TRUE,TRUE,TRUE,FALSE,,,,,1,16/06/2022,PUA,Public Safety,FALSE,Public Skills Australia,,,,,,Skills and Workforce Ministerial Council,,,,,90599,"Human Welfare Studies And Services, N.e.c.",,,,,,,FALSE,FALSE,,FALSE
41304,PM2 Pty Ltd,ONSHIFT EDUCATION;PM SQUARED,PUASAR022,Participate in a rescue operation,N,Unit of competency,Current,16/07/2019,Current,16/07/2019,,"Deliver and assess , Granted",18/08/2023,06/10/2029,Implicit,FALSE,FALSE,FALSE,FALSE,FALSE,FALSE,FALSE,FALSE,FALSE,,,PUASAR022A,TRUE,2,23/03/2022,PUA,Public Safety,FALSE,Public Skills Australia,,,,,,Skills and Workforce Ministerial Council,,,,,91105,Police Studies,,,,,,,FALSE,FALSE,,TRUE
41304,PM2 Pty Ltd,ONSHIFT EDUCATION;PM SQUARED,PUASAR024,Undertake road crash rescue,N,Unit of competency,Current,16/07/2019,Current,16/07/2019,,"Deliver and assess , Granted",18/08/2023,06/10/2029,Implicit,FALSE,FALSE,FALSE,FALSE,FALSE,FALSE,FALSE,FALSE,FALSE,,,PUASAR024A,TRUE,2,23/03/2022,PUA,Public Safety,FALSE,Public Skills Australia,,,,,,Skills and Workforce Ministerial Council,,,,,80399,"Business And Management, N.e.c.",,,,,,,FALSE,FALSE,,TRUE
41304,PM2 Pty Ltd,ONSHIFT EDUCATION;PM SQUARED,PUASAR025,Undertake confined space rescue,N,Unit of competency,Current,16/07/2019,Current,16/07/2019,,"Deliver and assess , Granted",18/08/2023,06/10/2029,Implicit,FALSE,FALSE,FALSE,FALSE,FALSE,FALSE,FALSE,FALSE,FALSE,,,PUASAR025A,TRUE,1,16/07/2019,PUA,Public Safety,FALSE,Public Skills Australia,,,,,,Skills and Workforce Ministerial Council,,,,,80399,"Business And Management, N.e.c.",,,,,,,FALSE,FALSE,,TRUE
41304,PM2 Pty Ltd,ONSHIFT EDUCATION;PM SQUARED,PUASAR027,Undertake land search rescue,N,Unit of competency,Current,16/07/2019,Current,16/07/2019,,"Deliver and assess , Granted",18/08/2023,06/10/2029,Implicit,FALSE,FALSE,FALSE,FALSE,FALSE,FALSE,FALSE,FALSE,FALSE,,,PUASAR027A,TRUE,1,16/07/2019,PUA,Public Safety,FALSE,Public Skills Australia,,,,,,Skills and Workforce Ministerial Council,,,,,80399,"Business And Management, N.e.c.",,,,,,,FALSE,FALSE,,TRUE
41304,PM2 Pty Ltd,ONSHIFT EDUCATION;PM SQUARED,PUASAR032,Undertake vertical rescue,N,Unit of competency,Current,16/07/2019,Current,16/07/2019,,"Deliver and assess , Granted",18/08/2023,06/10/2029,Implicit,FALSE,FALSE,FALSE,FALSE,FALSE,FALSE,FALSE,FALSE,FALSE,,,PUASAR032A,TRUE,1,16/07/2019,PUA,Public Safety,FALSE,Public Skills Australia,,,,,,Skills and Workforce Ministerial Council,,,,,80399,"Business And Management, N.e.c.",,,,,,,FALSE,FALSE,,TRUE
41304,PM2 Pty Ltd,ONSHIFT EDUCATION;PM SQUARED,PUAWHS002,Maintain safety at an incident scene,N,Unit of competency,Current,16/07/2019,Current,16/07/2019,,"Deliver and assess , Granted",13/10/2023,06/10/2029,Implicit,FALSE,FALSE,FALSE,FALSE,FALSE,FALSE,FALSE,FALSE,FALSE,,,PUAOHS002B,TRUE,1,16/07/2019,PUA,Public Safety,FALSE,Public Skills Australia,,,,,,Skills and Workforce Ministerial Council,,,,,61301,Occupational Health And Safety,,,,,,,FALSE,FALSE,,TRUE
41304,PM2 Pty Ltd,ONSHIFT EDUCATION;PM SQUARED,PUAWHS003,"Implement and monitor organisational work, health and safety policies, procedures and programs",N,Unit of competency,Current,16/07/2019,Current,16/07/2019,,"Deliver and assess , Granted",21/10/2022,06/10/2029,Implicit,FALSE,FALSE,FALSE,FALSE,FALSE,FALSE,FALSE,FALSE,FALSE,,,PUAOHS003B,TRUE,1,16/07/2019,PUA,Public Safety,FALSE,Public Skills Australia,,,,,,Skills and Workforce Ministerial Council,,,,,61301,Occupational Health And Safety,,,,,,,FALSE,FALSE,,FALSE
41304,PM2 Pty Ltd,ONSHIFT EDUCATION;PM SQUARED,RIIARO301,Work safely in autonomous environments,N,Unit of competency,Current,12/03/2021,Current,12/03/2021,,"Deliver and assess , Granted",13/10/2023,06/10/2029,Implicit,FALSE,FALSE,FALSE,FALSE,FALSE,FALSE,FALSE,FALSE,FALSE,,,,,2,19/10/2022,RII,Resources and Infrastructure Industry Training Package,FALSE,Mining and Automotive Skills Alliance,,,,,,Skills and Workforce Ministerial Council,,,,,61301,Occupational Health And Safety,,,,,,,TRUE,FALSE,,FALSE
41304,PM2 Pty Ltd,ONSHIFT EDUCATION;PM SQUARED,RIIARO302,Work safely with remotely piloted aircraft systems,N,Unit of competency,Current,12/03/2021,Current,12/03/2021,,"Deliver and assess , Granted",13/10/2023,06/10/2029,Implicit,FALSE,FALSE,FALSE,FALSE,FALSE,FALSE,FALSE,FALSE,FALSE,,,,,1,12/03/2021,RII,Resources and Infrastructure Industry Training Package,FALSE,Mining and Automotive Skills Alliance,,,,,,Skills and Workforce Ministerial Council,,,,,61301,Occupational Health And Safety,,,,,,,TRUE,FALSE,,FALSE
41304,PM2 Pty Ltd,ONSHIFT EDUCATION;PM SQUARED,RIIARO303,Operate equipment in autonomous environments,N,Unit of competency,Current,12/03/2021,Current,12/03/2021,,"Deliver and assess , Granted",13/10/2023,06/10/2029,Implicit,FALSE,FALSE,FALSE,FALSE,FALSE,FALSE,FALSE,FALSE,FALSE,,,,,2,19/10/2022,RII,Resources and Infrastructure Industry Training Package,FALSE,Mining and Automotive Skills Alliance,,,,,,Skills and Workforce Ministerial Council,,,,,30717,Plant And Machine Operations,,,,,,,TRUE,FALSE,,FALSE
41304,PM2 Pty Ltd,ONSHIFT EDUCATION;PM SQUARED,RIIARO304,Coordinate and interact with autonomous systems,N,Unit of competency,Current,12/03/2021,Current,12/03/2021,,"Deliver and assess , Granted",13/10/2023,06/10/2029,Implicit,FALSE,FALSE,FALSE,FALSE,FALSE,FALSE,FALSE,FALSE,FALSE,,,,,2,19/10/2022,RII,Resources and Infrastructure Industry Training Package,FALSE,Mining and Automotive Skills Alliance,,,,,,Skills and Workforce Ministerial Council,,,,,30717,Plant And Machine Operations,,,,,,,TRUE,FALSE,,FALSE
41304,PM2 Pty Ltd,ONSHIFT EDUCATION;PM SQUARED,RIIARO305,Build and maintain routes for autonomous operations,N,Unit of competency,Current,12/03/2021,Current,12/03/2021,,"Deliver and assess , Granted",13/10/2023,06/10/2029,Implicit,FALSE,FALSE,FALSE,FALSE,FALSE,FALSE,FALSE,FALSE,FALSE,,,,,1,12/03/2021,RII,Resources and Infrastructure Industry Training Package,FALSE,Mining and Automotive Skills Alliance,,,,,,Skills and Workforce Ministerial Council,,,,,30799,"Mechanical And Industrial Engineering And Technology, N.e.c.",,,,,,,TRUE,FALSE,,FALSE
41304,PM2 Pty Ltd,ONSHIFT EDUCATION;PM SQUARED,RIIARO306,Respond to obstructions to autonomous operations,N,Unit of competency,Current,12/03/2021,Current,12/03/2021,,"Deliver and assess , Granted",13/10/2023,06/10/2029,Implicit,FALSE,FALSE,FALSE,FALSE,FALSE,FALSE,FALSE,FALSE,FALSE,,,,,2,19/10/2022,RII,Resources and Infrastructure Industry Training Package,FALSE,Mining and Automotive Skills Alliance,,,,,,Skills and Workforce Ministerial Council,,,,,30717,Plant And Machine Operations,,,,,,,TRUE,FALSE,,FALSE
41304,PM2 Pty Ltd,ONSHIFT EDUCATION;PM SQUARED,RIIARO307,Activate and deactivate autonomous systems,N,Unit of competency,Current,12/03/2021,Current,12/03/2021,,"Deliver and assess , Granted",13/10/2023,06/10/2029,Implicit,FALSE,FALSE,FALSE,FALSE,FALSE,FALSE,FALSE,FALSE,FALSE,,,,,2,19/10/2022,RII,Resources and Infrastructure Industry Training Package,FALSE,Mining and Automotive Skills Alliance,,,,,,Skills and Workforce Ministerial Council,,,,,30717,Plant And Machine Operations,,,,,,,TRUE,FALSE,,FALSE
41304,PM2 Pty Ltd,ONSHIFT EDUCATION;PM SQUARED,RIIARO401,Supervise autonomous operations,N,Unit of competency,Current,12/03/2021,Current,12/03/2021,,"Deliver and assess , Granted",13/10/2023,06/10/2029,Implicit,FALSE,FALSE,FALSE,FALSE,FALSE,FALSE,FALSE,FALSE,FALSE,,,,,2,19/10/2022,RII,Resources and Infrastructure Industry Training Package,FALSE,Mining and Automotive Skills Alliance,,,,,,Skills and Workforce Ministerial Council,,,,,80315,Project Management,,,,,,,TRUE,FALSE,,FALSE
41304,PM2 Pty Ltd,ONSHIFT EDUCATION;PM SQUARED,RIIBEF201E,Plan and organise work,N,Unit of competency,Current,23/09/2020,Current,23/09/2020,,"Deliver and assess , Granted",14/06/2022,06/10/2029,Implicit,FALSE,FALSE,FALSE,FALSE,FALSE,FALSE,FALSE,FALSE,FALSE,,,RIIBEF201D,TRUE,1,23/09/2020,RII,Resources and Infrastructure Industry Training Package,FALSE,Mining and Automotive Skills Alliance,,,,,,Skills and Workforce Ministerial Council,,,,,120505,Work Practices Programmes,,,,,,,TRUE,FALSE,,FALSE
41304,PM2 Pty Ltd,ONSHIFT EDUCATION;PM SQUARED,RIIBEF202E,Identify and rectify site operating problems,N,Unit of competency,Current,23/09/2020,Current,23/09/2020,,"Deliver and assess , Granted",18/08/2023,06/10/2029,Implicit,FALSE,FALSE,FALSE,FALSE,FALSE,FALSE,FALSE,FALSE,FALSE,,,RIIBEF202D,TRUE,1,23/09/2020,RII,Resources and Infrastructure Industry Training Package,FALSE,Mining and Automotive Skills Alliance,,,,,,Skills and Workforce Ministerial Council,,,,,40303,Building Construction Management,,,,,,,TRUE,FALSE,,FALSE
41304,PM2 Pty Ltd,ONSHIFT EDUCATION;PM SQUARED,RIIBEF301D,Run on-site operations,N,Unit of competency,Current,14/11/2013,Current,14/11/2013,,"Deliver and assess , Granted",18/08/2023,06/10/2029,Implicit,FALSE,FALSE,FALSE,FALSE,FALSE,FALSE,FALSE,FALSE,FALSE,,,RIIBEF301A,TRUE,3,07/12/2014,RII,Resources and Infrastructure Industry Training Package,FALSE,Mining and Automotive Skills Alliance,,,,,,Skills and Workforce Ministerial Council,,,,,80399,"Business And Management, N.e.c.",,,,,,,TRUE,FALSE,,FALSE
41304,PM2 Pty Ltd,ONSHIFT EDUCATION;PM SQUARED,RIIBEF302E,Monitor site production activities,N,Unit of competency,Current,23/09/2020,Current,23/09/2020,,"Deliver and assess , Granted",13/10/2023,06/10/2029,Implicit,FALSE,FALSE,FALSE,FALSE,FALSE,FALSE,FALSE,FALSE,FALSE,,,RIIBEF302D,TRUE,1,23/09/2020,RII,Resources and Infrastructure Industry Training Package,FALSE,Mining and Automotive Skills Alliance,,,,,,Skills and Workforce Ministerial Council,,,,,80399,"Business And Management, N.e.c.",,,,,,,TRUE,FALSE,,FALSE
41304,PM2 Pty Ltd,ONSHIFT EDUCATION;PM SQUARED,RIIBEF402D,Supervise on-site operations,N,Unit of competency,Current,14/11/2013,Current,14/11/2013,,"Deliver and assess , Granted",18/08/2023,06/10/2029,Implicit,FALSE,FALSE,FALSE,FALSE,FALSE,FALSE,FALSE,FALSE,FALSE,,,RIIBEF402A,TRUE,3,07/12/2014,RII,Resources and Infrastructure Industry Training Package,FALSE,Mining and Automotive Skills Alliance,,,,,,Skills and Workforce Ministerial Council,,,,,80399,"Business And Management, N.e.c.",,,,,,,TRUE,FALSE,,FALSE
41304,PM2 Pty Ltd,ONSHIFT EDUCATION;PM SQUARED,RIIBHD301E,Conduct surface blast hole drilling operations,N,Unit of competency,Current,23/09/2020,Current,23/09/2020,,"Deliver and assess , Granted",13/10/2023,06/10/2029,Implicit,FALSE,FALSE,FALSE,FALSE,FALSE,FALSE,FALSE,FALSE,FALSE,,,RIIBHD301D,TRUE,1,23/09/2020,RII,Resources and Infrastructure Industry Training Package,FALSE,Mining and Automotive Skills Alliance,,,,,,Skills and Workforce Ministerial Council,,,,,30303,Mining Engineering,,,,,,,FALSE,FALSE,,FALSE
41304,PM2 Pty Ltd,ONSHIFT EDUCATION;PM SQUARED,RIIBLA201E,Support shotfiring operations,N,Unit of competency,Current,23/09/2020,Current,23/09/2020,,"Deliver and assess , Granted",18/08/2023,06/10/2029,Implicit,FALSE,FALSE,FALSE,FALSE,FALSE,FALSE,FALSE,FALSE,FALSE,,,RIIBLA201D,TRUE,1,23/09/2020,RII,Resources and Infrastructure Industry Training Package,FALSE,Mining and Automotive Skills Alliance,,,,,,Skills and Workforce Ministerial Council,,,,,30303,Mining Engineering,,,,,,,TRUE,FALSE,,FALSE
41304,PM2 Pty Ltd,ONSHIFT EDUCATION;PM SQUARED,RIIBLA202F,Support underground shotfiring operations,N,Unit of competency,Current,11/12/2018,Current,11/12/2018,,"Deliver and assess , Granted",18/08/2023,06/10/2029,Implicit,FALSE,FALSE,FALSE,FALSE,FALSE,FALSE,FALSE,FALSE,FALSE,,,RIIBLA202E,TRUE,1,11/12/2018,RII,Resources and Infrastructure Industry Training Package,FALSE,Mining and Automotive Skills Alliance,,,,,,Skills and Workforce Ministerial Council,,,,,30303,Mining Engineering,,,,,,,TRUE,FALSE,,FALSE
41304,PM2 Pty Ltd,ONSHIFT EDUCATION;PM SQUARED,RIIBLA203E,Conduct mobile mixing of explosives,N,Unit of competency,Current,11/12/2018,Current,11/12/2018,,"Deliver and assess , Granted",13/10/2023,06/10/2029,Implicit,FALSE,FALSE,FALSE,FALSE,FALSE,FALSE,FALSE,FALSE,FALSE,,,RIIBLA203D,TRUE,1,11/12/2018,RII,Resources and Infrastructure Industry Training Package,FALSE,Mining and Automotive Skills Alliance,,,,,,Skills and Workforce Ministerial Council,,,,,30303,Mining Engineering,,,,,,,FALSE,FALSE,,FALSE
41304,PM2 Pty Ltd,ONSHIFT EDUCATION;PM SQUARED,RIIBLA205E,"Store, handle and transport explosives",N,Unit of competency,Current,23/09/2020,Current,23/09/2020,,"Deliver and assess , Granted",18/08/2023,06/10/2029,Implicit,FALSE,FALSE,FALSE,FALSE,FALSE,FALSE,FALSE,FALSE,FALSE,,,RIIBLA205D,TRUE,1,23/09/2020,RII,Resources and Infrastructure Industry Training Package,FALSE,Mining and Automotive Skills Alliance,,,,,,Skills and Workforce Ministerial Council,,,,,89901,"Purchasing, Warehousing And Distribution",,,,,,,TRUE,FALSE,,FALSE
41304,PM2 Pty Ltd,ONSHIFT EDUCATION;PM SQUARED,RIIBLA301E,Conduct surface shotfiring operations,N,Unit of competency,Current,23/09/2020,Current,23/09/2020,,"Deliver and assess , Granted",18/08/2023,06/10/2029,Implicit,FALSE,FALSE,FALSE,FALSE,FALSE,FALSE,FALSE,FALSE,FALSE,,,RIIBLA301D,TRUE,1,23/09/2020,RII,Resources and Infrastructure Industry Training Package,FALSE,Mining and Automotive Skills Alliance,,,,,,Skills and Workforce Ministerial Council,,,,,30303,Mining Engineering,,,,,,,TRUE,FALSE,,FALSE
41304,PM2 Pty Ltd,ONSHIFT EDUCATION;PM SQUARED,RIIBLA303E,Conduct underground development shotfiring,N,Unit of competency,Current,23/09/2020,Current,23/09/2020,,"Deliver and assess , Granted",18/08/2023,06/10/2029,Implicit,FALSE,FALSE,FALSE,FALSE,FALSE,FALSE,FALSE,FALSE,FALSE,,,RIIBLA303D,TRUE,1,23/09/2020,RII,Resources and Infrastructure Industry Training Package,FALSE,Mining and Automotive Skills Alliance,,,,,,Skills and Workforce Ministerial Council,,,,,30303,Mining Engineering,,,,,,,TRUE,FALSE,,FALSE
41304,PM2 Pty Ltd,ONSHIFT EDUCATION;PM SQUARED,RIIBLA304E,Conduct underground production shotfiring,N,Unit of competency,Current,23/09/2020,Current,23/09/2020,,"Deliver and assess , Granted",29/08/2024,06/10/2029,Implicit,FALSE,FALSE,FALSE,FALSE,FALSE,FALSE,FALSE,FALSE,FALSE,,,RIIBLA304D,TRUE,1,23/09/2020,RII,Resources and Infrastructure Industry Training Package,FALSE,Mining and Automotive Skills Alliance,,,,,,Skills and Workforce Ministerial Council,,,,,30303,Mining Engineering,,,,,,,TRUE,FALSE,,FALSE
41304,PM2 Pty Ltd,ONSHIFT EDUCATION;PM SQUARED,RIIBLA305E,Conduct secondary blasting,N,Unit of competency,Current,23/09/2020,Current,23/09/2020,,"Deliver and assess , Granted",13/10/2023,06/10/2029,Implicit,FALSE,FALSE,FALSE,FALSE,FALSE,FALSE,FALSE,FALSE,FALSE,,,RIIBLA305D,TRUE,1,23/09/2020,RII,Resources and Infrastructure Industry Training Package,FALSE,Mining and Automotive Skills Alliance,,,,,,Skills and Workforce Ministerial Council,,,,,30303,Mining Engineering,,,,,,,TRUE,FALSE,,FALSE
41304,PM2 Pty Ltd,ONSHIFT EDUCATION;PM SQUARED,RIIBLA307E,Conduct a blast survey,N,Unit of competency,Current,23/09/2020,Current,23/09/2020,,"Deliver and assess , Granted",13/10/2023,06/10/2029,Implicit,FALSE,FALSE,FALSE,FALSE,FALSE,FALSE,FALSE,FALSE,FALSE,,,RIIBLA307D,TRUE,1,23/09/2020,RII,Resources and Infrastructure Industry Training Package,FALSE,Mining and Automotive Skills Alliance,,,,,,Skills and Workforce Ministerial Council,,,,,30303,Mining Engineering,,,,,,,FALSE,FALSE,,FALSE
41304,PM2 Pty Ltd,ONSHIFT EDUCATION;PM SQUARED,RIIBLA401E,Manage blasting operations,N,Unit of competency,Current,23/09/2020,Current,23/09/2020,,"Deliver and assess , Granted",18/08/2023,06/10/2029,Implicit,FALSE,FALSE,FALSE,FALSE,FALSE,FALSE,FALSE,FALSE,FALSE,,,RIIBLA401D,TRUE,1,23/09/2020,RII,Resources and Infrastructure Industry Training Package,FALSE,Mining and Automotive Skills Alliance,,,,,,Skills and Workforce Ministerial Council,,,,,30303,Mining Engineering,,,,,,,TRUE,FALSE,,FALSE
41304,PM2 Pty Ltd,ONSHIFT EDUCATION;PM SQUARED,RIIBLA402E,Monitor and control the effects of blasting on the environment,N,Unit of competency,Current,23/09/2020,Current,23/09/2020,,"Deliver and assess , Granted",18/08/2023,06/10/2029,Implicit,FALSE,FALSE,FALSE,FALSE,FALSE,FALSE,FALSE,FALSE,FALSE,,,RIIBLA402D,TRUE,1,23/09/2020,RII,Resources and Infrastructure Industry Training Package,FALSE,Mining and Automotive Skills Alliance,,,,,,Skills and Workforce Ministerial Council,,,,,61303,Environmental Health,,,,,,,TRUE,FALSE,,FALSE
41304,PM2 Pty Ltd,ONSHIFT EDUCATION;PM SQUARED,RIICBM201E,Strip pile heads,N,Unit of competency,Current,25/01/2021,Current,25/01/2021,,"Deliver and assess , Granted",18/08/2023,06/10/2029,Implicit,FALSE,FALSE,FALSE,FALSE,FALSE,FALSE,FALSE,FALSE,FALSE,,,RIICBM201D,TRUE,1,25/01/2021,RII,Resources and Infrastructure Industry Training Package,FALSE,Mining and Automotive Skills Alliance,,,,,,Skills and Workforce Ministerial Council,,,,,30901,Construction Engineering,,,,,,,TRUE,FALSE,,FALSE
41304,PM2 Pty Ltd,ONSHIFT EDUCATION;PM SQUARED,RIICBM301E,Maintain concrete bridges,N,Unit of competency,Current,25/01/2021,Current,25/01/2021,,"Deliver and assess , Granted",18/08/2023,06/10/2029,Implicit,FALSE,FALSE,FALSE,FALSE,FALSE,FALSE,FALSE,FALSE,FALSE,,,RIICBM301D,TRUE,1,25/01/2021,RII,Resources and Infrastructure Industry Training Package,FALSE,Mining and Automotive Skills Alliance,,,,,,Skills and Workforce Ministerial Council,,,,,30901,Construction Engineering,,,,,,,TRUE,FALSE,,FALSE
41304,PM2 Pty Ltd,ONSHIFT EDUCATION;PM SQUARED,RIICBM302E,Install pre-cast girders,N,Unit of competency,Current,25/01/2021,Current,25/01/2021,,"Deliver and assess , Granted",18/08/2023,06/10/2029,Implicit,FALSE,FALSE,FALSE,FALSE,FALSE,FALSE,FALSE,FALSE,FALSE,,,RIICBM302D,FALSE,1,25/01/2021,RII,Resources and Infrastructure Industry Training Package,FALSE,Mining and Automotive Skills Alliance,,,,,,Skills and Workforce Ministerial Council,,,,,30901,Construction Engineering,,,,,,,TRUE,FALSE,,TRUE
41304,PM2 Pty Ltd,ONSHIFT EDUCATION;PM SQUARED,RIICBM303E,Install pre-cast parapets,N,Unit of competency,Current,25/01/2021,Current,25/01/2021,,"Deliver and assess , Granted",18/08/2023,06/10/2029,Implicit,FALSE,FALSE,FALSE,FALSE,FALSE,FALSE,FALSE,FALSE,FALSE,,,RIICBM303D,TRUE,1,25/01/2021,RII,Resources and Infrastructure Industry Training Package,FALSE,Mining and Automotive Skills Alliance,,,,,,Skills and Workforce Ministerial Council,,,,,30901,Construction Engineering,,,,,,,TRUE,FALSE,,FALSE
41304,PM2 Pty Ltd,ONSHIFT EDUCATION;PM SQUARED,RIICBM304E,Operate bridge inspection units,N,Unit of competency,Current,25/01/2021,Current,25/01/2021,,"Deliver and assess , Granted",18/08/2023,06/10/2029,Implicit,FALSE,FALSE,FALSE,FALSE,FALSE,FALSE,FALSE,FALSE,FALSE,,,RIICBM304D,TRUE,1,25/01/2021,RII,Resources and Infrastructure Industry Training Package,FALSE,Mining and Automotive Skills Alliance,,,,,,Skills and Workforce Ministerial Council,,,,,40301,Building Science And Technology,,,,,,,TRUE,FALSE,,FALSE
41304,PM2 Pty Ltd,ONSHIFT EDUCATION;PM SQUARED,RIICBM305E,Install pre-cast concrete bridge decks,N,Unit of competency,Current,25/01/2021,Current,25/01/2021,,"Deliver and assess , Granted",18/08/2023,06/10/2029,Implicit,FALSE,FALSE,FALSE,FALSE,FALSE,FALSE,FALSE,FALSE,FALSE,,,RIICBM305D,FALSE,1,25/01/2021,RII,Resources and Infrastructure Industry Training Package,FALSE,Mining and Automotive Skills Alliance,,,,,,Skills and Workforce Ministerial Council,,,,,30901,Construction Engineering,,,,,,,TRUE,FALSE,,TRUE
41304,PM2 Pty Ltd,ONSHIFT EDUCATION;PM SQUARED,RIICBM306E,Undertake concreting work on concrete bridges,N,Unit of competency,Current,25/01/2021,Current,25/01/2021,,"Deliver and assess , Granted",18/08/2023,06/10/2029,Implicit,FALSE,FALSE,FALSE,FALSE,FALSE,FALSE,FALSE,FALSE,FALSE,,,RIICBM306D,TRUE,1,25/01/2021,RII,Resources and Infrastructure Industry Training Package,FALSE,Mining and Automotive Skills Alliance,,,,,,Skills and Workforce Ministerial Council,,,,,40399,"Building, N.e.c.",,,,,,,TRUE,FALSE,,FALSE
41304,PM2 Pty Ltd,ONSHIFT EDUCATION;PM SQUARED,RIICBM307E,Construct formwork and false work on concrete bridges,N,Unit of competency,Current,25/01/2021,Current,25/01/2021,,"Deliver and assess , Granted",18/08/2023,06/10/2029,Implicit,FALSE,FALSE,FALSE,FALSE,FALSE,FALSE,FALSE,FALSE,FALSE,,,RIICBM307D,TRUE,1,25/01/2021,RII,Resources and Infrastructure Industry Training Package,FALSE,Mining and Automotive Skills Alliance,,,,,,Skills and Workforce Ministerial Council,,,,,40301,Building Science And Technology,,,,,,,TRUE,FALSE,,FALSE
41304,PM2 Pty Ltd,ONSHIFT EDUCATION;PM SQUARED,RIICBS202E,Hand spread asphalt,N,Unit of competency,Current,31/01/2020,Current,31/01/2020,,"Deliver and assess , Granted",18/08/2023,06/10/2029,Implicit,FALSE,FALSE,FALSE,FALSE,FALSE,FALSE,FALSE,FALSE,FALSE,,,RIICBS202D,TRUE,2,23/09/2020,RII,Resources and Infrastructure Industry Training Package,FALSE,Mining and Automotive Skills Alliance,,,,,,Skills and Workforce Ministerial Council,,,,,30901,Construction Engineering,,,,,,,TRUE,FALSE,,FALSE
41304,PM2 Pty Ltd,ONSHIFT EDUCATION;PM SQUARED,RIICBS203E,Safely handle bituminous materials,N,Unit of competency,Current,31/01/2020,Current,31/01/2020,,"Deliver and assess , Granted",18/08/2023,06/10/2029,Implicit,FALSE,FALSE,FALSE,FALSE,FALSE,FALSE,FALSE,FALSE,FALSE,,,RIICBS203D,TRUE,2,23/09/2020,RII,Resources and Infrastructure Industry Training Package,FALSE,Mining and Automotive Skills Alliance,,,,,,Skills and Workforce Ministerial Council,,,,,61301,Occupational Health And Safety,,,,,,,TRUE,FALSE,,FALSE
41304,PM2 Pty Ltd,ONSHIFT EDUCATION;PM SQUARED,RIICBS207E,Take samples of road surfacing materials,N,Unit of competency,Current,31/01/2020,Current,31/01/2020,,"Deliver and assess , Granted",18/08/2023,06/10/2029,Implicit,FALSE,FALSE,FALSE,FALSE,FALSE,FALSE,FALSE,FALSE,FALSE,,,RIICBS207D,TRUE,1,31/01/2020,RII,Resources and Infrastructure Industry Training Package,FALSE,Mining and Automotive Skills Alliance,,,,,,Skills and Workforce Ministerial Council,,,,,19909,Laboratory Technology,,,,,,,TRUE,FALSE,,FALSE
41304,PM2 Pty Ltd,ONSHIFT EDUCATION;PM SQUARED,RIICBS301E,Conduct profile planer operations,N,Unit of competency,Current,31/01/2020,Current,31/01/2020,,"Deliver and assess , Granted",18/08/2023,06/10/2029,Implicit,FALSE,FALSE,FALSE,FALSE,FALSE,FALSE,FALSE,FALSE,FALSE,,,RIICBS301D,TRUE,1,31/01/2020,RII,Resources and Infrastructure Industry Training Package,FALSE,Mining and Automotive Skills Alliance,,,,,,Skills and Workforce Ministerial Council,,,,,30717,Plant And Machine Operations,,,,,,,TRUE,FALSE,,FALSE
41304,PM2 Pty Ltd,ONSHIFT EDUCATION;PM SQUARED,RIICBS302E,Conduct paver screeding operations,N,Unit of competency,Current,31/01/2020,Current,31/01/2020,,"Deliver and assess , Granted",18/08/2023,06/10/2029,Implicit,FALSE,FALSE,FALSE,FALSE,FALSE,FALSE,FALSE,FALSE,FALSE,,,RIICBS302D,TRUE,2,19/10/2022,RII,Resources and Infrastructure Industry Training Package,FALSE,Mining and Automotive Skills Alliance,,,,,,Skills and Workforce Ministerial Council,,,,,30717,Plant And Machine Operations,,,,,,,TRUE,FALSE,,FALSE
41304,PM2 Pty Ltd,ONSHIFT EDUCATION;PM SQUARED,RIICBS303E,Conduct materials transfer vehicle operations,N,Unit of competency,Current,31/01/2020,Current,31/01/2020,,"Deliver and assess , Granted",18/08/2023,06/10/2029,Implicit,FALSE,FALSE,FALSE,FALSE,FALSE,FALSE,FALSE,FALSE,FALSE,,,RIICBS303D,TRUE,1,31/01/2020,RII,Resources and Infrastructure Industry Training Package,FALSE,Mining and Automotive Skills Alliance,,,,,,Skills and Workforce Ministerial Council,,,,,30717,Plant And Machine Operations,,,,,,,TRUE,FALSE,,FALSE
41304,PM2 Pty Ltd,ONSHIFT EDUCATION;PM SQUARED,RIICBS304E,Compact asphalt with rollers,N,Unit of competency,Current,31/01/2020,Current,31/01/2020,,"Deliver and assess , Granted",18/08/2023,06/10/2029,Implicit,FALSE,FALSE,FALSE,FALSE,FALSE,FALSE,FALSE,FALSE,FALSE,,,RIICBS304D,TRUE,1,31/01/2020,RII,Resources and Infrastructure Industry Training Package,FALSE,Mining and Automotive Skills Alliance,,,,,,Skills and Workforce Ministerial Council,,,,,30717,Plant And Machine Operations,,,,,,,TRUE,FALSE,,FALSE
41304,PM2 Pty Ltd,ONSHIFT EDUCATION;PM SQUARED,RIICBS305E,Conduct asphalt paver operation,N,Unit of competency,Current,31/01/2020,Current,31/01/2020,,"Deliver and assess , Granted",18/08/2023,06/10/2029,Implicit,FALSE,FALSE,FALSE,FALSE,FALSE,FALSE,FALSE,FALSE,FALSE,,,RIICBS305D,TRUE,1,31/01/2020,RII,Resources and Infrastructure Industry Training Package,FALSE,Mining and Automotive Skills Alliance,,,,,,Skills and Workforce Ministerial Council,,,,,30717,Plant And Machine Operations,,,,,,,TRUE,FALSE,,FALSE
41304,PM2 Pty Ltd,ONSHIFT EDUCATION;PM SQUARED,RIICBS306E,Conduct micro surfacing operations,N,Unit of competency,Current,31/01/2020,Current,31/01/2020,,"Deliver and assess , Granted",18/08/2023,06/10/2029,Implicit,FALSE,FALSE,FALSE,FALSE,FALSE,FALSE,FALSE,FALSE,FALSE,,,RIICBS306D,TRUE,1,31/01/2020,RII,Resources and Infrastructure Industry Training Package,FALSE,Mining and Automotive Skills Alliance,,,,,,Skills and Workforce Ministerial Council,,,,,30717,Plant And Machine Operations,,,,,,,TRUE,FALSE,,FALSE
41304,PM2 Pty Ltd,ONSHIFT EDUCATION;PM SQUARED,RIICBS307E,Conduct bitumen sprayer operations,N,Unit of competency,Current,31/01/2020,Current,31/01/2020,,"Deliver and assess , Granted",18/08/2023,06/10/2029,Implicit,FALSE,FALSE,FALSE,FALSE,FALSE,FALSE,FALSE,FALSE,FALSE,,,RIICBS307D,TRUE,1,31/01/2020,RII,Resources and Infrastructure Industry Training Package,FALSE,Mining and Automotive Skills Alliance,,,,,,Skills and Workforce Ministerial Council,,,,,30717,Plant And Machine Operations,,,,,,,TRUE,FALSE,,FALSE
41304,PM2 Pty Ltd,ONSHIFT EDUCATION;PM SQUARED,RIICBS308E,Load aggregate using purpose built loaders,N,Unit of competency,Current,31/01/2020,Current,31/01/2020,,"Deliver and assess , Granted",18/08/2023,06/10/2029,Implicit,FALSE,FALSE,FALSE,FALSE,FALSE,FALSE,FALSE,FALSE,FALSE,,,RIICBS308D,TRUE,1,31/01/2020,RII,Resources and Infrastructure Industry Training Package,FALSE,Mining and Automotive Skills Alliance,,,,,,Skills and Workforce Ministerial Council,,,,,30717,Plant And Machine Operations,,,,,,,TRUE,FALSE,,FALSE
41304,PM2 Pty Ltd,ONSHIFT EDUCATION;PM SQUARED,RIICBS309E,Conduct self-propelled aggregate spreader operations,N,Unit of competency,Current,31/01/2020,Current,31/01/2020,,"Deliver and assess , Granted",18/08/2023,06/10/2029,Implicit,FALSE,FALSE,FALSE,FALSE,FALSE,FALSE,FALSE,FALSE,FALSE,,,RIICBS309D,TRUE,1,31/01/2020,RII,Resources and Infrastructure Industry Training Package,FALSE,Mining and Automotive Skills Alliance,,,,,,Skills and Workforce Ministerial Council,,,,,30717,Plant And Machine Operations,,,,,,,TRUE,FALSE,,FALSE
41304,PM2 Pty Ltd,ONSHIFT EDUCATION;PM SQUARED,RIICBS310E,Conduct patching operations,N,Unit of competency,Current,31/01/2020,Current,31/01/2020,,"Deliver and assess , Granted",18/08/2023,06/10/2029,Implicit,FALSE,FALSE,FALSE,FALSE,FALSE,FALSE,FALSE,FALSE,FALSE,,,RIICBS310D,TRUE,1,31/01/2020,RII,Resources and Infrastructure Industry Training Package,FALSE,Mining and Automotive Skills Alliance,,,,,,Skills and Workforce Ministerial Council,,,,,30717,Plant And Machine Operations,,,,,,,TRUE,FALSE,,FALSE
41304,PM2 Pty Ltd,ONSHIFT EDUCATION;PM SQUARED,RIICBS311E,Produce asphalt products,N,Unit of competency,Current,31/01/2020,Current,31/01/2020,,"Deliver and assess , Granted",18/08/2023,06/10/2029,Implicit,FALSE,FALSE,FALSE,FALSE,FALSE,FALSE,FALSE,FALSE,FALSE,,,RIICBS311D,TRUE,1,31/01/2020,RII,Resources and Infrastructure Industry Training Package,FALSE,Mining and Automotive Skills Alliance,,,,,,Skills and Workforce Ministerial Council,,,,,30305,Materials Engineering,,,,,,,TRUE,FALSE,,FALSE
41304,PM2 Pty Ltd,ONSHIFT EDUCATION;PM SQUARED,RIICBS312E,Conduct bitumen tanker operations,N,Unit of competency,Current,31/01/2020,Current,31/01/2020,,"Deliver and assess , Granted",18/08/2023,06/10/2029,Implicit,FALSE,FALSE,FALSE,FALSE,FALSE,FALSE,FALSE,FALSE,FALSE,,,RIICBS312D,TRUE,1,31/01/2020,RII,Resources and Infrastructure Industry Training Package,FALSE,Mining and Automotive Skills Alliance,,,,,,Skills and Workforce Ministerial Council,,,,,30717,Plant And Machine Operations,,,,,,,TRUE,FALSE,,FALSE
41304,PM2 Pty Ltd,ONSHIFT EDUCATION;PM SQUARED,RIICBS313,Conduct tack coat spraying operations,N,Unit of competency,Current,31/01/2020,Current,31/01/2020,,"Deliver and assess , Granted",18/08/2023,06/10/2029,Implicit,FALSE,FALSE,FALSE,FALSE,FALSE,FALSE,FALSE,FALSE,FALSE,,,RIICBS201D,TRUE,1,31/01/2020,RII,Resources and Infrastructure Industry Training Package,FALSE,Mining and Automotive Skills Alliance,,,,,,Skills and Workforce Ministerial Council,,,,,30717,Plant And Machine Operations,,,,,,,TRUE,FALSE,,FALSE
41304,PM2 Pty Ltd,ONSHIFT EDUCATION;PM SQUARED,RIICBS314,Conduct aggregate spreader box operations,N,Unit of competency,Current,31/01/2020,Current,31/01/2020,,"Deliver and assess , Granted",18/08/2023,06/10/2029,Implicit,FALSE,FALSE,FALSE,FALSE,FALSE,FALSE,FALSE,FALSE,FALSE,,,RIICBS204D,TRUE,1,31/01/2020,RII,Resources and Infrastructure Industry Training Package,FALSE,Mining and Automotive Skills Alliance,,,,,,Skills and Workforce Ministerial Council,,,,,30717,Plant And Machine Operations,,,,,,,TRUE,FALSE,,FALSE
41304,PM2 Pty Ltd,ONSHIFT EDUCATION;PM SQUARED,RIICBS315,Roll aggregate in sprayed sealing operations,N,Unit of competency,Current,31/01/2020,Current,31/01/2020,,"Deliver and assess , Granted",18/08/2023,06/10/2029,Implicit,FALSE,FALSE,FALSE,FALSE,FALSE,FALSE,FALSE,FALSE,FALSE,,,RIICBS205D,TRUE,1,31/01/2020,RII,Resources and Infrastructure Industry Training Package,FALSE,Mining and Automotive Skills Alliance,,,,,,Skills and Workforce Ministerial Council,,,,,30717,Plant And Machine Operations,,,,,,,TRUE,FALSE,,FALSE
41304,PM2 Pty Ltd,ONSHIFT EDUCATION;PM SQUARED,RIICBS316,Conduct pavement sweeping operations,N,Unit of competency,Current,31/01/2020,Current,31/01/2020,,"Deliver and assess , Granted",18/08/2023,06/10/2029,Implicit,FALSE,FALSE,FALSE,FALSE,FALSE,FALSE,FALSE,FALSE,FALSE,,,RIICBS206D,TRUE,1,31/01/2020,RII,Resources and Infrastructure Industry Training Package,FALSE,Mining and Automotive Skills Alliance,,,,,,Skills and Workforce Ministerial Council,,,,,30717,Plant And Machine Operations,,,,,,,TRUE,FALSE,,FALSE
41304,PM2 Pty Ltd,ONSHIFT EDUCATION;PM SQUARED,RIICBS317,Conduct road maintenance operations,N,Unit of competency,Current,31/01/2020,Current,31/01/2020,,"Deliver and assess , Granted",18/08/2023,06/10/2029,Implicit,FALSE,FALSE,FALSE,FALSE,FALSE,FALSE,FALSE,FALSE,FALSE,,,RIICBS208D,TRUE,1,31/01/2020,RII,Resources and Infrastructure Industry Training Package,FALSE,Mining and Automotive Skills Alliance,,,,,,Skills and Workforce Ministerial Council,,,,,30901,Construction Engineering,,,,,,,TRUE,FALSE,,FALSE
41304,PM2 Pty Ltd,ONSHIFT EDUCATION;PM SQUARED,RIICBS401E,Supervise asphalt paving and compaction operations,N,Unit of competency,Current,02/03/2020,Current,02/03/2020,,"Deliver and assess , Granted",18/08/2023,06/10/2029,Implicit,FALSE,FALSE,FALSE,FALSE,FALSE,FALSE,FALSE,FALSE,FALSE,,,RIICBS401D,TRUE,1,02/03/2020,RII,Resources and Infrastructure Industry Training Package,FALSE,Mining and Automotive Skills Alliance,,,,,,Skills and Workforce Ministerial Council,,,,,30901,Construction Engineering,,,,,,,FALSE,FALSE,,FALSE
41304,PM2 Pty Ltd,ONSHIFT EDUCATION;PM SQUARED,RIICBS402E,Supervise the application of bituminous sprayed treatments,N,Unit of competency,Current,31/01/2020,Current,31/01/2020,,"Deliver and assess , Granted",18/08/2023,06/10/2029,Implicit,FALSE,FALSE,FALSE,FALSE,FALSE,FALSE,FALSE,FALSE,FALSE,,,RIICBS402D,TRUE,1,31/01/2020,RII,Resources and Infrastructure Industry Training Package,FALSE,Mining and Automotive Skills Alliance,,,,,,Skills and Workforce Ministerial Council,,,,,30901,Construction Engineering,,,,,,,FALSE,FALSE,,FALSE
41304,PM2 Pty Ltd,ONSHIFT EDUCATION;PM SQUARED,RIICBS403E,Supervise the application of polymer modified binders,N,Unit of competency,Current,02/03/2020,Current,02/03/2020,,"Deliver and assess , Granted",18/08/2023,06/10/2029,Implicit,FALSE,FALSE,FALSE,FALSE,FALSE,FALSE,FALSE,FALSE,FALSE,,,RIICBS403D,TRUE,1,02/03/2020,RII,Resources and Infrastructure Industry Training Package,FALSE,Mining and Automotive Skills Alliance,,,,,,Skills and Workforce Ministerial Council,,,,,30901,Construction Engineering,,,,,,,FALSE,FALSE,,FALSE
41304,PM2 Pty Ltd,ONSHIFT EDUCATION;PM SQUARED,RIICBS404E,Supervise the selection and use of bituminous emulsions,N,Unit of competency,Current,02/03/2020,Current,02/03/2020,,"Deliver and assess , Granted",18/08/2023,06/10/2029,Implicit,FALSE,FALSE,FALSE,FALSE,FALSE,FALSE,FALSE,FALSE,FALSE,,,RIICBS404D,TRUE,1,02/03/2020,RII,Resources and Infrastructure Industry Training Package,FALSE,Mining and Automotive Skills Alliance,,,,,,Skills and Workforce Ministerial Council,,,,,30901,Construction Engineering,,,,,,,FALSE,FALSE,,FALSE
41304,PM2 Pty Ltd,ONSHIFT EDUCATION;PM SQUARED,RIICBS405E,Supervise micro surfacing operations,N,Unit of competency,Current,02/03/2020,Current,02/03/2020,,"Deliver and assess , Granted",18/08/2023,06/10/2029,Implicit,FALSE,FALSE,FALSE,FALSE,FALSE,FALSE,FALSE,FALSE,FALSE,,,RIICBS405D,TRUE,1,02/03/2020,RII,Resources and Infrastructure Industry Training Package,FALSE,Mining and Automotive Skills Alliance,,,,,,Skills and Workforce Ministerial Council,,,,,30901,Construction Engineering,,,,,,,FALSE,FALSE,,FALSE
41304,PM2 Pty Ltd,ONSHIFT EDUCATION;PM SQUARED,RIICBS406E,Supervise pavement profiling operations using a profiler,N,Unit of competency,Current,02/03/2020,Current,02/03/2020,,"Deliver and assess , Granted",18/08/2023,06/10/2029,Implicit,FALSE,FALSE,FALSE,FALSE,FALSE,FALSE,FALSE,FALSE,FALSE,,,RIICBS406D,TRUE,1,02/03/2020,RII,Resources and Infrastructure Industry Training Package,FALSE,Mining and Automotive Skills Alliance,,,,,,Skills and Workforce Ministerial Council,,,,,30901,Construction Engineering,,,,,,,FALSE,FALSE,,FALSE
41304,PM2 Pty Ltd,ONSHIFT EDUCATION;PM SQUARED,RIICBS407E,Supervise the manufacture and delivery of hot mix asphalt,N,Unit of competency,Current,02/03/2020,Current,02/03/2020,,"Deliver and assess , Granted",18/08/2023,06/10/2029,Implicit,FALSE,FALSE,FALSE,FALSE,FALSE,FALSE,FALSE,FALSE,FALSE,,,RIICBS407D,TRUE,1,02/03/2020,RII,Resources and Infrastructure Industry Training Package,FALSE,Mining and Automotive Skills Alliance,,,,,,Skills and Workforce Ministerial Council,,,,,30901,Construction Engineering,,,,,,,FALSE,FALSE,,FALSE
41304,PM2 Pty Ltd,ONSHIFT EDUCATION;PM SQUARED,RIICBS408E,Supervise the manufacture of cold mixes,N,Unit of competency,Current,02/03/2020,Current,02/03/2020,,"Deliver and assess , Granted",18/08/2023,06/10/2029,Implicit,FALSE,FALSE,FALSE,FALSE,FALSE,FALSE,FALSE,FALSE,FALSE,,,RIICBS408D,TRUE,1,02/03/2020,RII,Resources and Infrastructure Industry Training Package,FALSE,Mining and Automotive Skills Alliance,,,,,,Skills and Workforce Ministerial Council,,,,,30901,Construction Engineering,,,,,,,FALSE,FALSE,,FALSE
41304,PM2 Pty Ltd,ONSHIFT EDUCATION;PM SQUARED,RIICBS409E,Supervise the manufacture of polymer modified binders,N,Unit of competency,Current,02/03/2020,Current,02/03/2020,,"Deliver and assess , Granted",18/08/2023,06/10/2029,Implicit,FALSE,FALSE,FALSE,FALSE,FALSE,FALSE,FALSE,FALSE,FALSE,,,RIICBS409D,TRUE,1,02/03/2020,RII,Resources and Infrastructure Industry Training Package,FALSE,Mining and Automotive Skills Alliance,,,,,,Skills and Workforce Ministerial Council,,,,,30901,Construction Engineering,,,,,,,FALSE,FALSE,,FALSE
41304,PM2 Pty Ltd,ONSHIFT EDUCATION;PM SQUARED,RIICBS410E,Supervise the manufacture of bituminous emulsions,N,Unit of competency,Current,02/03/2020,Current,02/03/2020,,"Deliver and assess , Granted",18/08/2023,06/10/2029,Implicit,FALSE,FALSE,FALSE,FALSE,FALSE,FALSE,FALSE,FALSE,FALSE,,,RIICBS410D,TRUE,1,02/03/2020,RII,Resources and Infrastructure Industry Training Package,FALSE,Mining and Automotive Skills Alliance,,,,,,Skills and Workforce Ministerial Council,,,,,30901,Construction Engineering,,,,,,,FALSE,FALSE,,FALSE
41304,PM2 Pty Ltd,ONSHIFT EDUCATION;PM SQUARED,RIICBS411E,Supervise the manufacture of micro surfacing mixes,N,Unit of competency,Current,02/03/2020,Current,02/03/2020,,"Deliver and assess , Granted",18/08/2023,06/10/2029,Implicit,FALSE,FALSE,FALSE,FALSE,FALSE,FALSE,FALSE,FALSE,FALSE,,,RIICBS411D,TRUE,1,02/03/2020,RII,Resources and Infrastructure Industry Training Package,FALSE,Mining and Automotive Skills Alliance,,,,,,Skills and Workforce Ministerial Council,,,,,30901,Construction Engineering,,,,,,,FALSE,FALSE,,FALSE
41304,PM2 Pty Ltd,ONSHIFT EDUCATION;PM SQUARED,RIICCM201E,Carry out measurements and calculations,N,Unit of competency,Current,23/09/2020,Current,23/09/2020,,"Deliver and assess , Granted",14/06/2022,06/10/2029,Implicit,FALSE,FALSE,FALSE,FALSE,FALSE,FALSE,FALSE,FALSE,FALSE,,,RIICCM201D,TRUE,1,23/09/2020,RII,Resources and Infrastructure Industry Training Package,FALSE,Mining and Automotive Skills Alliance,,,,,,Skills and Workforce Ministerial Council,,,,,10101,Mathematics,,,,,,,TRUE,FALSE,,FALSE
41304,PM2 Pty Ltd,ONSHIFT EDUCATION;PM SQUARED,RIICCM202D,"Identify, locate and protect underground services",N,Unit of competency,Superseded,30/01/2020,Superseded,14/11/2013,29/01/2020,"Deliver and assess , Granted",19/04/2024,06/10/2029,Implicit,FALSE,FALSE,FALSE,FALSE,FALSE,FALSE,FALSE,FALSE,FALSE,RIICCM202E,TRUE,RIICCM202A,TRUE,4,07/12/2014,RII,Resources and Infrastructure Industry Training Package,FALSE,Mining and Automotive Skills Alliance,,,,,,Skills and Workforce Ministerial Council,,,,,30905,Building Services Engineering,,,,,,,FALSE,FALSE,,FALSE
41304,PM2 Pty Ltd,ONSHIFT EDUCATION;PM SQUARED,RIICCM202E,"Identify, locate and protect underground services",N,Unit of competency,Current,31/01/2020,Current,31/01/2020,,"Deliver and assess , Granted",14/06/2022,06/10/2029,Implicit,FALSE,FALSE,FALSE,FALSE,FALSE,FALSE,FALSE,FALSE,FALSE,,,RIICCM202D,TRUE,1,31/01/2020,RII,Resources and Infrastructure Industry Training Package,FALSE,Mining and Automotive Skills Alliance,,,,,,Skills and Workforce Ministerial Council,,,,,30905,Building Services Engineering,,,,,,,FALSE,FALSE,,FALSE
41304,PM2 Pty Ltd,ONSHIFT EDUCATION;PM SQUARED,RIICCM203D,Read and interpret plans and job specifications,N,Unit of competency,Superseded,26/10/2020,Superseded,14/11/2013,25/10/2020,"Deliver and assess , Granted",29/08/2024,06/10/2029,Implicit,FALSE,FALSE,FALSE,FALSE,FALSE,FALSE,FALSE,FALSE,FALSE,RIICCM203E,TRUE,RIICCM203A,TRUE,4,07/12/2014,RII,Resources and Infrastructure Industry Training Package,FALSE,Mining and Automotive Skills Alliance,,,,,,Skills and Workforce Ministerial Council,,,,,40301,Building Science And Technology,,,,,,,FALSE,FALSE,,FALSE
41304,PM2 Pty Ltd,ONSHIFT EDUCATION;PM SQUARED,RIICCM203E,Read and interpret plans and job specifications,N,Unit of competency,Current,27/10/2020,Current,27/10/2020,,"Deliver and assess , Granted",14/06/2022,06/10/2029,Implicit,FALSE,FALSE,FALSE,FALSE,FALSE,FALSE,FALSE,FALSE,FALSE,,,RIICCM203D,TRUE,2,12/03/2021,RII,Resources and Infrastructure Industry Training Package,FALSE,Mining and Automotive Skills Alliance,,,,,,Skills and Workforce Ministerial Council,,,,,30901,Construction Engineering,,,,,,,TRUE,FALSE,,FALSE
41304,PM2 Pty Ltd,ONSHIFT EDUCATION;PM SQUARED,RIICCM204E,Place and fix reinforcement materials,N,Unit of competency,Current,25/01/2021,Current,25/01/2021,,"Deliver and assess , Granted",14/06/2022,06/10/2029,Implicit,FALSE,FALSE,FALSE,FALSE,FALSE,FALSE,FALSE,FALSE,FALSE,,,RIICCM204D,TRUE,1,25/01/2021,RII,Resources and Infrastructure Industry Training Package,FALSE,Mining and Automotive Skills Alliance,,,,,,Skills and Workforce Ministerial Council,,,,,40399,"Building, N.e.c.",,,,,,,TRUE,FALSE,,FALSE
41304,PM2 Pty Ltd,ONSHIFT EDUCATION;PM SQUARED,RIICCM205F,Carry out manual excavation,N,Unit of competency,Current,25/01/2021,Current,25/01/2021,,"Deliver and assess , Granted",14/06/2022,06/10/2029,Implicit,FALSE,FALSE,FALSE,FALSE,FALSE,FALSE,FALSE,FALSE,FALSE,,,RIICCM205E,TRUE,2,12/03/2021,RII,Resources and Infrastructure Industry Training Package,FALSE,Mining and Automotive Skills Alliance,,,,,,Skills and Workforce Ministerial Council,,,,,30901,Construction Engineering,,,,,,,TRUE,FALSE,,FALSE
41304,PM2 Pty Ltd,ONSHIFT EDUCATION;PM SQUARED,RIICCM206E,Support plant operations,N,Unit of competency,Current,25/01/2021,Current,25/01/2021,,"Deliver and assess , Granted",14/06/2022,06/10/2029,Implicit,FALSE,FALSE,FALSE,FALSE,FALSE,FALSE,FALSE,FALSE,FALSE,,,RIICCM206D,TRUE,1,25/01/2021,RII,Resources and Infrastructure Industry Training Package,FALSE,Mining and Automotive Skills Alliance,,,,,,Skills and Workforce Ministerial Council,,,,,30901,Construction Engineering,,,,,,,TRUE,FALSE,,FALSE
41304,PM2 Pty Ltd,ONSHIFT EDUCATION;PM SQUARED,RIICCM207E,Spread and compact materials manually,N,Unit of competency,Current,25/01/2021,Current,25/01/2021,,"Deliver and assess , Granted",14/06/2022,06/10/2029,Implicit,FALSE,FALSE,FALSE,FALSE,FALSE,FALSE,FALSE,FALSE,FALSE,,,RIICCM207D,TRUE,1,25/01/2021,RII,Resources and Infrastructure Industry Training Package,FALSE,Mining and Automotive Skills Alliance,,,,,,Skills and Workforce Ministerial Council,,,,,30901,Construction Engineering,,,,,,,TRUE,FALSE,,FALSE
41304,PM2 Pty Ltd,ONSHIFT EDUCATION;PM SQUARED,RIICCM208D,Carry out basic levelling,N,Unit of competency,Superseded,24/01/2021,Superseded,14/11/2013,23/01/2021,"Deliver and assess , Granted",13/10/2023,06/10/2029,Implicit,FALSE,FALSE,FALSE,FALSE,FALSE,FALSE,FALSE,FALSE,FALSE,RIICCM208E,TRUE,RIICCM208A,TRUE,3,07/12/2014,RII,Resources and Infrastructure Industry Training Package,FALSE,Mining and Automotive Skills Alliance,,,,,,Skills and Workforce Ministerial Council,,,,,40301,Building Science And Technology,,,,,,,FALSE,FALSE,,FALSE
41304,PM2 Pty Ltd,ONSHIFT EDUCATION;PM SQUARED,RIICCM208E,Carry out basic levelling,N,Unit of competency,Current,25/01/2021,Current,25/01/2021,,"Deliver and assess , Granted",14/06/2022,06/10/2029,Implicit,FALSE,FALSE,FALSE,FALSE,FALSE,FALSE,FALSE,FALSE,FALSE,,,RIICCM208D,TRUE,1,25/01/2021,RII,Resources and Infrastructure Industry Training Package,FALSE,Mining and Automotive Skills Alliance,,,,,,Skills and Workforce Ministerial Council,,,,,40301,Building Science And Technology,,,,,,,TRUE,FALSE,,FALSE
41304,PM2 Pty Ltd,ONSHIFT EDUCATION;PM SQUARED,RIICCM209E,Carry out concrete work,N,Unit of competency,Current,25/01/2021,Current,25/01/2021,,"Deliver and assess , Granted",14/06/2022,06/10/2029,Implicit,FALSE,FALSE,FALSE,FALSE,FALSE,FALSE,FALSE,FALSE,FALSE,,,RIICCM209D,TRUE,1,25/01/2021,RII,Resources and Infrastructure Industry Training Package,FALSE,Mining and Automotive Skills Alliance,,,,,,Skills and Workforce Ministerial Council,,,,,40399,"Building, N.e.c.",,,,,,,TRUE,FALSE,,FALSE
41304,PM2 Pty Ltd,ONSHIFT EDUCATION;PM SQUARED,RIICCM210D,Install trench support,N,Unit of competency,Superseded,24/01/2021,Superseded,14/11/2013,23/01/2021,"Deliver and assess , Granted",29/08/2024,06/10/2029,Implicit,FALSE,FALSE,FALSE,FALSE,FALSE,FALSE,FALSE,FALSE,FALSE,RIICCM210E,TRUE,RIICCM210A,TRUE,3,07/12/2014,RII,Resources and Infrastructure Industry Training Package,FALSE,Mining and Automotive Skills Alliance,,,,,,Skills and Workforce Ministerial Council,,,,,40301,Building Science And Technology,,,,,,,FALSE,FALSE,,FALSE
41304,PM2 Pty Ltd,ONSHIFT EDUCATION;PM SQUARED,RIICCM210E,Install trench support,N,Unit of competency,Current,25/01/2021,Current,25/01/2021,,"Deliver and assess , Granted",14/06/2022,06/10/2029,Implicit,FALSE,FALSE,FALSE,FALSE,FALSE,FALSE,FALSE,FALSE,FALSE,,,RIICCM210D,TRUE,1,25/01/2021,RII,Resources and Infrastructure Industry Training Package,FALSE,Mining and Automotive Skills Alliance,,,,,,Skills and Workforce Ministerial Council,,,,,40301,Building Science And Technology,,,,,,,TRUE,FALSE,,FALSE
41304,PM2 Pty Ltd,ONSHIFT EDUCATION;PM SQUARED,RIICCM211E,Construct and dismantle fences and gates,N,Unit of competency,Current,25/01/2021,Current,25/01/2021,,"Deliver and assess , Granted",14/06/2022,06/10/2029,Implicit,FALSE,FALSE,FALSE,FALSE,FALSE,FALSE,FALSE,FALSE,FALSE,,,RIICCM211D;RIICCM301D,True;True,1,25/01/2021,RII,Resources and Infrastructure Industry Training Package,FALSE,Mining and Automotive Skills Alliance,,,,,,Skills and Workforce Ministerial Council,,,,,40301,Building Science And Technology,,,,,,,TRUE,FALSE,,FALSE
41304,PM2 Pty Ltd,ONSHIFT EDUCATION;PM SQUARED,RIICCM302,Track directional boring operations,N,Unit of competency,Current,31/01/2020,Current,31/01/2020,,"Deliver and assess , Granted",29/08/2024,06/10/2029,Implicit,FALSE,FALSE,FALSE,FALSE,FALSE,FALSE,FALSE,FALSE,FALSE,,,,,1,31/01/2020,RII,Resources and Infrastructure Industry Training Package,FALSE,Mining and Automotive Skills Alliance,,,,,,Skills and Workforce Ministerial Council,,,,,30717,Plant And Machine Operations,,,,,,,FALSE,FALSE,,FALSE
41304,PM2 Pty Ltd,ONSHIFT EDUCATION;PM SQUARED,RIICCR401E,Develop and maintain positive community relations,N,Unit of competency,Current,23/09/2020,Current,23/09/2020,,"Deliver and assess , Granted",18/08/2023,06/10/2029,Implicit,FALSE,FALSE,FALSE,FALSE,FALSE,FALSE,FALSE,FALSE,FALSE,,,RIICCR401D,TRUE,1,23/09/2020,RII,Resources and Infrastructure Industry Training Package,FALSE,Mining and Automotive Skills Alliance,,,,,,Skills and Workforce Ministerial Council,,,,,80509,Public Relations,,,,,,,FALSE,FALSE,,FALSE
41304,PM2 Pty Ltd,ONSHIFT EDUCATION;PM SQUARED,RIICFW301E,Construct underpinning,N,Unit of competency,Current,25/01/2021,Current,25/01/2021,,"Deliver and assess , Granted",18/08/2023,06/10/2029,Implicit,FALSE,FALSE,FALSE,FALSE,FALSE,FALSE,FALSE,FALSE,FALSE,,,RIICFW301D,TRUE,1,25/01/2021,RII,Resources and Infrastructure Industry Training Package,FALSE,Mining and Automotive Skills Alliance,,,,,,Skills and Workforce Ministerial Council,,,,,30903,Structural Engineering,,,,,,,TRUE,FALSE,,FALSE
41304,PM2 Pty Ltd,ONSHIFT EDUCATION;PM SQUARED,RIICFW302E,Install temporary and permanent rock anchors,N,Unit of competency,Current,25/01/2021,Current,25/01/2021,,"Deliver and assess , Granted",18/08/2023,06/10/2029,Implicit,FALSE,FALSE,FALSE,FALSE,FALSE,FALSE,FALSE,FALSE,FALSE,,,RIICFW302D,TRUE,1,25/01/2021,RII,Resources and Infrastructure Industry Training Package,FALSE,Mining and Automotive Skills Alliance,,,,,,Skills and Workforce Ministerial Council,,,,,40301,Building Science And Technology,,,,,,,TRUE,FALSE,,FALSE
41304,PM2 Pty Ltd,ONSHIFT EDUCATION;PM SQUARED,RIICFW303E,Install primary ground supports,N,Unit of competency,Current,25/01/2021,Current,25/01/2021,,"Deliver and assess , Granted",18/08/2023,06/10/2029,Implicit,FALSE,FALSE,FALSE,FALSE,FALSE,FALSE,FALSE,FALSE,FALSE,,,RIICFW303D,TRUE,1,25/01/2021,RII,Resources and Infrastructure Industry Training Package,FALSE,Mining and Automotive Skills Alliance,,,,,,Skills and Workforce Ministerial Council,,,,,40301,Building Science And Technology,,,,,,,TRUE,FALSE,,FALSE
41304,PM2 Pty Ltd,ONSHIFT EDUCATION;PM SQUARED,RIICFW304E,Conduct pile driving operations,N,Unit of competency,Current,25/01/2021,Current,25/01/2021,,"Deliver and assess , Granted",18/08/2023,06/10/2029,Implicit,FALSE,FALSE,FALSE,FALSE,FALSE,FALSE,FALSE,FALSE,FALSE,,,RIICFW304D,TRUE,1,25/01/2021,RII,Resources and Infrastructure Industry Training Package,FALSE,Mining and Automotive Skills Alliance,,,,,,Skills and Workforce Ministerial Council,,,,,30717,Plant And Machine Operations,,,,,,,TRUE,FALSE,,FALSE
41304,PM2 Pty Ltd,ONSHIFT EDUCATION;PM SQUARED,RIICFW305E,Conduct cast in-situ pilings operations,N,Unit of competency,Current,25/01/2021,Current,25/01/2021,,"Deliver and assess , Granted",18/08/2023,06/10/2029,Implicit,FALSE,FALSE,FALSE,FALSE,FALSE,FALSE,FALSE,FALSE,FALSE,,,RIICFW305D,TRUE,1,25/01/2021,RII,Resources and Infrastructure Industry Training Package,FALSE,Mining and Automotive Skills Alliance,,,,,,Skills and Workforce Ministerial Council,,,,,30717,Plant And Machine Operations,,,,,,,TRUE,FALSE,,FALSE
41304,PM2 Pty Ltd,ONSHIFT EDUCATION;PM SQUARED,RIICFW306E,Direct pile driving operations,N,Unit of competency,Current,25/01/2021,Current,25/01/2021,,"Deliver and assess , Granted",18/08/2023,06/10/2029,Implicit,FALSE,FALSE,FALSE,FALSE,FALSE,FALSE,FALSE,FALSE,FALSE,,,RIICFW306D,TRUE,1,25/01/2021,RII,Resources and Infrastructure Industry Training Package,FALSE,Mining and Automotive Skills Alliance,,,,,,Skills and Workforce Ministerial Council,,,,,30717,Plant And Machine Operations,,,,,,,TRUE,FALSE,,FALSE
41304,PM2 Pty Ltd,ONSHIFT EDUCATION;PM SQUARED,RIICFW307E,Direct cast in-situ piling operations,N,Unit of competency,Current,25/01/2021,Current,25/01/2021,,"Deliver and assess , Granted",18/08/2023,06/10/2029,Implicit,FALSE,FALSE,FALSE,FALSE,FALSE,FALSE,FALSE,FALSE,FALSE,,,RIICFW307D,TRUE,1,25/01/2021,RII,Resources and Infrastructure Industry Training Package,FALSE,Mining and Automotive Skills Alliance,,,,,,Skills and Workforce Ministerial Council,,,,,30717,Plant And Machine Operations,,,,,,,TRUE,FALSE,,FALSE
41304,PM2 Pty Ltd,ONSHIFT EDUCATION;PM SQUARED,RIICFW308,Conduct screw piling operations,N,Unit of competency,Current,25/01/2021,Current,25/01/2021,,"Deliver and assess , Granted",18/08/2023,06/10/2029,Implicit,FALSE,FALSE,FALSE,FALSE,FALSE,FALSE,FALSE,FALSE,FALSE,,,,,1,25/01/2021,RII,Resources and Infrastructure Industry Training Package,FALSE,Mining and Automotive Skills Alliance,,,,,,Skills and Workforce Ministerial Council,,,,,40301,Building Science And Technology,,,,,,,TRUE,FALSE,,FALSE
41304,PM2 Pty Ltd,ONSHIFT EDUCATION;PM SQUARED,RIICOM201D,Communicate in the workplace,N,Unit of competency,Superseded,22/09/2020,Superseded,14/11/2013,21/09/2020,"Deliver and assess , Granted",18/08/2023,06/10/2029,Implicit,FALSE,FALSE,FALSE,FALSE,FALSE,FALSE,FALSE,FALSE,FALSE,RIICOM201E,TRUE,RIICOM201A,TRUE,3,07/12/2014,RII,Resources and Infrastructure Industry Training Package,FALSE,Mining and Automotive Skills Alliance,,,,,,Skills and Workforce Ministerial Council,,,,,120505,Work Practices Programmes,,,,,,,FALSE,FALSE,,FALSE
41304,PM2 Pty Ltd,ONSHIFT EDUCATION;PM SQUARED,RIICOM201E,Communicate in the workplace,N,Unit of competency,Current,23/09/2020,Current,23/09/2020,,"Deliver and assess , Granted",21/10/2022,06/10/2029,Explicit,TRUE,TRUE,TRUE,TRUE,TRUE,TRUE,TRUE,TRUE,FALSE,,,RIICOM201D,TRUE,1,23/09/2020,RII,Resources and Infrastructure Industry Training Package,FALSE,Mining and Automotive Skills Alliance,,,,,,Skills and Workforce Ministerial Council,,,,,120505,Work Practices Programmes,,,,,,,FALSE,FALSE,,FALSE
41304,PM2 Pty Ltd,ONSHIFT EDUCATION;PM SQUARED,RIICOM301E,Communicate information,N,Unit of competency,Current,02/03/2020,Current,02/03/2020,,"Deliver and assess , Granted",21/10/2022,06/10/2029,Explicit,TRUE,TRUE,TRUE,TRUE,TRUE,TRUE,TRUE,TRUE,FALSE,,,RIICOM301D,TRUE,3,21/09/2021,RII,Resources and Infrastructure Industry Training Package,FALSE,Mining and Automotive Skills Alliance,,,,,,Skills and Workforce Ministerial Council,,,,,120505,Work Practices Programmes,,,,,,,TRUE,FALSE,,FALSE
41304,PM2 Pty Ltd,ONSHIFT EDUCATION;PM SQUARED,RIICOM302D,Communicate workplace information,N,Unit of competency,Current,14/11/2013,Current,14/11/2013,,"Deliver and assess , Granted",13/10/2023,06/10/2029,Implicit,FALSE,FALSE,FALSE,FALSE,FALSE,FALSE,FALSE,FALSE,FALSE,,,RIICOM302A,TRUE,4,21/09/2021,RII,Resources and Infrastructure Industry Training Package,FALSE,Mining and Automotive Skills Alliance,,,,,,Skills and Workforce Ministerial Council,,,,,120505,Work Practices Programmes,,,,,,,FALSE,FALSE,,FALSE
41304,PM2 Pty Ltd,ONSHIFT EDUCATION;PM SQUARED,RIICPL301E,Install water mains pipelines,N,Unit of competency,Current,25/01/2021,Current,25/01/2021,,"Deliver and assess , Granted",18/08/2023,06/10/2029,Implicit,FALSE,FALSE,FALSE,FALSE,FALSE,FALSE,FALSE,FALSE,FALSE,,,RIICPL301D,TRUE,2,21/09/2021,RII,Resources and Infrastructure Industry Training Package,FALSE,Mining and Automotive Skills Alliance,,,,,,Skills and Workforce Ministerial Council,,,,,40327,Plumbing,,,,,,,TRUE,FALSE,,FALSE
41304,PM2 Pty Ltd,ONSHIFT EDUCATION;PM SQUARED,RIICPL302E,Install stormwater systems,N,Unit of competency,Current,25/01/2021,Current,25/01/2021,,"Deliver and assess , Granted",18/08/2023,06/10/2029,Implicit,FALSE,FALSE,FALSE,FALSE,FALSE,FALSE,FALSE,FALSE,FALSE,,,RIICPL302D,TRUE,1,25/01/2021,RII,Resources and Infrastructure Industry Training Package,FALSE,Mining and Automotive Skills Alliance,,,,,,Skills and Workforce Ministerial Council,,,,,40327,Plumbing,,,,,,,TRUE,FALSE,,FALSE
41304,PM2 Pty Ltd,ONSHIFT EDUCATION;PM SQUARED,RIICPL303E,Install sewer pipelines,N,Unit of competency,Current,25/01/2021,Current,25/01/2021,,"Deliver and assess , Granted",18/08/2023,06/10/2029,Implicit,FALSE,FALSE,FALSE,FALSE,FALSE,FALSE,FALSE,FALSE,FALSE,,,RIICPL303D,TRUE,1,25/01/2021,RII,Resources and Infrastructure Industry Training Package,FALSE,Mining and Automotive Skills Alliance,,,,,,Skills and Workforce Ministerial Council,,,,,40327,Plumbing,,,,,,,TRUE,FALSE,,FALSE
41304,PM2 Pty Ltd,ONSHIFT EDUCATION;PM SQUARED,RIICPL304E,Install pre-cast gully pits,N,Unit of competency,Current,25/01/2021,Current,25/01/2021,,"Deliver and assess , Granted",18/08/2023,06/10/2029,Implicit,FALSE,FALSE,FALSE,FALSE,FALSE,FALSE,FALSE,FALSE,FALSE,,,RIICPL304D,TRUE,1,25/01/2021,RII,Resources and Infrastructure Industry Training Package,FALSE,Mining and Automotive Skills Alliance,,,,,,Skills and Workforce Ministerial Council,,,,,40327,Plumbing,,,,,,,TRUE,FALSE,,FALSE
41304,PM2 Pty Ltd,ONSHIFT EDUCATION;PM SQUARED,RIICPL305E,Install pre-cast access chambers,N,Unit of competency,Current,25/01/2021,Current,25/01/2021,,"Deliver and assess , Granted",18/08/2023,06/10/2029,Implicit,FALSE,FALSE,FALSE,FALSE,FALSE,FALSE,FALSE,FALSE,FALSE,,,RIICPL305D,TRUE,1,25/01/2021,RII,Resources and Infrastructure Industry Training Package,FALSE,Mining and Automotive Skills Alliance,,,,,,Skills and Workforce Ministerial Council,,,,,40327,Plumbing,,,,,,,TRUE,FALSE,,FALSE
41304,PM2 Pty Ltd,ONSHIFT EDUCATION;PM SQUARED,RIICPL401E,Supervise the installation of underground services using open excavation,N,Unit of competency,Current,25/01/2021,Current,25/01/2021,,"Deliver and assess , Granted",18/08/2023,06/10/2029,Implicit,FALSE,FALSE,FALSE,FALSE,FALSE,FALSE,FALSE,FALSE,FALSE,,,RIICPL401D,TRUE,2,23/03/2022,RII,Resources and Infrastructure Industry Training Package,FALSE,Mining and Automotive Skills Alliance,,,,,,Skills and Workforce Ministerial Council,,,,,30901,Construction Engineering,,,,,,,TRUE,FALSE,,FALSE
41304,PM2 Pty Ltd,ONSHIFT EDUCATION;PM SQUARED,RIICRC201E,Repair potholes,N,Unit of competency,Current,25/01/2021,Current,25/01/2021,,"Deliver and assess , Granted",14/06/2022,06/10/2029,Implicit,FALSE,FALSE,FALSE,FALSE,FALSE,FALSE,FALSE,FALSE,FALSE,,,RIICRC201D,TRUE,1,25/01/2021,RII,Resources and Infrastructure Industry Training Package,FALSE,Mining and Automotive Skills Alliance,,,,,,Skills and Workforce Ministerial Council,,,,,30901,Construction Engineering,,,,,,,TRUE,FALSE,,FALSE
41304,PM2 Pty Ltd,ONSHIFT EDUCATION;PM SQUARED,RIICRC202E,Install signs,N,Unit of competency,Current,25/01/2021,Current,25/01/2021,,"Deliver and assess , Granted",18/08/2023,06/10/2029,Implicit,FALSE,FALSE,FALSE,FALSE,FALSE,FALSE,FALSE,FALSE,FALSE,,,RIICRC202D,TRUE,1,25/01/2021,RII,Resources and Infrastructure Industry Training Package,FALSE,Mining and Automotive Skills Alliance,,,,,,Skills and Workforce Ministerial Council,,,,,40311,Carpentry And Joinery,,,,,,,TRUE,FALSE,,FALSE
41304,PM2 Pty Ltd,ONSHIFT EDUCATION;PM SQUARED,RIICRC203D,Install sub-soil drainage,N,Unit of competency,Superseded,24/01/2021,Superseded,14/11/2013,23/01/2021,"Deliver and assess , Granted",29/08/2024,06/10/2029,Implicit,FALSE,FALSE,FALSE,FALSE,FALSE,FALSE,FALSE,FALSE,FALSE,RIICRC203E,TRUE,RIICRC203A,TRUE,2,07/12/2014,RII,Resources and Infrastructure Industry Training Package,FALSE,Mining and Automotive Skills Alliance,,,,,,Skills and Workforce Ministerial Council,,,,,40327,Plumbing,,,,,,,FALSE,FALSE,,FALSE
41304,PM2 Pty Ltd,ONSHIFT EDUCATION;PM SQUARED,RIICRC203E,Install sub-soil drainage,N,Unit of competency,Current,25/01/2021,Current,25/01/2021,,"Deliver and assess , Granted",18/08/2023,06/10/2029,Implicit,FALSE,FALSE,FALSE,FALSE,FALSE,FALSE,FALSE,FALSE,FALSE,,,RIICRC203D,TRUE,1,25/01/2021,RII,Resources and Infrastructure Industry Training Package,FALSE,Mining and Automotive Skills Alliance,,,,,,Skills and Workforce Ministerial Council,,,,,40327,Plumbing,,,,,,,TRUE,FALSE,,FALSE
41304,PM2 Pty Ltd,ONSHIFT EDUCATION;PM SQUARED,RIICRC204E,Install and maintain roadside fixtures,N,Unit of competency,Current,25/01/2021,Current,25/01/2021,,"Deliver and assess , Granted",18/08/2023,06/10/2029,Implicit,FALSE,FALSE,FALSE,FALSE,FALSE,FALSE,FALSE,FALSE,FALSE,,,RIICRC204D,TRUE,1,25/01/2021,RII,Resources and Infrastructure Industry Training Package,FALSE,Mining and Automotive Skills Alliance,,,,,,Skills and Workforce Ministerial Council,,,,,30901,Construction Engineering,,,,,,,TRUE,FALSE,,FALSE
41304,PM2 Pty Ltd,ONSHIFT EDUCATION;PM SQUARED,RIICRC205E,Install utility poles,N,Unit of competency,Current,25/01/2021,Current,25/01/2021,,"Deliver and assess , Granted",18/08/2023,06/10/2029,Implicit,FALSE,FALSE,FALSE,FALSE,FALSE,FALSE,FALSE,FALSE,FALSE,,,RIICRC205D,TRUE,1,25/01/2021,RII,Resources and Infrastructure Industry Training Package,FALSE,Mining and Automotive Skills Alliance,,,,,,Skills and Workforce Ministerial Council,,,,,40301,Building Science And Technology,,,,,,,TRUE,FALSE,,FALSE
41304,PM2 Pty Ltd,ONSHIFT EDUCATION;PM SQUARED,RIICRC206E,Install pre-cast concrete crash barriers,N,Unit of competency,Current,25/01/2021,Current,25/01/2021,,"Deliver and assess , Granted",18/08/2023,06/10/2029,Implicit,FALSE,FALSE,FALSE,FALSE,FALSE,FALSE,FALSE,FALSE,FALSE,,,RIICRC206D,TRUE,1,25/01/2021,RII,Resources and Infrastructure Industry Training Package,FALSE,Mining and Automotive Skills Alliance,,,,,,Skills and Workforce Ministerial Council,,,,,40301,Building Science And Technology,,,,,,,TRUE,FALSE,,FALSE
41304,PM2 Pty Ltd,ONSHIFT EDUCATION;PM SQUARED,RIICRC207E,Install noise barriers,N,Unit of competency,Current,25/01/2021,Current,25/01/2021,,"Deliver and assess , Granted",18/08/2023,06/10/2029,Implicit,FALSE,FALSE,FALSE,FALSE,FALSE,FALSE,FALSE,FALSE,FALSE,,,RIICRC207D,TRUE,1,25/01/2021,RII,Resources and Infrastructure Industry Training Package,FALSE,Mining and Automotive Skills Alliance,,,,,,Skills and Workforce Ministerial Council,,,,,40301,Building Science And Technology,,,,,,,TRUE,FALSE,,FALSE
41304,PM2 Pty Ltd,ONSHIFT EDUCATION;PM SQUARED,RIICRC208E,Lay pipes,N,Unit of competency,Current,25/01/2021,Current,25/01/2021,,"Deliver and assess , Granted",14/06/2022,06/10/2029,Implicit,FALSE,FALSE,FALSE,FALSE,FALSE,FALSE,FALSE,FALSE,FALSE,,,RIICRC208D,TRUE,1,25/01/2021,RII,Resources and Infrastructure Industry Training Package,FALSE,Mining and Automotive Skills Alliance,,,,,,Skills and Workforce Ministerial Council,,,,,40327,Plumbing,,,,,,,TRUE,FALSE,,FALSE
41304,PM2 Pty Ltd,ONSHIFT EDUCATION;PM SQUARED,RIICRC209E,Lay reinforced concrete box culverts,N,Unit of competency,Current,25/01/2021,Current,25/01/2021,,"Deliver and assess , Granted",18/08/2023,06/10/2029,Implicit,FALSE,FALSE,FALSE,FALSE,FALSE,FALSE,FALSE,FALSE,FALSE,,,RIICRC209D,TRUE,1,25/01/2021,RII,Resources and Infrastructure Industry Training Package,FALSE,Mining and Automotive Skills Alliance,,,,,,Skills and Workforce Ministerial Council,,,,,40327,Plumbing,,,,,,,TRUE,FALSE,,FALSE
41304,PM2 Pty Ltd,ONSHIFT EDUCATION;PM SQUARED,RIICRC301E,Maintain drainage systems,N,Unit of competency,Current,25/01/2021,Current,25/01/2021,,"Deliver and assess , Granted",18/08/2023,06/10/2029,Implicit,FALSE,FALSE,FALSE,FALSE,FALSE,FALSE,FALSE,FALSE,FALSE,,,RIICRC301D,TRUE,1,25/01/2021,RII,Resources and Infrastructure Industry Training Package,FALSE,Mining and Automotive Skills Alliance,,,,,,Skills and Workforce Ministerial Council,,,,,40327,Plumbing,,,,,,,TRUE,FALSE,,FALSE
41304,PM2 Pty Ltd,ONSHIFT EDUCATION;PM SQUARED,RIICRC302E,"Place and form concrete kerb, channel and fixtures",N,Unit of competency,Current,25/01/2021,Current,25/01/2021,,"Deliver and assess , Granted",18/08/2023,06/10/2029,Implicit,FALSE,FALSE,FALSE,FALSE,FALSE,FALSE,FALSE,FALSE,FALSE,,,RIICRC302D,TRUE,1,25/01/2021,RII,Resources and Infrastructure Industry Training Package,FALSE,Mining and Automotive Skills Alliance,,,,,,Skills and Workforce Ministerial Council,,,,,30901,Construction Engineering,,,,,,,TRUE,FALSE,,FALSE
41304,PM2 Pty Ltd,ONSHIFT EDUCATION;PM SQUARED,RIICRC303E,Lay pavers,N,Unit of competency,Current,25/01/2021,Current,25/01/2021,,"Deliver and assess , Granted",18/08/2023,06/10/2029,Implicit,FALSE,FALSE,FALSE,FALSE,FALSE,FALSE,FALSE,FALSE,FALSE,,,RIICRC303D,TRUE,1,25/01/2021,RII,Resources and Infrastructure Industry Training Package,FALSE,Mining and Automotive Skills Alliance,,,,,,Skills and Workforce Ministerial Council,,,,,40399,"Building, N.e.c.",,,,,,,TRUE,FALSE,,FALSE
41304,PM2 Pty Ltd,ONSHIFT EDUCATION;PM SQUARED,RIICRC304E,Maintain sealed roads,N,Unit of competency,Current,25/01/2021,Current,25/01/2021,,"Deliver and assess , Granted",18/08/2023,06/10/2029,Implicit,FALSE,FALSE,FALSE,FALSE,FALSE,FALSE,FALSE,FALSE,FALSE,,,RIICRC304D,TRUE,1,25/01/2021,RII,Resources and Infrastructure Industry Training Package,FALSE,Mining and Automotive Skills Alliance,,,,,,Skills and Workforce Ministerial Council,,,,,30901,Construction Engineering,,,,,,,TRUE,FALSE,,FALSE
41304,PM2 Pty Ltd,ONSHIFT EDUCATION;PM SQUARED,RIICRC305E,Conduct road construction paver screeding operations,N,Unit of competency,Current,25/01/2021,Current,25/01/2021,,"Deliver and assess , Granted",18/08/2023,06/10/2029,Implicit,FALSE,FALSE,FALSE,FALSE,FALSE,FALSE,FALSE,FALSE,FALSE,,,RIICRC305D,TRUE,1,25/01/2021,RII,Resources and Infrastructure Industry Training Package,FALSE,Mining and Automotive Skills Alliance,,,,,,Skills and Workforce Ministerial Council,,,,,30717,Plant And Machine Operations,,,,,,,TRUE,FALSE,,FALSE
41304,PM2 Pty Ltd,ONSHIFT EDUCATION;PM SQUARED,RIICRC306E,Conduct earthworks,N,Unit of competency,Current,25/01/2021,Current,25/01/2021,,"Deliver and assess , Granted",18/08/2023,06/10/2029,Implicit,FALSE,FALSE,FALSE,FALSE,FALSE,FALSE,FALSE,FALSE,FALSE,,,RIICRC306D,TRUE,1,25/01/2021,RII,Resources and Infrastructure Industry Training Package,FALSE,Mining and Automotive Skills Alliance,,,,,,Skills and Workforce Ministerial Council,,,,,30717,Plant And Machine Operations,,,,,,,TRUE,FALSE,,FALSE
41304,PM2 Pty Ltd,ONSHIFT EDUCATION;PM SQUARED,RIICRC307E,Conduct road pavement construction,N,Unit of competency,Current,25/01/2021,Current,25/01/2021,,"Deliver and assess , Granted",18/08/2023,06/10/2029,Implicit,FALSE,FALSE,FALSE,FALSE,FALSE,FALSE,FALSE,FALSE,FALSE,,,RIICRC307D,TRUE,1,25/01/2021,RII,Resources and Infrastructure Industry Training Package,FALSE,Mining and Automotive Skills Alliance,,,,,,Skills and Workforce Ministerial Council,,,,,30901,Construction Engineering,,,,,,,TRUE,FALSE,,FALSE
41304,PM2 Pty Ltd,ONSHIFT EDUCATION;PM SQUARED,RIICRC308E,Conduct paver operations,N,Unit of competency,Current,25/01/2021,Current,25/01/2021,,"Deliver and assess , Granted",14/06/2022,06/10/2029,Implicit,FALSE,FALSE,FALSE,FALSE,FALSE,FALSE,FALSE,FALSE,FALSE,,,RIICRC308D,TRUE,1,25/01/2021,RII,Resources and Infrastructure Industry Training Package,FALSE,Mining and Automotive Skills Alliance,,,,,,Skills and Workforce Ministerial Council,,,,,30717,Plant And Machine Operations,,,,,,,TRUE,FALSE,,FALSE
41304,PM2 Pty Ltd,ONSHIFT EDUCATION;PM SQUARED,RIICRC309E,Conduct stabiliser operations,N,Unit of competency,Current,25/01/2021,Current,25/01/2021,,"Deliver and assess , Granted",14/06/2022,06/10/2029,Implicit,FALSE,FALSE,FALSE,FALSE,FALSE,FALSE,FALSE,FALSE,FALSE,,,RIICRC309D,TRUE,1,25/01/2021,RII,Resources and Infrastructure Industry Training Package,FALSE,Mining and Automotive Skills Alliance,,,,,,Skills and Workforce Ministerial Council,,,,,30717,Plant And Machine Operations,,,,,,,TRUE,FALSE,,FALSE
41304,PM2 Pty Ltd,ONSHIFT EDUCATION;PM SQUARED,RIICRC310E,Construct and maintain roads,N,Unit of competency,Current,25/01/2021,Current,25/01/2021,,"Deliver and assess , Granted",13/10/2023,06/10/2029,Implicit,FALSE,FALSE,FALSE,FALSE,FALSE,FALSE,FALSE,FALSE,FALSE,,,RIICRC310D,TRUE,1,25/01/2021,RII,Resources and Infrastructure Industry Training Package,FALSE,Mining and Automotive Skills Alliance,,,,,,Skills and Workforce Ministerial Council,,,,,30901,Construction Engineering,,,,,,,TRUE,FALSE,,FALSE
41304,PM2 Pty Ltd,ONSHIFT EDUCATION;PM SQUARED,RIICRC311E,Conduct concrete road paver operations,N,Unit of competency,Current,25/01/2021,Current,25/01/2021,,"Deliver and assess , Granted",18/08/2023,06/10/2029,Implicit,FALSE,FALSE,FALSE,FALSE,FALSE,FALSE,FALSE,FALSE,FALSE,,,RIICRC311D,TRUE,1,25/01/2021,RII,Resources and Infrastructure Industry Training Package,FALSE,Mining and Automotive Skills Alliance,,,,,,Skills and Workforce Ministerial Council,,,,,30717,Plant And Machine Operations,,,,,,,TRUE,FALSE,,FALSE
41304,PM2 Pty Ltd,ONSHIFT EDUCATION;PM SQUARED,RIICRC312E,Set up and maintain concrete paver stringlines,N,Unit of competency,Current,25/01/2021,Current,25/01/2021,,"Deliver and assess , Granted",18/08/2023,06/10/2029,Implicit,FALSE,FALSE,FALSE,FALSE,FALSE,FALSE,FALSE,FALSE,FALSE,,,RIICRC312D,TRUE,1,25/01/2021,RII,Resources and Infrastructure Industry Training Package,FALSE,Mining and Automotive Skills Alliance,,,,,,Skills and Workforce Ministerial Council,,,,,40399,"Building, N.e.c.",,,,,,,TRUE,FALSE,,FALSE
41304,PM2 Pty Ltd,ONSHIFT EDUCATION;PM SQUARED,RIICRC313E,Conduct concrete road curing and texturing operations,N,Unit of competency,Current,25/01/2021,Current,25/01/2021,,"Deliver and assess , Granted",18/08/2023,06/10/2029,Implicit,FALSE,FALSE,FALSE,FALSE,FALSE,FALSE,FALSE,FALSE,FALSE,,,RIICRC313D,TRUE,1,25/01/2021,RII,Resources and Infrastructure Industry Training Package,FALSE,Mining and Automotive Skills Alliance,,,,,,Skills and Workforce Ministerial Council,,,,,30901,Construction Engineering,,,,,,,TRUE,FALSE,,FALSE
41304,PM2 Pty Ltd,ONSHIFT EDUCATION;PM SQUARED,RIICRC314E,Handle concrete materials,N,Unit of competency,Current,25/01/2021,Current,25/01/2021,,"Deliver and assess , Granted",18/08/2023,06/10/2029,Implicit,FALSE,FALSE,FALSE,FALSE,FALSE,FALSE,FALSE,FALSE,FALSE,,,RIICRC314D,TRUE,1,25/01/2021,RII,Resources and Infrastructure Industry Training Package,FALSE,Mining and Automotive Skills Alliance,,,,,,Skills and Workforce Ministerial Council,,,,,30901,Construction Engineering,,,,,,,TRUE,FALSE,,FALSE
41304,PM2 Pty Ltd,ONSHIFT EDUCATION;PM SQUARED,RIICRC315E,Use concreting materials and equipment,N,Unit of competency,Current,25/01/2021,Current,25/01/2021,,"Deliver and assess , Granted",18/08/2023,06/10/2029,Implicit,FALSE,FALSE,FALSE,FALSE,FALSE,FALSE,FALSE,FALSE,FALSE,,,RIICRC315D,TRUE,1,25/01/2021,RII,Resources and Infrastructure Industry Training Package,FALSE,Mining and Automotive Skills Alliance,,,,,,Skills and Workforce Ministerial Council,,,,,30717,Plant And Machine Operations,,,,,,,TRUE,FALSE,,FALSE
41304,PM2 Pty Ltd,ONSHIFT EDUCATION;PM SQUARED,RIICRC316E,Place and compact concrete,N,Unit of competency,Current,25/01/2021,Current,25/01/2021,,"Deliver and assess , Granted",18/08/2023,06/10/2029,Implicit,FALSE,FALSE,FALSE,FALSE,FALSE,FALSE,FALSE,FALSE,FALSE,,,RIICRC316D,TRUE,1,25/01/2021,RII,Resources and Infrastructure Industry Training Package,FALSE,Mining and Automotive Skills Alliance,,,,,,Skills and Workforce Ministerial Council,,,,,30901,Construction Engineering,,,,,,,TRUE,FALSE,,FALSE
41304,PM2 Pty Ltd,ONSHIFT EDUCATION;PM SQUARED,RIICRC317E,Finish concrete pavements,N,Unit of competency,Current,25/01/2021,Current,25/01/2021,,"Deliver and assess , Granted",18/08/2023,06/10/2029,Implicit,FALSE,FALSE,FALSE,FALSE,FALSE,FALSE,FALSE,FALSE,FALSE,,,RIICRC317D,TRUE,1,25/01/2021,RII,Resources and Infrastructure Industry Training Package,FALSE,Mining and Automotive Skills Alliance,,,,,,Skills and Workforce Ministerial Council,,,,,30901,Construction Engineering,,,,,,,TRUE,FALSE,,FALSE
41304,PM2 Pty Ltd,ONSHIFT EDUCATION;PM SQUARED,RIICRC318E,Cure concrete,N,Unit of competency,Current,25/01/2021,Current,25/01/2021,,"Deliver and assess , Granted",18/08/2023,06/10/2029,Implicit,FALSE,FALSE,FALSE,FALSE,FALSE,FALSE,FALSE,FALSE,FALSE,,,RIICRC318D,TRUE,1,25/01/2021,RII,Resources and Infrastructure Industry Training Package,FALSE,Mining and Automotive Skills Alliance,,,,,,Skills and Workforce Ministerial Council,,,,,30901,Construction Engineering,,,,,,,TRUE,FALSE,,FALSE
41304,PM2 Pty Ltd,ONSHIFT EDUCATION;PM SQUARED,RIICRC319E,Saw and cut concrete pavements to initiate planned cracks,N,Unit of competency,Current,25/01/2021,Current,25/01/2021,,"Deliver and assess , Granted",18/08/2023,06/10/2029,Implicit,FALSE,FALSE,FALSE,FALSE,FALSE,FALSE,FALSE,FALSE,FALSE,,,RIICRC319D,TRUE,1,25/01/2021,RII,Resources and Infrastructure Industry Training Package,FALSE,Mining and Automotive Skills Alliance,,,,,,Skills and Workforce Ministerial Council,,,,,30901,Construction Engineering,,,,,,,TRUE,FALSE,,FALSE
41304,PM2 Pty Ltd,ONSHIFT EDUCATION;PM SQUARED,RIICRC320E,Seal concrete pavements,N,Unit of competency,Current,25/01/2021,Current,25/01/2021,,"Deliver and assess , Granted",18/08/2023,06/10/2029,Implicit,FALSE,FALSE,FALSE,FALSE,FALSE,FALSE,FALSE,FALSE,FALSE,,,RIICRC320D,TRUE,1,25/01/2021,RII,Resources and Infrastructure Industry Training Package,FALSE,Mining and Automotive Skills Alliance,,,,,,Skills and Workforce Ministerial Council,,,,,30901,Construction Engineering,,,,,,,TRUE,FALSE,,FALSE
41304,PM2 Pty Ltd,ONSHIFT EDUCATION;PM SQUARED,RIICRC321E,Use automated paving guidance systems,N,Unit of competency,Current,25/01/2021,Current,25/01/2021,,"Deliver and assess , Granted",18/08/2023,06/10/2029,Implicit,FALSE,FALSE,FALSE,FALSE,FALSE,FALSE,FALSE,FALSE,FALSE,,,RIICRC321D,TRUE,1,25/01/2021,RII,Resources and Infrastructure Industry Training Package,FALSE,Mining and Automotive Skills Alliance,,,,,,Skills and Workforce Ministerial Council,,,,,30901,Construction Engineering,,,,,,,TRUE,FALSE,,FALSE
41304,PM2 Pty Ltd,ONSHIFT EDUCATION;PM SQUARED,RIICRC322E,"Receive, check and record concrete deliveries",N,Unit of competency,Current,25/01/2021,Current,25/01/2021,,"Deliver and assess , Granted",18/08/2023,06/10/2029,Implicit,FALSE,FALSE,FALSE,FALSE,FALSE,FALSE,FALSE,FALSE,FALSE,,,RIICRC322D,TRUE,1,25/01/2021,RII,Resources and Infrastructure Industry Training Package,FALSE,Mining and Automotive Skills Alliance,,,,,,Skills and Workforce Ministerial Council,,,,,89901,"Purchasing, Warehousing And Distribution",,,,,,,TRUE,FALSE,,FALSE
41304,PM2 Pty Ltd,ONSHIFT EDUCATION;PM SQUARED,RIICRC323E,Insert tie bars in fresh concrete,N,Unit of competency,Current,25/01/2021,Current,25/01/2021,,"Deliver and assess , Granted",18/08/2023,06/10/2029,Implicit,FALSE,FALSE,FALSE,FALSE,FALSE,FALSE,FALSE,FALSE,FALSE,,,RIICRC323D,TRUE,1,25/01/2021,RII,Resources and Infrastructure Industry Training Package,FALSE,Mining and Automotive Skills Alliance,,,,,,Skills and Workforce Ministerial Council,,,,,30901,Construction Engineering,,,,,,,TRUE,FALSE,,FALSE
41304,PM2 Pty Ltd,ONSHIFT EDUCATION;PM SQUARED,RIICRC401E,Supervise flexible pavement construction,N,Unit of competency,Current,25/01/2021,Current,25/01/2021,,"Deliver and assess , Granted",18/08/2023,06/10/2029,Implicit,FALSE,FALSE,FALSE,FALSE,FALSE,FALSE,FALSE,FALSE,FALSE,,,RIICRC401D,TRUE,1,25/01/2021,RII,Resources and Infrastructure Industry Training Package,FALSE,Mining and Automotive Skills Alliance,,,,,,Skills and Workforce Ministerial Council,,,,,30901,Construction Engineering,,,,,,,TRUE,FALSE,,FALSE
41304,PM2 Pty Ltd,ONSHIFT EDUCATION;PM SQUARED,RIICRC402E,Supervise rigid pavement construction,N,Unit of competency,Current,25/01/2021,Current,25/01/2021,,"Deliver and assess , Granted",18/08/2023,06/10/2029,Implicit,FALSE,FALSE,FALSE,FALSE,FALSE,FALSE,FALSE,FALSE,FALSE,,,RIICRC402D,TRUE,1,25/01/2021,RII,Resources and Infrastructure Industry Training Package,FALSE,Mining and Automotive Skills Alliance,,,,,,Skills and Workforce Ministerial Council,,,,,30901,Construction Engineering,,,,,,,TRUE,FALSE,,FALSE
41304,PM2 Pty Ltd,ONSHIFT EDUCATION;PM SQUARED,RIICRC403E,Supervise the stabilisation of materials,N,Unit of competency,Current,25/01/2021,Current,25/01/2021,,"Deliver and assess , Granted",18/08/2023,06/10/2029,Implicit,FALSE,FALSE,FALSE,FALSE,FALSE,FALSE,FALSE,FALSE,FALSE,,,RIICRC403D,TRUE,1,25/01/2021,RII,Resources and Infrastructure Industry Training Package,FALSE,Mining and Automotive Skills Alliance,,,,,,Skills and Workforce Ministerial Council,,,,,30901,Construction Engineering,,,,,,,TRUE,FALSE,,FALSE
41304,PM2 Pty Ltd,ONSHIFT EDUCATION;PM SQUARED,RIICRC404E,Inspect and report on pavement condition,N,Unit of competency,Current,25/01/2021,Current,25/01/2021,,"Deliver and assess , Granted",18/08/2023,06/10/2029,Implicit,FALSE,FALSE,FALSE,FALSE,FALSE,FALSE,FALSE,FALSE,FALSE,,,RIICRC404D,TRUE,1,25/01/2021,RII,Resources and Infrastructure Industry Training Package,FALSE,Mining and Automotive Skills Alliance,,,,,,Skills and Workforce Ministerial Council,,,,,30901,Construction Engineering,,,,,,,TRUE,FALSE,,FALSE
41304,PM2 Pty Ltd,ONSHIFT EDUCATION;PM SQUARED,RIICRC405E,Carry out pavement condition measurement,N,Unit of competency,Current,25/01/2021,Current,25/01/2021,,"Deliver and assess , Granted",18/08/2023,06/10/2029,Implicit,FALSE,FALSE,FALSE,FALSE,FALSE,FALSE,FALSE,FALSE,FALSE,,,RIICRC405D,TRUE,1,25/01/2021,RII,Resources and Infrastructure Industry Training Package,FALSE,Mining and Automotive Skills Alliance,,,,,,Skills and Workforce Ministerial Council,,,,,30901,Construction Engineering,,,,,,,TRUE,FALSE,,FALSE
41304,PM2 Pty Ltd,ONSHIFT EDUCATION;PM SQUARED,RIICRC406E,Supervise pavement maintenance,N,Unit of competency,Current,25/01/2021,Current,25/01/2021,,"Deliver and assess , Granted",18/08/2023,06/10/2029,Implicit,FALSE,FALSE,FALSE,FALSE,FALSE,FALSE,FALSE,FALSE,FALSE,,,RIICRC406D,TRUE,1,25/01/2021,RII,Resources and Infrastructure Industry Training Package,FALSE,Mining and Automotive Skills Alliance,,,,,,Skills and Workforce Ministerial Council,,,,,30901,Construction Engineering,,,,,,,TRUE,FALSE,,FALSE
41304,PM2 Pty Ltd,ONSHIFT EDUCATION;PM SQUARED,RIICRM201F,Escort mobile works,N,Unit of competency,Current,25/01/2021,Current,25/01/2021,,"Deliver and assess , Granted",18/08/2023,06/10/2029,Implicit,FALSE,FALSE,FALSE,FALSE,FALSE,FALSE,FALSE,FALSE,FALSE,,,RIICRM201E,TRUE,1,25/01/2021,RII,Resources and Infrastructure Industry Training Package,FALSE,Mining and Automotive Skills Alliance,,,,,,Skills and Workforce Ministerial Council,,,,,30717,Plant And Machine Operations,,,,,,,TRUE,FALSE,,FALSE
41304,PM2 Pty Ltd,ONSHIFT EDUCATION;PM SQUARED,RIICRM202E,Handle and store road marking materials,N,Unit of competency,Current,25/01/2021,Current,25/01/2021,,"Deliver and assess , Granted",18/08/2023,06/10/2029,Implicit,FALSE,FALSE,FALSE,FALSE,FALSE,FALSE,FALSE,FALSE,FALSE,,,RIICRM202D,TRUE,1,25/01/2021,RII,Resources and Infrastructure Industry Training Package,FALSE,Mining and Automotive Skills Alliance,,,,,,Skills and Workforce Ministerial Council,,,,,30717,Plant And Machine Operations,,,,,,,TRUE,FALSE,,FALSE
41304,PM2 Pty Ltd,ONSHIFT EDUCATION;PM SQUARED,RIICRM203E,Conduct pedestrian road marking operations,N,Unit of competency,Current,25/01/2021,Current,25/01/2021,,"Deliver and assess , Granted",18/08/2023,06/10/2029,Implicit,FALSE,FALSE,FALSE,FALSE,FALSE,FALSE,FALSE,FALSE,FALSE,,,RIICRM203D,TRUE,1,25/01/2021,RII,Resources and Infrastructure Industry Training Package,FALSE,Mining and Automotive Skills Alliance,,,,,,Skills and Workforce Ministerial Council,,,,,30717,Plant And Machine Operations,,,,,,,TRUE,FALSE,,FALSE
41304,PM2 Pty Ltd,ONSHIFT EDUCATION;PM SQUARED,RIICRM204E,Prepare surfaces for road marking,N,Unit of competency,Current,25/01/2021,Current,25/01/2021,,"Deliver and assess , Granted",18/08/2023,06/10/2029,Implicit,FALSE,FALSE,FALSE,FALSE,FALSE,FALSE,FALSE,FALSE,FALSE,,,RIICRM204D,TRUE,1,25/01/2021,RII,Resources and Infrastructure Industry Training Package,FALSE,Mining and Automotive Skills Alliance,,,,,,Skills and Workforce Ministerial Council,,,,,30717,Plant And Machine Operations,,,,,,,TRUE,FALSE,,FALSE
41304,PM2 Pty Ltd,ONSHIFT EDUCATION;PM SQUARED,RIICRM205E,Conduct road marking measuring operations,N,Unit of competency,Current,25/01/2021,Current,25/01/2021,,"Deliver and assess , Granted",18/08/2023,06/10/2029,Implicit,FALSE,FALSE,FALSE,FALSE,FALSE,FALSE,FALSE,FALSE,FALSE,,,RIICRM205D,TRUE,1,25/01/2021,RII,Resources and Infrastructure Industry Training Package,FALSE,Mining and Automotive Skills Alliance,,,,,,Skills and Workforce Ministerial Council,,,,,30717,Plant And Machine Operations,,,,,,,TRUE,FALSE,,FALSE
41304,PM2 Pty Ltd,ONSHIFT EDUCATION;PM SQUARED,RIICRM206E,Conduct airless and atomised spraying operations,N,Unit of competency,Current,25/01/2021,Current,25/01/2021,,"Deliver and assess , Granted",18/08/2023,06/10/2029,Implicit,FALSE,FALSE,FALSE,FALSE,FALSE,FALSE,FALSE,FALSE,FALSE,,,RIICRM206D,TRUE,1,25/01/2021,RII,Resources and Infrastructure Industry Training Package,FALSE,Mining and Automotive Skills Alliance,,,,,,Skills and Workforce Ministerial Council,,,,,30717,Plant And Machine Operations,,,,,,,TRUE,FALSE,,FALSE
41304,PM2 Pty Ltd,ONSHIFT EDUCATION;PM SQUARED,RIICRM207E,Install raised pavement markers,N,Unit of competency,Current,25/01/2021,Current,25/01/2021,,"Deliver and assess , Granted",18/08/2023,06/10/2029,Implicit,FALSE,FALSE,FALSE,FALSE,FALSE,FALSE,FALSE,FALSE,FALSE,,,RIICRM207D,TRUE,1,25/01/2021,RII,Resources and Infrastructure Industry Training Package,FALSE,Mining and Automotive Skills Alliance,,,,,,Skills and Workforce Ministerial Council,,,,,30717,Plant And Machine Operations,,,,,,,TRUE,FALSE,,FALSE
41304,PM2 Pty Ltd,ONSHIFT EDUCATION;PM SQUARED,RIICRM301E,Conduct ride on road marking operations,N,Unit of competency,Current,25/01/2021,Current,25/01/2021,,"Deliver and assess , Granted",18/08/2023,06/10/2029,Implicit,FALSE,FALSE,FALSE,FALSE,FALSE,FALSE,FALSE,FALSE,FALSE,,,RIICRM301D,TRUE,1,25/01/2021,RII,Resources and Infrastructure Industry Training Package,FALSE,Mining and Automotive Skills Alliance,,,,,,Skills and Workforce Ministerial Council,,,,,30717,Plant And Machine Operations,,,,,,,TRUE,FALSE,,FALSE
41304,PM2 Pty Ltd,ONSHIFT EDUCATION;PM SQUARED,RIICRM302E,Conduct long line road marking operations,N,Unit of competency,Current,25/01/2021,Current,25/01/2021,,"Deliver and assess , Granted",18/08/2023,06/10/2029,Implicit,FALSE,FALSE,FALSE,FALSE,FALSE,FALSE,FALSE,FALSE,FALSE,,,RIICRM302D,TRUE,1,25/01/2021,RII,Resources and Infrastructure Industry Training Package,FALSE,Mining and Automotive Skills Alliance,,,,,,Skills and Workforce Ministerial Council,,,,,30717,Plant And Machine Operations,,,,,,,TRUE,FALSE,,FALSE
41304,PM2 Pty Ltd,ONSHIFT EDUCATION;PM SQUARED,RIICRM303E,Conduct thermo plastic road marking operations,N,Unit of competency,Current,25/01/2021,Current,25/01/2021,,"Deliver and assess , Granted",18/08/2023,06/10/2029,Implicit,FALSE,FALSE,FALSE,FALSE,FALSE,FALSE,FALSE,FALSE,FALSE,,,RIICRM303D,TRUE,1,25/01/2021,RII,Resources and Infrastructure Industry Training Package,FALSE,Mining and Automotive Skills Alliance,,,,,,Skills and Workforce Ministerial Council,,,,,30717,Plant And Machine Operations,,,,,,,TRUE,FALSE,,FALSE
41304,PM2 Pty Ltd,ONSHIFT EDUCATION;PM SQUARED,RIICSG401E,Supervise civil concrete structure construction,N,Unit of competency,Current,25/01/2021,Current,25/01/2021,,"Deliver and assess , Granted",18/08/2023,06/10/2029,Implicit,FALSE,FALSE,FALSE,FALSE,FALSE,FALSE,FALSE,FALSE,FALSE,,,RIICSG401D,TRUE,1,25/01/2021,RII,Resources and Infrastructure Industry Training Package,FALSE,Mining and Automotive Skills Alliance,,,,,,Skills and Workforce Ministerial Council,,,,,30901,Construction Engineering,,,,,,,TRUE,FALSE,,FALSE
41304,PM2 Pty Ltd,ONSHIFT EDUCATION;PM SQUARED,RIICSG402E,Supervise civil steel structure construction,N,Unit of competency,Current,25/01/2021,Current,25/01/2021,,"Deliver and assess , Granted",18/08/2023,06/10/2029,Implicit,FALSE,FALSE,FALSE,FALSE,FALSE,FALSE,FALSE,FALSE,FALSE,,,RIICSG402D,TRUE,1,25/01/2021,RII,Resources and Infrastructure Industry Training Package,FALSE,Mining and Automotive Skills Alliance,,,,,,Skills and Workforce Ministerial Council,,,,,30901,Construction Engineering,,,,,,,TRUE,FALSE,,FALSE
41304,PM2 Pty Ltd,ONSHIFT EDUCATION;PM SQUARED,RIICSG403E,Supervise civil timber structure construction,N,Unit of competency,Current,25/01/2021,Current,25/01/2021,,"Deliver and assess , Granted",18/08/2023,06/10/2029,Implicit,FALSE,FALSE,FALSE,FALSE,FALSE,FALSE,FALSE,FALSE,FALSE,,,RIICSG403D,TRUE,1,25/01/2021,RII,Resources and Infrastructure Industry Training Package,FALSE,Mining and Automotive Skills Alliance,,,,,,Skills and Workforce Ministerial Council,,,,,30901,Construction Engineering,,,,,,,TRUE,FALSE,,FALSE
41304,PM2 Pty Ltd,ONSHIFT EDUCATION;PM SQUARED,RIICSG404E,"Supervise civil masonry, crib and gabion structure construction",N,Unit of competency,Current,25/01/2021,Current,25/01/2021,,"Deliver and assess , Granted",18/08/2023,06/10/2029,Implicit,FALSE,FALSE,FALSE,FALSE,FALSE,FALSE,FALSE,FALSE,FALSE,,,RIICSG404D,TRUE,1,25/01/2021,RII,Resources and Infrastructure Industry Training Package,FALSE,Mining and Automotive Skills Alliance,,,,,,Skills and Workforce Ministerial Council,,,,,30901,Construction Engineering,,,,,,,TRUE,FALSE,,FALSE
41304,PM2 Pty Ltd,ONSHIFT EDUCATION;PM SQUARED,RIICSG405E,Carry out inspections of civil structures,N,Unit of competency,Current,25/01/2021,Current,25/01/2021,,"Deliver and assess , Granted",18/08/2023,06/10/2029,Implicit,FALSE,FALSE,FALSE,FALSE,FALSE,FALSE,FALSE,FALSE,FALSE,,,RIICSG405D,TRUE,1,25/01/2021,RII,Resources and Infrastructure Industry Training Package,FALSE,Mining and Automotive Skills Alliance,,,,,,Skills and Workforce Ministerial Council,,,,,30901,Construction Engineering,,,,,,,TRUE,FALSE,,FALSE
41304,PM2 Pty Ltd,ONSHIFT EDUCATION;PM SQUARED,RIICSG406E,Supervise maintenance of civil structures,N,Unit of competency,Current,25/01/2021,Current,25/01/2021,,"Deliver and assess , Granted",18/08/2023,06/10/2029,Implicit,FALSE,FALSE,FALSE,FALSE,FALSE,FALSE,FALSE,FALSE,FALSE,,,RIICSG406D,TRUE,1,25/01/2021,RII,Resources and Infrastructure Industry Training Package,FALSE,Mining and Automotive Skills Alliance,,,,,,Skills and Workforce Ministerial Council,,,,,30901,Construction Engineering,,,,,,,TRUE,FALSE,,FALSE
41304,PM2 Pty Ltd,ONSHIFT EDUCATION;PM SQUARED,RIICTB201E,Maintain timber bridges,N,Unit of competency,Current,25/01/2021,Current,25/01/2021,,"Deliver and assess , Granted",18/08/2023,06/10/2029,Implicit,FALSE,FALSE,FALSE,FALSE,FALSE,FALSE,FALSE,FALSE,FALSE,,,RIICTB201D,TRUE,1,25/01/2021,RII,Resources and Infrastructure Industry Training Package,FALSE,Mining and Automotive Skills Alliance,,,,,,Skills and Workforce Ministerial Council,,,,,30901,Construction Engineering,,,,,,,TRUE,FALSE,,FALSE
41304,PM2 Pty Ltd,ONSHIFT EDUCATION;PM SQUARED,RIICTB202E,Apply bridge durability treatments,N,Unit of competency,Current,25/01/2021,Current,25/01/2021,,"Deliver and assess , Granted",18/08/2023,06/10/2029,Implicit,FALSE,FALSE,FALSE,FALSE,FALSE,FALSE,FALSE,FALSE,FALSE,,,RIICTB202D,TRUE,1,25/01/2021,RII,Resources and Infrastructure Industry Training Package,FALSE,Mining and Automotive Skills Alliance,,,,,,Skills and Workforce Ministerial Council,,,,,30901,Construction Engineering,,,,,,,TRUE,FALSE,,FALSE
41304,PM2 Pty Ltd,ONSHIFT EDUCATION;PM SQUARED,RIICTB203E,Produce bridge drawings and sketches,N,Unit of competency,Current,25/01/2021,Current,25/01/2021,,"Deliver and assess , Granted",18/08/2023,06/10/2029,Implicit,FALSE,FALSE,FALSE,FALSE,FALSE,FALSE,FALSE,FALSE,FALSE,,,RIICTB203D,TRUE,1,25/01/2021,RII,Resources and Infrastructure Industry Training Package,FALSE,Mining and Automotive Skills Alliance,,,,,,Skills and Workforce Ministerial Council,,,,,30901,Construction Engineering,,,,,,,TRUE,FALSE,,FALSE
41304,PM2 Pty Ltd,ONSHIFT EDUCATION;PM SQUARED,RIICTB301E,Undertake visual inspections,N,Unit of competency,Current,25/01/2021,Current,25/01/2021,,"Deliver and assess , Granted",18/08/2023,06/10/2029,Implicit,FALSE,FALSE,FALSE,FALSE,FALSE,FALSE,FALSE,FALSE,FALSE,,,RIICTB301D,TRUE,1,25/01/2021,RII,Resources and Infrastructure Industry Training Package,FALSE,Mining and Automotive Skills Alliance,,,,,,Skills and Workforce Ministerial Council,,,,,30901,Construction Engineering,,,,,,,TRUE,FALSE,,FALSE
41304,PM2 Pty Ltd,ONSHIFT EDUCATION;PM SQUARED,RIICTB302E,Install temporary support members,N,Unit of competency,Current,25/01/2021,Current,25/01/2021,,"Deliver and assess , Granted",18/08/2023,06/10/2029,Implicit,FALSE,FALSE,FALSE,FALSE,FALSE,FALSE,FALSE,FALSE,FALSE,,,RIICTB302D,TRUE,1,25/01/2021,RII,Resources and Infrastructure Industry Training Package,FALSE,Mining and Automotive Skills Alliance,,,,,,Skills and Workforce Ministerial Council,,,,,30901,Construction Engineering,,,,,,,TRUE,FALSE,,FALSE
41304,PM2 Pty Ltd,ONSHIFT EDUCATION;PM SQUARED,RIICTB303E,Erect temporary modular support systems (baileys) on existing bridges,N,Unit of competency,Current,25/01/2021,Current,25/01/2021,,"Deliver and assess , Granted",18/08/2023,06/10/2029,Implicit,FALSE,FALSE,FALSE,FALSE,FALSE,FALSE,FALSE,FALSE,FALSE,,,RIICTB303D,TRUE,1,25/01/2021,RII,Resources and Infrastructure Industry Training Package,FALSE,Mining and Automotive Skills Alliance,,,,,,Skills and Workforce Ministerial Council,,,,,30901,Construction Engineering,,,,,,,TRUE,FALSE,,FALSE
41304,PM2 Pty Ltd,ONSHIFT EDUCATION;PM SQUARED,RIICTB304E,Install or replace sub-structure members,N,Unit of competency,Current,25/01/2021,Current,25/01/2021,,"Deliver and assess , Granted",18/08/2023,06/10/2029,Implicit,FALSE,FALSE,FALSE,FALSE,FALSE,FALSE,FALSE,FALSE,FALSE,,,RIICTB304D,TRUE,1,25/01/2021,RII,Resources and Infrastructure Industry Training Package,FALSE,Mining and Automotive Skills Alliance,,,,,,Skills and Workforce Ministerial Council,,,,,30901,Construction Engineering,,,,,,,TRUE,FALSE,,FALSE
41304,PM2 Pty Ltd,ONSHIFT EDUCATION;PM SQUARED,RIICTB305E,Install or replace super-structure members,N,Unit of competency,Current,25/01/2021,Current,25/01/2021,,"Deliver and assess , Granted",18/08/2023,06/10/2029,Implicit,FALSE,FALSE,FALSE,FALSE,FALSE,FALSE,FALSE,FALSE,FALSE,,,RIICTB305D,TRUE,1,25/01/2021,RII,Resources and Infrastructure Industry Training Package,FALSE,Mining and Automotive Skills Alliance,,,,,,Skills and Workforce Ministerial Council,,,,,30901,Construction Engineering,,,,,,,TRUE,FALSE,,FALSE
41304,PM2 Pty Ltd,ONSHIFT EDUCATION;PM SQUARED,RIICTB306E,Splice and connect timber members,N,Unit of competency,Current,25/01/2021,Current,25/01/2021,,"Deliver and assess , Granted",18/08/2023,06/10/2029,Implicit,FALSE,FALSE,FALSE,FALSE,FALSE,FALSE,FALSE,FALSE,FALSE,,,RIICTB306D,TRUE,1,25/01/2021,RII,Resources and Infrastructure Industry Training Package,FALSE,Mining and Automotive Skills Alliance,,,,,,Skills and Workforce Ministerial Council,,,,,30901,Construction Engineering,,,,,,,TRUE,FALSE,,FALSE
41304,PM2 Pty Ltd,ONSHIFT EDUCATION;PM SQUARED,RIICTB307E,Assemble and disassemble temporary modular bridges,N,Unit of competency,Current,25/01/2021,Current,25/01/2021,,"Deliver and assess , Granted",18/08/2023,06/10/2029,Implicit,FALSE,FALSE,FALSE,FALSE,FALSE,FALSE,FALSE,FALSE,FALSE,,,RIICTB307D,TRUE,1,25/01/2021,RII,Resources and Infrastructure Industry Training Package,FALSE,Mining and Automotive Skills Alliance,,,,,,Skills and Workforce Ministerial Council,,,,,30901,Construction Engineering,,,,,,,TRUE,FALSE,,FALSE
41304,PM2 Pty Ltd,ONSHIFT EDUCATION;PM SQUARED,RIICTB308E,Install or replace truss members,N,Unit of competency,Current,25/01/2021,Current,25/01/2021,,"Deliver and assess , Granted",18/08/2023,06/10/2029,Implicit,FALSE,FALSE,FALSE,FALSE,FALSE,FALSE,FALSE,FALSE,FALSE,,,RIICTB308D,TRUE,1,25/01/2021,RII,Resources and Infrastructure Industry Training Package,FALSE,Mining and Automotive Skills Alliance,,,,,,Skills and Workforce Ministerial Council,,,,,30901,Construction Engineering,,,,,,,TRUE,FALSE,,FALSE
41304,PM2 Pty Ltd,ONSHIFT EDUCATION;PM SQUARED,RIICTB309E,"Construct, maintain and remove coffer dams",N,Unit of competency,Current,25/01/2021,Current,25/01/2021,,"Deliver and assess , Granted",18/08/2023,06/10/2029,Implicit,FALSE,FALSE,FALSE,FALSE,FALSE,FALSE,FALSE,FALSE,FALSE,,,RIICTB309D,TRUE,1,25/01/2021,RII,Resources and Infrastructure Industry Training Package,FALSE,Mining and Automotive Skills Alliance,,,,,,Skills and Workforce Ministerial Council,,,,,30901,Construction Engineering,,,,,,,TRUE,FALSE,,FALSE
41304,PM2 Pty Ltd,ONSHIFT EDUCATION;PM SQUARED,RIICTB310E,Construct specialised timber deck systems,N,Unit of competency,Current,25/01/2021,Current,25/01/2021,,"Deliver and assess , Granted",18/08/2023,06/10/2029,Implicit,FALSE,FALSE,FALSE,FALSE,FALSE,FALSE,FALSE,FALSE,FALSE,,,RIICTB310D,TRUE,1,25/01/2021,RII,Resources and Infrastructure Industry Training Package,FALSE,Mining and Automotive Skills Alliance,,,,,,Skills and Workforce Ministerial Council,,,,,30901,Construction Engineering,,,,,,,TRUE,FALSE,,FALSE
41304,PM2 Pty Ltd,ONSHIFT EDUCATION;PM SQUARED,RIICTC301E,Install tunnelling constructions services,N,Unit of competency,Current,25/01/2021,Current,25/01/2021,,"Deliver and assess , Granted",18/08/2023,06/10/2029,Implicit,FALSE,FALSE,FALSE,FALSE,FALSE,FALSE,FALSE,FALSE,FALSE,,,RIICTC301D,TRUE,1,25/01/2021,RII,Resources and Infrastructure Industry Training Package,FALSE,Mining and Automotive Skills Alliance,,,,,,Skills and Workforce Ministerial Council,,,,,30901,Construction Engineering,,,,,,,TRUE,FALSE,,FALSE
41304,PM2 Pty Ltd,ONSHIFT EDUCATION;PM SQUARED,RIICTC302E,Line tunnels,N,Unit of competency,Current,25/01/2021,Current,25/01/2021,,"Deliver and assess , Granted",18/08/2023,06/10/2029,Implicit,FALSE,FALSE,FALSE,FALSE,FALSE,FALSE,FALSE,FALSE,FALSE,,,RIICTC302D,TRUE,1,25/01/2021,RII,Resources and Infrastructure Industry Training Package,FALSE,Mining and Automotive Skills Alliance,,,,,,Skills and Workforce Ministerial Council,,,,,30901,Construction Engineering,,,,,,,TRUE,FALSE,,FALSE
41304,PM2 Pty Ltd,ONSHIFT EDUCATION;PM SQUARED,RIICTC303E,Excavate tunnel by machine,N,Unit of competency,Current,25/01/2021,Current,25/01/2021,,"Deliver and assess , Granted",18/08/2023,06/10/2029,Implicit,FALSE,FALSE,FALSE,FALSE,FALSE,FALSE,FALSE,FALSE,FALSE,,,RIICTC303D,TRUE,2,21/09/2021,RII,Resources and Infrastructure Industry Training Package,FALSE,Mining and Automotive Skills Alliance,,,,,,Skills and Workforce Ministerial Council,,,,,30901,Construction Engineering,,,,,,,TRUE,FALSE,,FALSE
41304,PM2 Pty Ltd,ONSHIFT EDUCATION;PM SQUARED,RIICTC304E,Muck out tunnel earthworks,N,Unit of competency,Current,25/01/2021,Current,25/01/2021,,"Deliver and assess , Granted",18/08/2023,06/10/2029,Implicit,FALSE,FALSE,FALSE,FALSE,FALSE,FALSE,FALSE,FALSE,FALSE,,,RIICTC304D,TRUE,1,25/01/2021,RII,Resources and Infrastructure Industry Training Package,FALSE,Mining and Automotive Skills Alliance,,,,,,Skills and Workforce Ministerial Council,,,,,30901,Construction Engineering,,,,,,,TRUE,FALSE,,FALSE
41304,PM2 Pty Ltd,ONSHIFT EDUCATION;PM SQUARED,RIICTC305E,Construct portals,N,Unit of competency,Current,25/01/2021,Current,25/01/2021,,"Deliver and assess , Granted",18/08/2023,06/10/2029,Implicit,FALSE,FALSE,FALSE,FALSE,FALSE,FALSE,FALSE,FALSE,FALSE,,,RIICTC305D,TRUE,1,25/01/2021,RII,Resources and Infrastructure Industry Training Package,FALSE,Mining and Automotive Skills Alliance,,,,,,Skills and Workforce Ministerial Council,,,,,30901,Construction Engineering,,,,,,,TRUE,FALSE,,FALSE
41304,PM2 Pty Ltd,ONSHIFT EDUCATION;PM SQUARED,RIICTC306,Conduct tunnel boring machine operations,N,Unit of competency,Current,25/01/2021,Current,25/01/2021,,"Deliver and assess , Granted",18/08/2023,06/10/2029,Implicit,FALSE,FALSE,FALSE,FALSE,FALSE,FALSE,FALSE,FALSE,FALSE,,,,,1,25/01/2021,RII,Resources and Infrastructure Industry Training Package,FALSE,Mining and Automotive Skills Alliance,,,,,,Skills and Workforce Ministerial Council,,,,,30717,Plant And Machine Operations,,,,,,,TRUE,FALSE,,FALSE
41304,PM2 Pty Ltd,ONSHIFT EDUCATION;PM SQUARED,RIICTC401E,Supervise tunnel construction,N,Unit of competency,Current,25/01/2021,Current,25/01/2021,,"Deliver and assess , Granted",18/08/2023,06/10/2029,Implicit,FALSE,FALSE,FALSE,FALSE,FALSE,FALSE,FALSE,FALSE,FALSE,,,RIICTC401D,TRUE,1,25/01/2021,RII,Resources and Infrastructure Industry Training Package,FALSE,Mining and Automotive Skills Alliance,,,,,,Skills and Workforce Ministerial Council,,,,,30901,Construction Engineering,,,,,,,TRUE,FALSE,,FALSE
41304,PM2 Pty Ltd,ONSHIFT EDUCATION;PM SQUARED,RIICTC402,Supervise tunnel boring machine operations,N,Unit of competency,Current,25/01/2021,Current,25/01/2021,,"Deliver and assess , Granted",18/08/2023,06/10/2029,Implicit,FALSE,FALSE,FALSE,FALSE,FALSE,FALSE,FALSE,FALSE,FALSE,,,,,1,25/01/2021,RII,Resources and Infrastructure Industry Training Package,FALSE,Mining and Automotive Skills Alliance,,,,,,Skills and Workforce Ministerial Council,,,,,30901,Construction Engineering,,,,,,,TRUE,FALSE,,TRUE
41304,PM2 Pty Ltd,ONSHIFT EDUCATION;PM SQUARED,RIICTT301E,Conduct fluid assisted directional boring,N,Unit of competency,Current,31/01/2020,Current,31/01/2020,,"Deliver and assess , Granted",18/08/2023,06/10/2029,Implicit,FALSE,FALSE,FALSE,FALSE,FALSE,FALSE,FALSE,FALSE,FALSE,,,RIICTT301D,TRUE,1,31/01/2020,RII,Resources and Infrastructure Industry Training Package,FALSE,Mining and Automotive Skills Alliance,,,,,,Skills and Workforce Ministerial Council,,,,,30717,Plant And Machine Operations,,,,,,,FALSE,FALSE,,FALSE
41304,PM2 Pty Ltd,ONSHIFT EDUCATION;PM SQUARED,RIICTT302E,"Conduct impact moling, ramming and augering operations",N,Unit of competency,Current,31/01/2020,Current,31/01/2020,,"Deliver and assess , Granted",18/08/2023,06/10/2029,Implicit,FALSE,FALSE,FALSE,FALSE,FALSE,FALSE,FALSE,FALSE,FALSE,,,RIICTT302D,TRUE,1,31/01/2020,RII,Resources and Infrastructure Industry Training Package,FALSE,Mining and Automotive Skills Alliance,,,,,,Skills and Workforce Ministerial Council,,,,,30717,Plant And Machine Operations,,,,,,,FALSE,FALSE,,FALSE
41304,PM2 Pty Ltd,ONSHIFT EDUCATION;PM SQUARED,RIICTT303E,Control micro tunnelling and pipe-jacking operations,N,Unit of competency,Current,31/01/2020,Current,31/01/2020,,"Deliver and assess , Granted",18/08/2023,06/10/2029,Implicit,FALSE,FALSE,FALSE,FALSE,FALSE,FALSE,FALSE,FALSE,FALSE,,,RIICTT303D,TRUE,1,31/01/2020,RII,Resources and Infrastructure Industry Training Package,FALSE,Mining and Automotive Skills Alliance,,,,,,Skills and Workforce Ministerial Council,,,,,30717,Plant And Machine Operations,,,,,,,FALSE,FALSE,,FALSE
41304,PM2 Pty Ltd,ONSHIFT EDUCATION;PM SQUARED,RIICTT304E,Undertake on-line replacement for existing pipeline systems,N,Unit of competency,Current,31/01/2020,Current,31/01/2020,,"Deliver and assess , Granted",18/08/2023,06/10/2029,Implicit,FALSE,FALSE,FALSE,FALSE,FALSE,FALSE,FALSE,FALSE,FALSE,,,RIICTT304D,TRUE,1,31/01/2020,RII,Resources and Infrastructure Industry Training Package,FALSE,Mining and Automotive Skills Alliance,,,,,,Skills and Workforce Ministerial Council,,,,,40327,Plumbing,,,,,,,FALSE,FALSE,,FALSE
41304,PM2 Pty Ltd,ONSHIFT EDUCATION;PM SQUARED,RIICTT305E,Undertake localised repair and sealing of existing pipeline systems,N,Unit of competency,Current,31/01/2020,Current,31/01/2020,,"Deliver and assess , Granted",18/08/2023,06/10/2029,Implicit,FALSE,FALSE,FALSE,FALSE,FALSE,FALSE,FALSE,FALSE,FALSE,,,RIICTT305D,TRUE,1,31/01/2020,RII,Resources and Infrastructure Industry Training Package,FALSE,Mining and Automotive Skills Alliance,,,,,,Skills and Workforce Ministerial Council,,,,,40327,Plumbing,,,,,,,FALSE,FALSE,,FALSE
41304,PM2 Pty Ltd,ONSHIFT EDUCATION;PM SQUARED,RIICTT306E,Install cure in-place linings for existing pipeline systems,N,Unit of competency,Current,31/01/2020,Current,31/01/2020,,"Deliver and assess , Granted",18/08/2023,06/10/2029,Implicit,FALSE,FALSE,FALSE,FALSE,FALSE,FALSE,FALSE,FALSE,FALSE,,,RIICTT306D,TRUE,1,31/01/2020,RII,Resources and Infrastructure Industry Training Package,FALSE,Mining and Automotive Skills Alliance,,,,,,Skills and Workforce Ministerial Council,,,,,40327,Plumbing,,,,,,,FALSE,FALSE,,FALSE
41304,PM2 Pty Ltd,ONSHIFT EDUCATION;PM SQUARED,RIICTT307E,Spray linings for existing pipeline systems,N,Unit of competency,Current,31/01/2020,Current,31/01/2020,,"Deliver and assess , Granted",18/08/2023,06/10/2029,Implicit,FALSE,FALSE,FALSE,FALSE,FALSE,FALSE,FALSE,FALSE,FALSE,,,RIICTT307D,TRUE,1,31/01/2020,RII,Resources and Infrastructure Industry Training Package,FALSE,Mining and Automotive Skills Alliance,,,,,,Skills and Workforce Ministerial Council,,,,,40327,Plumbing,,,,,,,FALSE,FALSE,,FALSE
41304,PM2 Pty Ltd,ONSHIFT EDUCATION;PM SQUARED,RIICTT308E,Install close-fit linings for existing pipeline systems,N,Unit of competency,Current,31/01/2020,Current,31/01/2020,,"Deliver and assess , Granted",18/08/2023,06/10/2029,Implicit,FALSE,FALSE,FALSE,FALSE,FALSE,FALSE,FALSE,FALSE,FALSE,,,RIICTT308D,TRUE,1,31/01/2020,RII,Resources and Infrastructure Industry Training Package,FALSE,Mining and Automotive Skills Alliance,,,,,,Skills and Workforce Ministerial Council,,,,,40327,Plumbing,,,,,,,FALSE,FALSE,,FALSE
41304,PM2 Pty Ltd,ONSHIFT EDUCATION;PM SQUARED,RIICTT309E,Install slip lining in existing pipeline systems,N,Unit of competency,Current,31/01/2020,Current,31/01/2020,,"Deliver and assess , Granted",18/08/2023,06/10/2029,Implicit,FALSE,FALSE,FALSE,FALSE,FALSE,FALSE,FALSE,FALSE,FALSE,,,RIICTT309D,TRUE,1,31/01/2020,RII,Resources and Infrastructure Industry Training Package,FALSE,Mining and Automotive Skills Alliance,,,,,,Skills and Workforce Ministerial Council,,,,,40327,Plumbing,,,,,,,FALSE,FALSE,,FALSE
41304,PM2 Pty Ltd,ONSHIFT EDUCATION;PM SQUARED,RIICTT310E,Renovate large diameter pipes and chambers,N,Unit of competency,Current,31/01/2020,Current,31/01/2020,,"Deliver and assess , Granted",18/08/2023,06/10/2029,Implicit,FALSE,FALSE,FALSE,FALSE,FALSE,FALSE,FALSE,FALSE,FALSE,,,RIICTT310D,TRUE,1,31/01/2020,RII,Resources and Infrastructure Industry Training Package,FALSE,Mining and Automotive Skills Alliance,,,,,,Skills and Workforce Ministerial Council,,,,,40327,Plumbing,,,,,,,FALSE,FALSE,,FALSE
41304,PM2 Pty Ltd,ONSHIFT EDUCATION;PM SQUARED,RIICTT401E,Supervise the installation of underground services using trenchless technology,N,Unit of competency,Current,25/01/2021,Current,25/01/2021,,"Deliver and assess , Granted",18/08/2023,06/10/2029,Implicit,FALSE,FALSE,FALSE,FALSE,FALSE,FALSE,FALSE,FALSE,FALSE,,,RIICTT401D,TRUE,1,25/01/2021,RII,Resources and Infrastructure Industry Training Package,FALSE,Mining and Automotive Skills Alliance,,,,,,Skills and Workforce Ministerial Council,,,,,30901,Construction Engineering,,,,,,,TRUE,FALSE,,FALSE
41304,PM2 Pty Ltd,ONSHIFT EDUCATION;PM SQUARED,RIICTT402E,Supervise repair and rehabilitation of underground services using trenchless technology,N,Unit of competency,Current,25/01/2021,Current,25/01/2021,,"Deliver and assess , Granted",18/08/2023,06/10/2029,Implicit,FALSE,FALSE,FALSE,FALSE,FALSE,FALSE,FALSE,FALSE,FALSE,,,RIICTT402D,TRUE,1,25/01/2021,RII,Resources and Infrastructure Industry Training Package,FALSE,Mining and Automotive Skills Alliance,,,,,,Skills and Workforce Ministerial Council,,,,,30901,Construction Engineering,,,,,,,TRUE,FALSE,,FALSE
41304,PM2 Pty Ltd,ONSHIFT EDUCATION;PM SQUARED,RIICWD503E,Prepare traffic management plans and traffic guidance schemes,N,Unit of competency,Current,31/01/2020,Current,31/01/2020,,"Deliver and assess , Granted",23/05/2022,06/10/2029,Implicit,FALSE,FALSE,FALSE,FALSE,FALSE,FALSE,FALSE,FALSE,FALSE,,,RIICWD503D,TRUE,1,31/01/2020,RII,Resources and Infrastructure Industry Training Package,FALSE,Mining and Automotive Skills Alliance,,,,,,Skills and Workforce Ministerial Council,,,,,30901,Construction Engineering,,,,,,,FALSE,FALSE,,FALSE
41304,PM2 Pty Ltd,ONSHIFT EDUCATION;PM SQUARED,RIICWD525E,Select pavement surfacing,N,Unit of competency,Current,25/01/2021,Current,25/01/2021,,"Deliver and assess , Granted",18/08/2023,06/10/2029,Implicit,FALSE,FALSE,FALSE,FALSE,FALSE,FALSE,FALSE,FALSE,FALSE,,,RIICWD525D,TRUE,1,25/01/2021,RII,Resources and Infrastructure Industry Training Package,FALSE,Mining and Automotive Skills Alliance,,,,,,Skills and Workforce Ministerial Council,,,,,30901,Construction Engineering,,,,,,,TRUE,FALSE,,FALSE
41304,PM2 Pty Ltd,ONSHIFT EDUCATION;PM SQUARED,RIICWM401E,Supervise civil works,N,Unit of competency,Current,25/01/2021,Current,25/01/2021,,"Deliver and assess , Granted",18/08/2023,06/10/2029,Implicit,FALSE,FALSE,FALSE,FALSE,FALSE,FALSE,FALSE,FALSE,FALSE,,,RIICWM401D,TRUE,1,25/01/2021,RII,Resources and Infrastructure Industry Training Package,FALSE,Mining and Automotive Skills Alliance,,,,,,Skills and Workforce Ministerial Council,,,,,30901,Construction Engineering,,,,,,,TRUE,FALSE,,FALSE
41304,PM2 Pty Ltd,ONSHIFT EDUCATION;PM SQUARED,RIICWM402E,Supervise civil works contractors,N,Unit of competency,Current,25/01/2021,Current,25/01/2021,,"Deliver and assess , Granted",18/08/2023,06/10/2029,Implicit,FALSE,FALSE,FALSE,FALSE,FALSE,FALSE,FALSE,FALSE,FALSE,,,RIICWM402D,TRUE,1,25/01/2021,RII,Resources and Infrastructure Industry Training Package,FALSE,Mining and Automotive Skills Alliance,,,,,,Skills and Workforce Ministerial Council,,,,,30901,Construction Engineering,,,,,,,TRUE,FALSE,,FALSE
41304,PM2 Pty Ltd,ONSHIFT EDUCATION;PM SQUARED,RIICWM503E,Prepare civil works cost estimates,N,Unit of competency,Current,25/01/2021,Current,25/01/2021,,"Deliver and assess , Granted",18/08/2023,06/10/2029,Implicit,FALSE,FALSE,FALSE,FALSE,FALSE,FALSE,FALSE,FALSE,FALSE,,,RIICWM503D,TRUE,1,25/01/2021,RII,Resources and Infrastructure Industry Training Package,FALSE,Mining and Automotive Skills Alliance,,,,,,Skills and Workforce Ministerial Council,,,,,40307,Building Construction Economics,,,,,,,TRUE,FALSE,,FALSE
41304,PM2 Pty Ltd,ONSHIFT EDUCATION;PM SQUARED,RIICWM504E,Prepare civil works bill of quantities,N,Unit of competency,Current,25/01/2021,Current,25/01/2021,,"Deliver and assess , Granted",18/08/2023,06/10/2029,Implicit,FALSE,FALSE,FALSE,FALSE,FALSE,FALSE,FALSE,FALSE,FALSE,,,RIICWM504D,TRUE,1,25/01/2021,RII,Resources and Infrastructure Industry Training Package,FALSE,Mining and Automotive Skills Alliance,,,,,,Skills and Workforce Ministerial Council,,,,,40305,Building Surveying,,,,,,,TRUE,FALSE,,FALSE
41304,PM2 Pty Ltd,ONSHIFT EDUCATION;PM SQUARED,RIICWM505E,Prepare civil works schedule of rates,N,Unit of competency,Current,25/01/2021,Current,25/01/2021,,"Deliver and assess , Granted",18/08/2023,06/10/2029,Implicit,FALSE,FALSE,FALSE,FALSE,FALSE,FALSE,FALSE,FALSE,FALSE,,,RIICWM505D,TRUE,1,25/01/2021,RII,Resources and Infrastructure Industry Training Package,FALSE,Mining and Automotive Skills Alliance,,,,,,Skills and Workforce Ministerial Council,,,,,30901,Construction Engineering,,,,,,,TRUE,FALSE,,FALSE
41304,PM2 Pty Ltd,ONSHIFT EDUCATION;PM SQUARED,RIIDML401E,Supervise demolitions,N,Unit of competency,Current,25/01/2021,Current,25/01/2021,,"Deliver and assess , Granted",18/08/2023,06/10/2029,Implicit,FALSE,FALSE,FALSE,FALSE,FALSE,FALSE,FALSE,FALSE,FALSE,,,RIIDML401D,TRUE,1,25/01/2021,RII,Resources and Infrastructure Industry Training Package,FALSE,Mining and Automotive Skills Alliance,,,,,,Skills and Workforce Ministerial Council,,,,,30901,Construction Engineering,,,,,,,TRUE,FALSE,,FALSE
41304,PM2 Pty Ltd,ONSHIFT EDUCATION;PM SQUARED,RIIENV201E,Identify and assess environmental and heritage concerns,N,Unit of competency,Current,23/09/2020,Current,23/09/2020,,"Deliver and assess , Granted",13/10/2023,06/10/2029,Implicit,FALSE,FALSE,FALSE,FALSE,FALSE,FALSE,FALSE,FALSE,FALSE,,,RIIENV201D,TRUE,1,23/09/2020,RII,Resources and Infrastructure Industry Training Package,FALSE,Mining and Automotive Skills Alliance,,,,,,Skills and Workforce Ministerial Council,,,,,10709,Soil Science,,,,,,,TRUE,FALSE,,FALSE
41304,PM2 Pty Ltd,ONSHIFT EDUCATION;PM SQUARED,RIIENV302E,Apply environmentally sustainable work practices,N,Unit of competency,Current,23/09/2020,Current,23/09/2020,,"Deliver and assess , Granted",13/10/2023,06/10/2029,Implicit,FALSE,FALSE,FALSE,FALSE,FALSE,FALSE,FALSE,FALSE,FALSE,,,RIIENV302D,TRUE,1,23/09/2020,RII,Resources and Infrastructure Industry Training Package,FALSE,Mining and Automotive Skills Alliance,,,,,,Skills and Workforce Ministerial Council,,,,,50999,"Environmental Studies, N.e.c.",,,,,,,TRUE,FALSE,,FALSE
41304,PM2 Pty Ltd,ONSHIFT EDUCATION;PM SQUARED,RIIENV401E,Supervise dust and noise control,N,Unit of competency,Current,23/09/2020,Current,23/09/2020,,"Deliver and assess , Granted",18/08/2023,06/10/2029,Implicit,FALSE,FALSE,FALSE,FALSE,FALSE,FALSE,FALSE,FALSE,FALSE,,,RIIENV401D,TRUE,1,23/09/2020,RII,Resources and Infrastructure Industry Training Package,FALSE,Mining and Automotive Skills Alliance,,,,,,Skills and Workforce Ministerial Council,,,,,39901,Environmental Engineering,,,,,,,TRUE,FALSE,,FALSE
41304,PM2 Pty Ltd,ONSHIFT EDUCATION;PM SQUARED,RIIENV402E,Implement and monitor environmental policies,N,Unit of competency,Current,23/09/2020,Current,23/09/2020,,"Deliver and assess , Granted",18/08/2023,06/10/2029,Implicit,FALSE,FALSE,FALSE,FALSE,FALSE,FALSE,FALSE,FALSE,FALSE,,,RIIENV402D,TRUE,1,23/09/2020,RII,Resources and Infrastructure Industry Training Package,FALSE,Mining and Automotive Skills Alliance,,,,,,Skills and Workforce Ministerial Council,,,,,80301,Business Management,,,,,,,TRUE,FALSE,,FALSE
41304,PM2 Pty Ltd,ONSHIFT EDUCATION;PM SQUARED,RIIERR201E,Conduct fire team operations,N,Unit of competency,Current,11/12/2018,Current,11/12/2018,,"Deliver and assess , Granted",18/08/2023,06/10/2029,Implicit,FALSE,FALSE,FALSE,FALSE,FALSE,FALSE,FALSE,FALSE,FALSE,,,RIIERR201D,TRUE,1,11/12/2018,RII,Resources and Infrastructure Industry Training Package,FALSE,Mining and Automotive Skills Alliance,,,,,,Skills and Workforce Ministerial Council,,,,,39905,Fire Technology,,,,,,,TRUE,FALSE,,FALSE
41304,PM2 Pty Ltd,ONSHIFT EDUCATION;PM SQUARED,RIIERR202E,Contribute to the control of emergencies and critical situations,N,Unit of competency,Current,14/12/2015,Current,14/12/2015,,"Deliver and assess , Granted",29/08/2024,06/10/2029,Implicit,FALSE,FALSE,FALSE,FALSE,FALSE,FALSE,FALSE,FALSE,FALSE,,,RIIERR202D,FALSE,1,14/12/2015,RII,Resources and Infrastructure Industry Training Package,FALSE,Mining and Automotive Skills Alliance,,,,,,Skills and Workforce Ministerial Council,,,,,61301,Occupational Health And Safety,,,,,,,FALSE,FALSE,,FALSE
41304,PM2 Pty Ltd,ONSHIFT EDUCATION;PM SQUARED,RIIERR203E,Escape from hazardous situations unaided,N,Unit of competency,Current,02/03/2020,Current,02/03/2020,,"Deliver and assess , Granted",18/08/2023,06/10/2029,Implicit,FALSE,FALSE,FALSE,FALSE,FALSE,FALSE,FALSE,FALSE,FALSE,,,RIIERR203D,TRUE,1,02/03/2020,RII,Resources and Infrastructure Industry Training Package,FALSE,Mining and Automotive Skills Alliance,,,,,,Skills and Workforce Ministerial Council,,,,,61301,Occupational Health And Safety,,,,,,,FALSE,FALSE,,FALSE
41304,PM2 Pty Ltd,ONSHIFT EDUCATION;PM SQUARED,RIIERR205D,Apply initial response First Aid,N,Unit of competency,Current,14/11/2013,Current,14/11/2013,,"Deliver and assess , Granted",21/10/2022,06/10/2029,Explicit,TRUE,TRUE,TRUE,TRUE,TRUE,TRUE,TRUE,TRUE,FALSE,,,RIIERR205A,TRUE,4,07/12/2014,RII,Resources and Infrastructure Industry Training Package,FALSE,Mining and Automotive Skills Alliance,,,,,,Skills and Workforce Ministerial Council,,,,,69907,First Aid,,,,,,,TRUE,FALSE,,FALSE
41304,PM2 Pty Ltd,ONSHIFT EDUCATION;PM SQUARED,RIIERR301E,Respond to work site incidents,N,Unit of competency,Current,31/01/2020,Current,31/01/2020,,"Deliver and assess , Granted",18/08/2023,06/10/2029,Implicit,FALSE,FALSE,FALSE,FALSE,FALSE,FALSE,FALSE,FALSE,FALSE,,,RIIERR301D,TRUE,1,31/01/2020,RII,Resources and Infrastructure Industry Training Package,FALSE,Mining and Automotive Skills Alliance,,,,,,Skills and Workforce Ministerial Council,,,,,61301,Occupational Health And Safety,,,,,,,FALSE,FALSE,,FALSE
41304,PM2 Pty Ltd,ONSHIFT EDUCATION;PM SQUARED,RIIERR302E,Respond to local emergencies and incidents,N,Unit of competency,Current,11/12/2018,Current,11/12/2018,,"Deliver and assess , Granted",21/10/2022,06/10/2029,Explicit,TRUE,TRUE,TRUE,TRUE,TRUE,TRUE,TRUE,TRUE,FALSE,,,RIIERR302D,TRUE,1,11/12/2018,RII,Resources and Infrastructure Industry Training Package,FALSE,Mining and Automotive Skills Alliance,,,,,,Skills and Workforce Ministerial Council,,,,,80399,"Business And Management, N.e.c.",,,,,,,TRUE,FALSE,,FALSE
41304,PM2 Pty Ltd,ONSHIFT EDUCATION;PM SQUARED,RIIERR303E,Operate in self-contained regenerative oxygen breathing apparatus,N,Unit of competency,Current,31/01/2020,Current,31/01/2020,,"Deliver and assess , Granted",18/08/2023,06/10/2029,Implicit,FALSE,FALSE,FALSE,FALSE,FALSE,FALSE,FALSE,FALSE,FALSE,,,RIIERR303D,TRUE,1,31/01/2020,RII,Resources and Infrastructure Industry Training Package,FALSE,Mining and Automotive Skills Alliance,,,,,,Skills and Workforce Ministerial Council,,,,,30717,Plant And Machine Operations,,,,,,,FALSE,FALSE,,FALSE
41304,PM2 Pty Ltd,ONSHIFT EDUCATION;PM SQUARED,RIIERR305E,Control underground fires,N,Unit of competency,Current,31/01/2020,Current,31/01/2020,,"Deliver and assess , Granted",18/08/2023,06/10/2029,Implicit,FALSE,FALSE,FALSE,FALSE,FALSE,FALSE,FALSE,FALSE,FALSE,,,RIIERR305D,TRUE,2,23/09/2020,RII,Resources and Infrastructure Industry Training Package,FALSE,Mining and Automotive Skills Alliance,,,,,,Skills and Workforce Ministerial Council,,,,,39905,Fire Technology,,,,,,,FALSE,FALSE,,TRUE
41304,PM2 Pty Ltd,ONSHIFT EDUCATION;PM SQUARED,RIIERR306E,Conduct underground searches,N,Unit of competency,Current,31/01/2020,Current,31/01/2020,,"Deliver and assess , Granted",18/08/2023,06/10/2029,Implicit,FALSE,FALSE,FALSE,FALSE,FALSE,FALSE,FALSE,FALSE,FALSE,,,RIIERR306D,TRUE,1,31/01/2020,RII,Resources and Infrastructure Industry Training Package,FALSE,Mining and Automotive Skills Alliance,,,,,,Skills and Workforce Ministerial Council,,,,,61301,Occupational Health And Safety,,,,,,,FALSE,FALSE,,FALSE
41304,PM2 Pty Ltd,ONSHIFT EDUCATION;PM SQUARED,RIIERR307E,Extricate casualties from underground incidents,N,Unit of competency,Current,31/01/2020,Current,31/01/2020,,"Deliver and assess , Granted",18/08/2023,06/10/2029,Implicit,FALSE,FALSE,FALSE,FALSE,FALSE,FALSE,FALSE,FALSE,FALSE,,,RIIERR307D,TRUE,2,23/09/2020,RII,Resources and Infrastructure Industry Training Package,FALSE,Mining and Automotive Skills Alliance,,,,,,Skills and Workforce Ministerial Council,,,,,69905,Paramedical Studies,,,,,,,FALSE,FALSE,,TRUE
41304,PM2 Pty Ltd,ONSHIFT EDUCATION;PM SQUARED,RIIERR308E,Extricate and transport people involved in incidents,N,Unit of competency,Current,31/01/2020,Current,31/01/2020,,"Deliver and assess , Granted",18/08/2023,06/10/2029,Implicit,FALSE,FALSE,FALSE,FALSE,FALSE,FALSE,FALSE,FALSE,FALSE,,,RIIERR308D,TRUE,2,23/09/2020,RII,Resources and Infrastructure Industry Training Package,FALSE,Mining and Automotive Skills Alliance,,,,,,Skills and Workforce Ministerial Council,,,,,69905,Paramedical Studies,,,,,,,FALSE,FALSE,,TRUE
41304,PM2 Pty Ltd,ONSHIFT EDUCATION;PM SQUARED,RIIERR309D,Establish and operate from fresh air base,N,Unit of competency,Current,14/11/2013,Current,14/11/2013,,"Deliver and assess , Granted",18/08/2023,06/10/2029,Implicit,FALSE,FALSE,FALSE,FALSE,FALSE,FALSE,FALSE,FALSE,FALSE,,,RIIERR309A,TRUE,2,07/12/2014,RII,Resources and Infrastructure Industry Training Package,FALSE,Mining and Automotive Skills Alliance,,,,,,Skills and Workforce Ministerial Council,,,,,61301,Occupational Health And Safety,,,,,,,FALSE,FALSE,,FALSE
41304,PM2 Pty Ltd,ONSHIFT EDUCATION;PM SQUARED,RIIERR401E,Apply and monitor emergency preparedness and response systems in surface operations,N,Unit of competency,Current,31/01/2020,Current,31/01/2020,,"Deliver and assess , Granted",13/10/2023,06/10/2029,Implicit,FALSE,FALSE,FALSE,FALSE,FALSE,FALSE,FALSE,FALSE,FALSE,,,RIIERR401D,TRUE,1,31/01/2020,RII,Resources and Infrastructure Industry Training Package,FALSE,Mining and Automotive Skills Alliance,,,,,,Skills and Workforce Ministerial Council,,,,,30303,Mining Engineering,,,,,,,TRUE,FALSE,,FALSE
41304,PM2 Pty Ltd,ONSHIFT EDUCATION;PM SQUARED,RIIERR403E,Lead rescue teams,N,Unit of competency,Current,31/01/2020,Current,31/01/2020,,"Deliver and assess , Granted",13/10/2023,06/10/2029,Implicit,FALSE,FALSE,FALSE,FALSE,FALSE,FALSE,FALSE,FALSE,FALSE,,,RIIERR403D,TRUE,1,31/01/2020,RII,Resources and Infrastructure Industry Training Package,FALSE,Mining and Automotive Skills Alliance,,,,,,Skills and Workforce Ministerial Council,,,,,61301,Occupational Health And Safety,,,,,,,FALSE,FALSE,,FALSE
41304,PM2 Pty Ltd,ONSHIFT EDUCATION;PM SQUARED,RIIERR406,Provide support for rescue operations,N,Unit of competency,Current,31/01/2020,Current,31/01/2020,,"Deliver and assess , Granted",13/10/2023,06/10/2029,Implicit,FALSE,FALSE,FALSE,FALSE,FALSE,FALSE,FALSE,FALSE,FALSE,,,RIIERR310D,TRUE,1,31/01/2020,RII,Resources and Infrastructure Industry Training Package,FALSE,Mining and Automotive Skills Alliance,,,,,,Skills and Workforce Ministerial Council,,,,,61301,Occupational Health And Safety,,,,,,,FALSE,FALSE,,FALSE
41304,PM2 Pty Ltd,ONSHIFT EDUCATION;PM SQUARED,RIIGOV201E,Comply with site work processes/procedures,N,Unit of competency,Current,23/09/2020,Current,23/09/2020,,"Deliver and assess , Granted",21/10/2022,06/10/2029,Explicit,TRUE,TRUE,TRUE,TRUE,TRUE,TRUE,TRUE,TRUE,FALSE,,,RIIGOV201D,TRUE,1,23/09/2020,RII,Resources and Infrastructure Industry Training Package,FALSE,Mining and Automotive Skills Alliance,,,,,,Skills and Workforce Ministerial Council,,,,,120505,Work Practices Programmes,,,,,,,TRUE,FALSE,,FALSE
41304,PM2 Pty Ltd,ONSHIFT EDUCATION;PM SQUARED,RIIGOV401E,"Apply, monitor and report on compliance systems",N,Unit of competency,Current,23/09/2020,Current,23/09/2020,,"Deliver and assess , Granted",18/08/2023,06/10/2029,Implicit,FALSE,FALSE,FALSE,FALSE,FALSE,FALSE,FALSE,FALSE,FALSE,,,RIIGOV401D,TRUE,1,23/09/2020,RII,Resources and Infrastructure Industry Training Package,FALSE,Mining and Automotive Skills Alliance,,,,,,Skills and Workforce Ministerial Council,,,,,30303,Mining Engineering,,,,,,,TRUE,FALSE,,FALSE
41304,PM2 Pty Ltd,ONSHIFT EDUCATION;PM SQUARED,RIIHAN201E,Operate a forklift,N,Unit of competency,Current,11/12/2018,Current,11/12/2018,,"Deliver and assess , Granted",18/08/2023,06/10/2029,Implicit,FALSE,FALSE,FALSE,FALSE,FALSE,FALSE,FALSE,FALSE,FALSE,,,RIIHAN201D,TRUE,1,11/12/2018,RII,Resources and Infrastructure Industry Training Package,FALSE,Mining and Automotive Skills Alliance,,,,,,Skills and Workforce Ministerial Council,,,,,30717,Plant And Machine Operations,,,,,,,TRUE,FALSE,,FALSE
41304,PM2 Pty Ltd,ONSHIFT EDUCATION;PM SQUARED,RIIHAN203D,Conduct lifting operations,N,Unit of competency,Superseded,22/09/2020,Superseded,14/11/2013,21/09/2020,"Deliver and assess , Granted",13/10/2023,06/10/2029,Implicit,FALSE,FALSE,FALSE,FALSE,FALSE,FALSE,FALSE,FALSE,FALSE,RIIHAN203E,TRUE,RIIHAN203A,TRUE,3,07/12/2014,RII,Resources and Infrastructure Industry Training Package,FALSE,Mining and Automotive Skills Alliance,,,,,,Skills and Workforce Ministerial Council,,,,,30717,Plant And Machine Operations,,,,,,,FALSE,FALSE,,FALSE
41304,PM2 Pty Ltd,ONSHIFT EDUCATION;PM SQUARED,RIIHAN203E,Conduct lifting operations,N,Unit of competency,Current,23/09/2020,Current,23/09/2020,,"Deliver and assess , Granted",13/10/2023,06/10/2029,Implicit,FALSE,FALSE,FALSE,FALSE,FALSE,FALSE,FALSE,FALSE,FALSE,,,RIIHAN203D,TRUE,2,21/09/2021,RII,Resources and Infrastructure Industry Training Package,FALSE,Mining and Automotive Skills Alliance,,,,,,Skills and Workforce Ministerial Council,,,,,30717,Plant And Machine Operations,,,,,,,TRUE,FALSE,,FALSE
41304,PM2 Pty Ltd,ONSHIFT EDUCATION;PM SQUARED,RIIHAN204D,Load and unload cargo/goods,N,Unit of competency,Current,14/11/2013,Current,14/11/2013,,"Deliver and assess , Granted",13/10/2023,06/10/2029,Implicit,FALSE,FALSE,FALSE,FALSE,FALSE,FALSE,FALSE,FALSE,FALSE,,,RIIHAN204A,TRUE,3,07/12/2014,RII,Resources and Infrastructure Industry Training Package,FALSE,Mining and Automotive Skills Alliance,,,,,,Skills and Workforce Ministerial Council,,,,,30717,Plant And Machine Operations,,,,,,,TRUE,FALSE,,FALSE
41304,PM2 Pty Ltd,ONSHIFT EDUCATION;PM SQUARED,RIIHAN205D,Secure cargo,N,Unit of competency,Current,14/11/2013,Current,14/11/2013,,"Deliver and assess , Granted",13/10/2023,06/10/2029,Implicit,FALSE,FALSE,FALSE,FALSE,FALSE,FALSE,FALSE,FALSE,FALSE,,,RIIHAN205A,FALSE,4,07/12/2014,RII,Resources and Infrastructure Industry Training Package,FALSE,Mining and Automotive Skills Alliance,,,,,,Skills and Workforce Ministerial Council,,,,,89901,"Purchasing, Warehousing And Distribution",,,,,,,TRUE,FALSE,,FALSE
41304,PM2 Pty Ltd,ONSHIFT EDUCATION;PM SQUARED,RIIHAN206E,"Transport plant, equipment and personnel",N,Unit of competency,Current,11/12/2018,Current,11/12/2018,,"Deliver and assess , Granted",13/10/2023,06/10/2029,Implicit,FALSE,FALSE,FALSE,FALSE,FALSE,FALSE,FALSE,FALSE,FALSE,,,RIIHAN206D,TRUE,1,11/12/2018,RII,Resources and Infrastructure Industry Training Package,FALSE,Mining and Automotive Skills Alliance,,,,,,Skills and Workforce Ministerial Council,,,,,89901,"Purchasing, Warehousing And Distribution",,,,,,,TRUE,FALSE,,FALSE
41304,PM2 Pty Ltd,ONSHIFT EDUCATION;PM SQUARED,RIIHAN208D,Perform dogging,N,Unit of competency,Superseded,22/09/2020,Superseded,14/11/2013,21/09/2020,"Deliver and assess , Granted",13/10/2023,06/10/2029,Implicit,FALSE,FALSE,FALSE,FALSE,FALSE,FALSE,FALSE,FALSE,FALSE,RIIHAN208E,TRUE,RIIHAN208A,TRUE,4,11/12/2018,RII,Resources and Infrastructure Industry Training Package,FALSE,Mining and Automotive Skills Alliance,,,,,,Skills and Workforce Ministerial Council,,,,,40399,"Building, N.e.c.",,,,,,,FALSE,FALSE,,FALSE
41304,PM2 Pty Ltd,ONSHIFT EDUCATION;PM SQUARED,RIIHAN208E,Perform dogging,N,Unit of competency,Current,23/09/2020,Current,23/09/2020,,"Deliver and assess , Granted",14/06/2022,06/10/2029,Implicit,FALSE,FALSE,FALSE,FALSE,FALSE,FALSE,FALSE,FALSE,FALSE,,,RIIHAN208D,TRUE,1,23/09/2020,RII,Resources and Infrastructure Industry Training Package,FALSE,Mining and Automotive Skills Alliance,,,,,,Skills and Workforce Ministerial Council,,,,,40399,"Building, N.e.c.",,,,,,,TRUE,FALSE,,FALSE
41304,PM2 Pty Ltd,ONSHIFT EDUCATION;PM SQUARED,RIIHAN209E,Perform basic rigging,N,Unit of competency,Current,11/12/2018,Current,11/12/2018,,"Deliver and assess , Granted",13/10/2023,06/10/2029,Implicit,FALSE,FALSE,FALSE,FALSE,FALSE,FALSE,FALSE,FALSE,FALSE,,,RIIHAN209D,TRUE,1,11/12/2018,RII,Resources and Infrastructure Industry Training Package,FALSE,Mining and Automotive Skills Alliance,,,,,,Skills and Workforce Ministerial Council,,,,,40329,Scaffolding And Rigging,,,,,,,TRUE,FALSE,,FALSE
41304,PM2 Pty Ltd,ONSHIFT EDUCATION;PM SQUARED,RIIHAN210D,Perform intermediate rigging operations,N,Unit of competency,Current,14/11/2013,Current,14/11/2013,,"Deliver and assess , Granted",13/10/2023,06/10/2029,Implicit,FALSE,FALSE,FALSE,FALSE,FALSE,FALSE,FALSE,FALSE,FALSE,,,RIIHAN210A,TRUE,4,11/12/2018,RII,Resources and Infrastructure Industry Training Package,FALSE,Mining and Automotive Skills Alliance,,,,,,Skills and Workforce Ministerial Council,,,,,40329,Scaffolding And Rigging,,,,,,,TRUE,FALSE,,FALSE
41304,PM2 Pty Ltd,ONSHIFT EDUCATION;PM SQUARED,RIIHAN211D,Conduct basic scaffolding operations,N,Unit of competency,Current,14/11/2013,Current,14/11/2013,,"Deliver and assess , Granted",14/06/2022,06/10/2029,Implicit,FALSE,FALSE,FALSE,FALSE,FALSE,FALSE,FALSE,FALSE,FALSE,,,RIIHAN211A,TRUE,4,11/12/2018,RII,Resources and Infrastructure Industry Training Package,FALSE,Mining and Automotive Skills Alliance,,,,,,Skills and Workforce Ministerial Council,,,,,40329,Scaffolding And Rigging,,,,,,,TRUE,FALSE,,FALSE
41304,PM2 Pty Ltd,ONSHIFT EDUCATION;PM SQUARED,RIIHAN212E,Conduct non-slewing crane operations,N,Unit of competency,Current,11/12/2018,Current,11/12/2018,,"Deliver and assess , Granted",13/10/2023,06/10/2029,Implicit,FALSE,FALSE,FALSE,FALSE,FALSE,FALSE,FALSE,FALSE,FALSE,,,RIIHAN212D,TRUE,1,11/12/2018,RII,Resources and Infrastructure Industry Training Package,FALSE,Mining and Automotive Skills Alliance,,,,,,Skills and Workforce Ministerial Council,,,,,30717,Plant And Machine Operations,,,,,,,TRUE,FALSE,,FALSE
41304,PM2 Pty Ltd,ONSHIFT EDUCATION;PM SQUARED,RIIHAN213E,Work effectively in the drilling industry,N,Unit of competency,Current,23/09/2020,Current,23/09/2020,,"Deliver and assess , Granted",29/08/2024,06/10/2029,Implicit,FALSE,FALSE,FALSE,FALSE,FALSE,FALSE,FALSE,FALSE,FALSE,,,RIIHAN213D,TRUE,1,23/09/2020,RII,Resources and Infrastructure Industry Training Package,FALSE,Mining and Automotive Skills Alliance,,,,,,Skills and Workforce Ministerial Council,,,,,120505,Work Practices Programmes,,,,,,,TRUE,FALSE,,FALSE
41304,PM2 Pty Ltd,ONSHIFT EDUCATION;PM SQUARED,RIIHAN301E,Operate elevating work platform,N,Unit of competency,Current,11/12/2018,Current,11/12/2018,,"Deliver and assess , Granted",14/06/2022,06/10/2029,Implicit,FALSE,FALSE,FALSE,FALSE,FALSE,FALSE,FALSE,FALSE,FALSE,,,RIIHAN301D,TRUE,1,11/12/2018,RII,Resources and Infrastructure Industry Training Package,FALSE,Mining and Automotive Skills Alliance,,,,,,Skills and Workforce Ministerial Council,,,,,30717,Plant And Machine Operations,,,,,,,TRUE,FALSE,,FALSE
41304,PM2 Pty Ltd,ONSHIFT EDUCATION;PM SQUARED,RIIHAN302D,Conduct intermediate scaffolding operations,N,Unit of competency,Current,14/11/2013,Current,14/11/2013,,"Deliver and assess , Granted",18/08/2023,06/10/2029,Implicit,FALSE,FALSE,FALSE,FALSE,FALSE,FALSE,FALSE,FALSE,FALSE,,,RIIHAN302A,TRUE,4,11/12/2018,RII,Resources and Infrastructure Industry Training Package,FALSE,Mining and Automotive Skills Alliance,,,,,,Skills and Workforce Ministerial Council,,,,,40329,Scaffolding And Rigging,,,,,,,TRUE,FALSE,,FALSE
41304,PM2 Pty Ltd,ONSHIFT EDUCATION;PM SQUARED,RIIHAN304E,Conduct slewing crane operations,N,Unit of competency,Current,11/12/2018,Current,11/12/2018,,"Deliver and assess , Granted",13/10/2023,06/10/2029,Implicit,FALSE,FALSE,FALSE,FALSE,FALSE,FALSE,FALSE,FALSE,FALSE,,,RIIHAN304D,TRUE,1,11/12/2018,RII,Resources and Infrastructure Industry Training Package,FALSE,Mining and Automotive Skills Alliance,,,,,,Skills and Workforce Ministerial Council,,,,,30717,Plant And Machine Operations,,,,,,,TRUE,FALSE,,FALSE
41304,PM2 Pty Ltd,ONSHIFT EDUCATION;PM SQUARED,RIIHAN305D,Operate a gantry or overhead crane,N,Unit of competency,Current,14/11/2013,Current,14/11/2013,,"Deliver and assess , Granted",13/10/2023,06/10/2029,Implicit,FALSE,FALSE,FALSE,FALSE,FALSE,FALSE,FALSE,FALSE,FALSE,,,RIIHAN305A,TRUE,4,23/03/2022,RII,Resources and Infrastructure Industry Training Package,FALSE,Mining and Automotive Skills Alliance,,,,,,Skills and Workforce Ministerial Council,,,,,30717,Plant And Machine Operations,,,,,,,TRUE,FALSE,,FALSE
41304,PM2 Pty Ltd,ONSHIFT EDUCATION;PM SQUARED,RIIHAN307E,Operate a vehicle loading crane,N,Unit of competency,Current,11/12/2018,Current,11/12/2018,,"Deliver and assess , Granted",18/08/2023,06/10/2029,Implicit,FALSE,FALSE,FALSE,FALSE,FALSE,FALSE,FALSE,FALSE,FALSE,,,RIIHAN307D,TRUE,1,11/12/2018,RII,Resources and Infrastructure Industry Training Package,FALSE,Mining and Automotive Skills Alliance,,,,,,Skills and Workforce Ministerial Council,,,,,30717,Plant And Machine Operations,,,,,,,TRUE,FALSE,,FALSE
41304,PM2 Pty Ltd,ONSHIFT EDUCATION;PM SQUARED,RIIHAN308F,Load and unload plant,N,Unit of competency,Current,11/12/2018,Current,11/12/2018,,"Deliver and assess , Granted",14/06/2022,06/10/2029,Implicit,FALSE,FALSE,FALSE,FALSE,FALSE,FALSE,FALSE,FALSE,FALSE,,,RIIHAN308E,TRUE,1,11/12/2018,RII,Resources and Infrastructure Industry Training Package,FALSE,Mining and Automotive Skills Alliance,,,,,,Skills and Workforce Ministerial Council,,,,,30717,Plant And Machine Operations,,,,,,,TRUE,FALSE,,FALSE
41304,PM2 Pty Ltd,ONSHIFT EDUCATION;PM SQUARED,RIIHAN309F,Conduct telescopic materials handler operations,N,Unit of competency,Current,11/12/2018,Current,11/12/2018,,"Deliver and assess , Granted",23/05/2022,06/10/2029,Implicit,FALSE,FALSE,FALSE,FALSE,FALSE,FALSE,FALSE,FALSE,FALSE,,,RIIHAN309E,TRUE,1,11/12/2018,RII,Resources and Infrastructure Industry Training Package,FALSE,Mining and Automotive Skills Alliance,,,,,,Skills and Workforce Ministerial Council,,,,,30717,Plant And Machine Operations,,,,,,,TRUE,FALSE,,FALSE
41304,PM2 Pty Ltd,ONSHIFT EDUCATION;PM SQUARED,RIIHAN311F,Conduct operations with integrated tool carrier,N,Unit of competency,Current,11/12/2018,Current,11/12/2018,,"Deliver and assess , Granted",14/06/2022,06/10/2029,Implicit,FALSE,FALSE,FALSE,FALSE,FALSE,FALSE,FALSE,FALSE,FALSE,,,RIIHAN311E,TRUE,1,11/12/2018,RII,Resources and Infrastructure Industry Training Package,FALSE,Mining and Automotive Skills Alliance,,,,,,Skills and Workforce Ministerial Council,,,,,30717,Plant And Machine Operations,,,,,,,TRUE,FALSE,,FALSE
41304,PM2 Pty Ltd,ONSHIFT EDUCATION;PM SQUARED,RIIIMG301E,Maintain site records,N,Unit of competency,Current,23/09/2020,Current,23/09/2020,,"Deliver and assess , Granted",18/08/2023,06/10/2029,Implicit,FALSE,FALSE,FALSE,FALSE,FALSE,FALSE,FALSE,FALSE,FALSE,,,RIIIMG301D,TRUE,1,23/09/2020,RII,Resources and Infrastructure Industry Training Package,FALSE,Mining and Automotive Skills Alliance,,,,,,Skills and Workforce Ministerial Council,,,,,91301,Librarianship And Information Management,,,,,,,TRUE,FALSE,,FALSE
41304,PM2 Pty Ltd,ONSHIFT EDUCATION;PM SQUARED,RIILAT402E,Provide leadership in the supervision of diverse work teams,N,Unit of competency,Current,23/09/2020,Current,23/09/2020,,"Deliver and assess , Granted",18/08/2023,06/10/2029,Implicit,FALSE,FALSE,FALSE,FALSE,FALSE,FALSE,FALSE,FALSE,FALSE,,,RIILAT402D,TRUE,2,19/10/2022,RII,Resources and Infrastructure Industry Training Package,FALSE,Mining and Automotive Skills Alliance,,,,,,Skills and Workforce Ministerial Council,,,,,80303,Human Resource Management,,,,,,,FALSE,FALSE,,FALSE
41304,PM2 Pty Ltd,ONSHIFT EDUCATION;PM SQUARED,RIIMCO302D,Conduct surface miner operations,N,Unit of competency,Current,14/11/2013,Current,14/11/2013,,"Deliver and assess , Granted",13/10/2023,06/10/2029,Implicit,FALSE,FALSE,FALSE,FALSE,FALSE,FALSE,FALSE,FALSE,FALSE,,,RIIMCO302A,TRUE,2,07/12/2014,RII,Resources and Infrastructure Industry Training Package,FALSE,Mining and Automotive Skills Alliance,,,,,,Skills and Workforce Ministerial Council,,,,,30717,Plant And Machine Operations,,,,,,,TRUE,FALSE,,FALSE
41304,PM2 Pty Ltd,ONSHIFT EDUCATION;PM SQUARED,RIIMCO303E,Conduct auger miner operations,N,Unit of competency,Current,23/09/2020,Current,23/09/2020,,"Deliver and assess , Granted",13/10/2023,06/10/2029,Implicit,FALSE,FALSE,FALSE,FALSE,FALSE,FALSE,FALSE,FALSE,FALSE,,,RIIMCO303D,TRUE,2,23/03/2022,RII,Resources and Infrastructure Industry Training Package,FALSE,Mining and Automotive Skills Alliance,,,,,,Skills and Workforce Ministerial Council,,,,,30717,Plant And Machine Operations,,,,,,,TRUE,FALSE,,FALSE
41304,PM2 Pty Ltd,ONSHIFT EDUCATION;PM SQUARED,RIIMCP202D,Conduct rail dispatch operations,N,Unit of competency,Current,14/11/2013,Current,14/11/2013,,"Deliver and assess , Granted",13/10/2023,06/10/2029,Implicit,FALSE,FALSE,FALSE,FALSE,FALSE,FALSE,FALSE,FALSE,FALSE,,,RIIMCP202A,TRUE,2,07/12/2014,RII,Resources and Infrastructure Industry Training Package,FALSE,Mining and Automotive Skills Alliance,,,,,,Skills and Workforce Ministerial Council,,,,,30717,Plant And Machine Operations,,,,,,,TRUE,FALSE,,FALSE
41304,PM2 Pty Ltd,ONSHIFT EDUCATION;PM SQUARED,RIIMCP301D,Monitor plant operations for coal preparation,N,Unit of competency,Current,14/11/2013,Current,14/11/2013,,"Deliver and assess , Granted",13/10/2023,06/10/2029,Implicit,FALSE,FALSE,FALSE,FALSE,FALSE,FALSE,FALSE,FALSE,FALSE,,,RIIMCP301A,TRUE,2,07/12/2014,RII,Resources and Infrastructure Industry Training Package,FALSE,Mining and Automotive Skills Alliance,,,,,,Skills and Workforce Ministerial Council,,,,,30717,Plant And Machine Operations,,,,,,,TRUE,FALSE,,FALSE
41304,PM2 Pty Ltd,ONSHIFT EDUCATION;PM SQUARED,RIIMEX201E,Suppress dust in open-cut environments,N,Unit of competency,Current,12/03/2021,Current,12/03/2021,,"Deliver and assess , Granted",13/10/2023,06/10/2029,Implicit,FALSE,FALSE,FALSE,FALSE,FALSE,FALSE,FALSE,FALSE,FALSE,,,RIIMEX201D,TRUE,1,12/03/2021,RII,Resources and Infrastructure Industry Training Package,FALSE,Mining and Automotive Skills Alliance,,,,,,Skills and Workforce Ministerial Council,,,,,30303,Mining Engineering,,,,,,,TRUE,FALSE,,FALSE
41304,PM2 Pty Ltd,ONSHIFT EDUCATION;PM SQUARED,RIIMEX203D,Break oversize rock,N,Unit of competency,Current,14/11/2013,Current,14/11/2013,,"Deliver and assess , Granted",13/10/2023,06/10/2029,Implicit,FALSE,FALSE,FALSE,FALSE,FALSE,FALSE,FALSE,FALSE,FALSE,,,RIIMEX203B,TRUE,2,07/12/2014,RII,Resources and Infrastructure Industry Training Package,FALSE,Mining and Automotive Skills Alliance,,,,,,Skills and Workforce Ministerial Council,,,,,30303,Mining Engineering,,,,,,,FALSE,FALSE,,FALSE
41304,PM2 Pty Ltd,ONSHIFT EDUCATION;PM SQUARED,RIIMEX204D,Conduct workboat/barge operations,N,Unit of competency,Current,14/11/2013,Current,14/11/2013,,"Deliver and assess , Granted",13/10/2023,06/10/2029,Implicit,FALSE,FALSE,FALSE,FALSE,FALSE,FALSE,FALSE,FALSE,FALSE,,,RIIMEX204A,TRUE,2,07/12/2014,RII,Resources and Infrastructure Industry Training Package,FALSE,Mining and Automotive Skills Alliance,,,,,,Skills and Workforce Ministerial Council,,,,,30303,Mining Engineering,,,,,,,FALSE,FALSE,,FALSE
41304,PM2 Pty Ltd,ONSHIFT EDUCATION;PM SQUARED,RIIMEX301D,Conduct dredging operations,N,Unit of competency,Current,14/11/2013,Current,14/11/2013,,"Deliver and assess , Granted",13/10/2023,06/10/2029,Implicit,FALSE,FALSE,FALSE,FALSE,FALSE,FALSE,FALSE,FALSE,FALSE,,,RIIMEX301A,TRUE,3,07/12/2014,RII,Resources and Infrastructure Industry Training Package,FALSE,Mining and Automotive Skills Alliance,,,,,,Skills and Workforce Ministerial Council,,,,,30717,Plant And Machine Operations,,,,,,,FALSE,FALSE,,FALSE
41304,PM2 Pty Ltd,ONSHIFT EDUCATION;PM SQUARED,RIIMEX302D,Assess ground conditions,N,Unit of competency,Current,14/11/2013,Current,14/11/2013,,"Deliver and assess , Granted",13/10/2023,06/10/2029,Implicit,FALSE,FALSE,FALSE,FALSE,FALSE,FALSE,FALSE,FALSE,FALSE,,,RIIMEX302B,TRUE,3,07/12/2014,RII,Resources and Infrastructure Industry Training Package,FALSE,Mining and Automotive Skills Alliance,,,,,,Skills and Workforce Ministerial Council,,,,,30303,Mining Engineering,,,,,,,FALSE,FALSE,,FALSE
41304,PM2 Pty Ltd,ONSHIFT EDUCATION;PM SQUARED,RIIMEX303,Conduct local geotechnical risk control in surface operations,N,Unit of competency,Current,23/09/2020,Current,23/09/2020,,"Deliver and assess , Granted",13/10/2023,06/10/2029,Implicit,FALSE,FALSE,FALSE,FALSE,FALSE,FALSE,FALSE,FALSE,FALSE,,,,,1,23/09/2020,RII,Resources and Infrastructure Industry Training Package,FALSE,Mining and Automotive Skills Alliance,,,,,,Skills and Workforce Ministerial Council,,,,,30911,Geotechnical Engineering,,,,,,,TRUE,FALSE,,FALSE
41304,PM2 Pty Ltd,ONSHIFT EDUCATION;PM SQUARED,RIIMEX401D,Apply pit plan,N,Unit of competency,Current,14/11/2013,Current,14/11/2013,,"Deliver and assess , Granted",13/10/2023,06/10/2029,Implicit,FALSE,FALSE,FALSE,FALSE,FALSE,FALSE,FALSE,FALSE,FALSE,,,RIIMEX401A,TRUE,2,07/12/2014,RII,Resources and Infrastructure Industry Training Package,FALSE,Mining and Automotive Skills Alliance,,,,,,Skills and Workforce Ministerial Council,,,,,30303,Mining Engineering,,,,,,,FALSE,FALSE,,FALSE
41304,PM2 Pty Ltd,ONSHIFT EDUCATION;PM SQUARED,RIIMEX402E,Supervise dredging operations,N,Unit of competency,Current,12/03/2021,Current,12/03/2021,,"Deliver and assess , Granted",13/10/2023,06/10/2029,Implicit,FALSE,FALSE,FALSE,FALSE,FALSE,FALSE,FALSE,FALSE,FALSE,,,RIIMEX402D,TRUE,1,12/03/2021,RII,Resources and Infrastructure Industry Training Package,FALSE,Mining and Automotive Skills Alliance,,,,,,Skills and Workforce Ministerial Council,,,,,30901,Construction Engineering,,,,,,,TRUE,FALSE,,FALSE
41304,PM2 Pty Ltd,ONSHIFT EDUCATION;PM SQUARED,RIIMEX403E,Supervise canal construction,N,Unit of competency,Current,25/01/2021,Current,25/01/2021,,"Deliver and assess , Granted",18/08/2023,06/10/2029,Implicit,FALSE,FALSE,FALSE,FALSE,FALSE,FALSE,FALSE,FALSE,FALSE,,,RIIMEX403D,TRUE,1,25/01/2021,RII,Resources and Infrastructure Industry Training Package,FALSE,Mining and Automotive Skills Alliance,,,,,,Skills and Workforce Ministerial Council,,,,,30901,Construction Engineering,,,,,,,TRUE,FALSE,,FALSE
41304,PM2 Pty Ltd,ONSHIFT EDUCATION;PM SQUARED,RIIMEX404E,Apply and monitor systems for stable mining,N,Unit of competency,Current,23/09/2020,Current,23/09/2020,,"Deliver and assess , Granted",13/10/2023,06/10/2029,Implicit,FALSE,FALSE,FALSE,FALSE,FALSE,FALSE,FALSE,FALSE,FALSE,,,RIIMEX404D,TRUE,1,23/09/2020,RII,Resources and Infrastructure Industry Training Package,FALSE,Mining and Automotive Skills Alliance,,,,,,Skills and Workforce Ministerial Council,,,,,30303,Mining Engineering,,,,,,,FALSE,FALSE,,FALSE
41304,PM2 Pty Ltd,ONSHIFT EDUCATION;PM SQUARED,RIIMEX405E,Apply and monitor systems and methods of surface coal mining,N,Unit of competency,Current,23/09/2020,Current,23/09/2020,,"Deliver and assess , Granted",13/10/2023,06/10/2029,Implicit,FALSE,FALSE,FALSE,FALSE,FALSE,FALSE,FALSE,FALSE,FALSE,,,RIIMEX405D,TRUE,1,23/09/2020,RII,Resources and Infrastructure Industry Training Package,FALSE,Mining and Automotive Skills Alliance,,,,,,Skills and Workforce Ministerial Council,,,,,30303,Mining Engineering,,,,,,,FALSE,FALSE,,FALSE
41304,PM2 Pty Ltd,ONSHIFT EDUCATION;PM SQUARED,RIIMEX407,Apply and monitor the ground control management plan,N,Unit of competency,Current,23/09/2020,Current,23/09/2020,,"Deliver and assess , Granted",13/10/2023,06/10/2029,Implicit,FALSE,FALSE,FALSE,FALSE,FALSE,FALSE,FALSE,FALSE,FALSE,,,,,1,23/09/2020,RII,Resources and Infrastructure Industry Training Package,FALSE,Mining and Automotive Skills Alliance,,,,,,Skills and Workforce Ministerial Council,,,,,30303,Mining Engineering,,,,,,,TRUE,FALSE,,FALSE
41304,PM2 Pty Ltd,ONSHIFT EDUCATION;PM SQUARED,RIIMEX408,Supervise overburden dump operations,N,Unit of competency,Current,12/03/2021,Current,12/03/2021,,"Deliver and assess , Granted",13/10/2023,06/10/2029,Implicit,FALSE,FALSE,FALSE,FALSE,FALSE,FALSE,FALSE,FALSE,FALSE,,,,,1,12/03/2021,RII,Resources and Infrastructure Industry Training Package,FALSE,Mining and Automotive Skills Alliance,,,,,,Skills and Workforce Ministerial Council,,,,,30303,Mining Engineering,,,,,,,TRUE,FALSE,,FALSE
41304,PM2 Pty Ltd,ONSHIFT EDUCATION;PM SQUARED,RIIMPG301D,Control and monitor automated plant/machinery,N,Unit of competency,Current,14/11/2013,Current,14/11/2013,,"Deliver and assess , Granted",13/10/2023,06/10/2029,Implicit,FALSE,FALSE,FALSE,FALSE,FALSE,FALSE,FALSE,FALSE,FALSE,,,RIIMPG301A,TRUE,2,07/12/2014,RII,Resources and Infrastructure Industry Training Package,FALSE,Mining and Automotive Skills Alliance,,,,,,Skills and Workforce Ministerial Council,,,,,30303,Mining Engineering,,,,,,,TRUE,FALSE,,FALSE
41304,PM2 Pty Ltd,ONSHIFT EDUCATION;PM SQUARED,RIIMPO205E,Operate roller/compactor,N,Unit of competency,Current,11/12/2018,Current,11/12/2018,,"Deliver and assess , Granted",13/10/2023,06/10/2029,Implicit,FALSE,FALSE,FALSE,FALSE,FALSE,FALSE,FALSE,FALSE,FALSE,,,RIIMPO205D,TRUE,1,11/12/2018,RII,Resources and Infrastructure Industry Training Package,FALSE,Mining and Automotive Skills Alliance,,,,,,Skills and Workforce Ministerial Council,,,,,30717,Plant And Machine Operations,,,,,,,TRUE,FALSE,,FALSE
41304,PM2 Pty Ltd,ONSHIFT EDUCATION;PM SQUARED,RIIMPO206D,Conduct bulk water truck operations,N,Unit of competency,Current,14/11/2013,Current,14/11/2013,,"Deliver and assess , Granted",13/10/2023,06/10/2029,Implicit,FALSE,FALSE,FALSE,FALSE,FALSE,FALSE,FALSE,FALSE,FALSE,,,RIIMPO206B,FALSE,5,14/12/2015,RII,Resources and Infrastructure Industry Training Package,FALSE,Mining and Automotive Skills Alliance,,,,,,Skills and Workforce Ministerial Council,,,,,30717,Plant And Machine Operations,,,,,,,TRUE,FALSE,,FALSE
41304,PM2 Pty Ltd,ONSHIFT EDUCATION;PM SQUARED,RIIMPO208F,Operate support equipment,N,Unit of competency,Current,11/12/2018,Current,11/12/2018,,"Deliver and assess , Granted",13/10/2023,06/10/2029,Implicit,FALSE,FALSE,FALSE,FALSE,FALSE,FALSE,FALSE,FALSE,FALSE,,,RIIMPO208E,TRUE,1,11/12/2018,RII,Resources and Infrastructure Industry Training Package,FALSE,Mining and Automotive Skills Alliance,,,,,,Skills and Workforce Ministerial Council,,,,,30717,Plant And Machine Operations,,,,,,,TRUE,FALSE,,FALSE
41304,PM2 Pty Ltd,ONSHIFT EDUCATION;PM SQUARED,RIIMPO301E,Conduct hydraulic excavator operations,N,Unit of competency,Current,11/12/2018,Current,11/12/2018,,"Deliver and assess , Granted",13/10/2023,06/10/2029,Implicit,FALSE,FALSE,FALSE,FALSE,FALSE,FALSE,FALSE,FALSE,FALSE,,,RIIMPO301D,TRUE,1,11/12/2018,RII,Resources and Infrastructure Industry Training Package,FALSE,Mining and Automotive Skills Alliance,,,,,,Skills and Workforce Ministerial Council,,,,,30717,Plant And Machine Operations,,,,,,,TRUE,FALSE,,FALSE
41304,PM2 Pty Ltd,ONSHIFT EDUCATION;PM SQUARED,RIIMPO302E,Conduct hydraulic shovel operations,N,Unit of competency,Current,11/12/2018,Current,11/12/2018,,"Deliver and assess , Granted",13/10/2023,06/10/2029,Implicit,FALSE,FALSE,FALSE,FALSE,FALSE,FALSE,FALSE,FALSE,FALSE,,,RIIMPO302D,TRUE,1,11/12/2018,RII,Resources and Infrastructure Industry Training Package,FALSE,Mining and Automotive Skills Alliance,,,,,,Skills and Workforce Ministerial Council,,,,,30717,Plant And Machine Operations,,,,,,,TRUE,FALSE,,FALSE
41304,PM2 Pty Ltd,ONSHIFT EDUCATION;PM SQUARED,RIIMPO303E,Conduct rope shovel operations,N,Unit of competency,Current,11/12/2018,Current,11/12/2018,,"Deliver and assess , Granted",13/10/2023,06/10/2029,Implicit,FALSE,FALSE,FALSE,FALSE,FALSE,FALSE,FALSE,FALSE,FALSE,,,RIIMPO303D,TRUE,1,11/12/2018,RII,Resources and Infrastructure Industry Training Package,FALSE,Mining and Automotive Skills Alliance,,,,,,Skills and Workforce Ministerial Council,,,,,30717,Plant And Machine Operations,,,,,,,TRUE,FALSE,,FALSE
41304,PM2 Pty Ltd,ONSHIFT EDUCATION;PM SQUARED,RIIMPO304E,Conduct wheel loader operations,N,Unit of competency,Current,11/12/2018,Current,11/12/2018,,"Deliver and assess , Granted",14/06/2022,06/10/2029,Implicit,FALSE,FALSE,FALSE,FALSE,FALSE,FALSE,FALSE,FALSE,FALSE,,,RIIMPO304D,TRUE,1,11/12/2018,RII,Resources and Infrastructure Industry Training Package,FALSE,Mining and Automotive Skills Alliance,,,,,,Skills and Workforce Ministerial Council,,,,,30717,Plant And Machine Operations,,,,,,,TRUE,FALSE,,FALSE
41304,PM2 Pty Ltd,ONSHIFT EDUCATION;PM SQUARED,RIIMPO305F,Conduct coal stockpile dozer operations,N,Unit of competency,Current,11/12/2018,Current,11/12/2018,,"Deliver and assess , Granted",13/10/2023,06/10/2029,Implicit,FALSE,FALSE,FALSE,FALSE,FALSE,FALSE,FALSE,FALSE,FALSE,,,RIIMPO305E,TRUE,1,11/12/2018,RII,Resources and Infrastructure Industry Training Package,FALSE,Mining and Automotive Skills Alliance,,,,,,Skills and Workforce Ministerial Council,,,,,30717,Plant And Machine Operations,,,,,,,TRUE,FALSE,,FALSE
41304,PM2 Pty Ltd,ONSHIFT EDUCATION;PM SQUARED,RIIMPO306D,Operate plant/machinery on live stockpiles,N,Unit of competency,Current,14/11/2013,Current,14/11/2013,,"Deliver and assess , Granted",13/10/2023,06/10/2029,Implicit,FALSE,FALSE,FALSE,FALSE,FALSE,FALSE,FALSE,FALSE,FALSE,,,RIIMPO306A,FALSE,3,07/12/2014,RII,Resources and Infrastructure Industry Training Package,FALSE,Mining and Automotive Skills Alliance,,,,,,Skills and Workforce Ministerial Council,,,,,30717,Plant And Machine Operations,,,,,,,TRUE,FALSE,,FALSE
41304,PM2 Pty Ltd,ONSHIFT EDUCATION;PM SQUARED,RIIMPO308F,Conduct tracked dozer operations,N,Unit of competency,Current,11/12/2018,Current,11/12/2018,,"Deliver and assess , Granted",13/10/2023,06/10/2029,Implicit,FALSE,FALSE,FALSE,FALSE,FALSE,FALSE,FALSE,FALSE,FALSE,,,RIIMPO308E,TRUE,1,11/12/2018,RII,Resources and Infrastructure Industry Training Package,FALSE,Mining and Automotive Skills Alliance,,,,,,Skills and Workforce Ministerial Council,,,,,30717,Plant And Machine Operations,,,,,,,TRUE,FALSE,,FALSE
41304,PM2 Pty Ltd,ONSHIFT EDUCATION;PM SQUARED,RIIMPO309F,Conduct wheeled dozer operations,N,Unit of competency,Current,11/12/2018,Current,11/12/2018,,"Deliver and assess , Granted",13/10/2023,06/10/2029,Implicit,FALSE,FALSE,FALSE,FALSE,FALSE,FALSE,FALSE,FALSE,FALSE,,,RIIMPO309E,TRUE,1,11/12/2018,RII,Resources and Infrastructure Industry Training Package,FALSE,Mining and Automotive Skills Alliance,,,,,,Skills and Workforce Ministerial Council,,,,,30717,Plant And Machine Operations,,,,,,,TRUE,FALSE,,FALSE
41304,PM2 Pty Ltd,ONSHIFT EDUCATION;PM SQUARED,RIIMPO310F,Conduct grader operations,N,Unit of competency,Current,11/12/2018,Current,11/12/2018,,"Deliver and assess , Granted",13/10/2023,06/10/2029,Implicit,FALSE,FALSE,FALSE,FALSE,FALSE,FALSE,FALSE,FALSE,FALSE,,,RIIMPO310E,TRUE,2,31/01/2020,RII,Resources and Infrastructure Industry Training Package,FALSE,Mining and Automotive Skills Alliance,,,,,,Skills and Workforce Ministerial Council,,,,,30717,Plant And Machine Operations,,,,,,,TRUE,FALSE,,FALSE
41304,PM2 Pty Ltd,ONSHIFT EDUCATION;PM SQUARED,RIIMPO312E,Conduct scraper operations,N,Unit of competency,Current,11/12/2018,Current,11/12/2018,,"Deliver and assess , Granted",13/10/2023,06/10/2029,Implicit,FALSE,FALSE,FALSE,FALSE,FALSE,FALSE,FALSE,FALSE,FALSE,,,RIIMPO312D,TRUE,1,11/12/2018,RII,Resources and Infrastructure Industry Training Package,FALSE,Mining and Automotive Skills Alliance,,,,,,Skills and Workforce Ministerial Council,,,,,30717,Plant And Machine Operations,,,,,,,TRUE,FALSE,,FALSE
41304,PM2 Pty Ltd,ONSHIFT EDUCATION;PM SQUARED,RIIMPO313E,Conduct face loader operations,N,Unit of competency,Current,11/12/2018,Current,11/12/2018,,"Deliver and assess , Granted",13/10/2023,06/10/2029,Implicit,FALSE,FALSE,FALSE,FALSE,FALSE,FALSE,FALSE,FALSE,FALSE,,,RIIMPO313D,TRUE,1,11/12/2018,RII,Resources and Infrastructure Industry Training Package,FALSE,Mining and Automotive Skills Alliance,,,,,,Skills and Workforce Ministerial Council,,,,,30717,Plant And Machine Operations,,,,,,,TRUE,FALSE,,FALSE
41304,PM2 Pty Ltd,ONSHIFT EDUCATION;PM SQUARED,RIIMPO315E,Conduct tractor operations,N,Unit of competency,Current,11/12/2018,Current,11/12/2018,,"Deliver and assess , Granted",14/06/2022,06/10/2029,Implicit,FALSE,FALSE,FALSE,FALSE,FALSE,FALSE,FALSE,FALSE,FALSE,,,RIIMPO315D,TRUE,1,11/12/2018,RII,Resources and Infrastructure Industry Training Package,FALSE,Mining and Automotive Skills Alliance,,,,,,Skills and Workforce Ministerial Council,,,,,30717,Plant And Machine Operations,,,,,,,TRUE,FALSE,,FALSE
41304,PM2 Pty Ltd,ONSHIFT EDUCATION;PM SQUARED,RIIMPO316E,Conduct self-propelled compactor operations,N,Unit of competency,Current,11/12/2018,Current,11/12/2018,,"Deliver and assess , Granted",14/06/2022,06/10/2029,Implicit,FALSE,FALSE,FALSE,FALSE,FALSE,FALSE,FALSE,FALSE,FALSE,,,RIIMPO316D,TRUE,4,21/09/2021,RII,Resources and Infrastructure Industry Training Package,FALSE,Mining and Automotive Skills Alliance,,,,,,Skills and Workforce Ministerial Council,,,,,30717,Plant And Machine Operations,,,,,,,TRUE,FALSE,,FALSE
41304,PM2 Pty Ltd,ONSHIFT EDUCATION;PM SQUARED,RIIMPO317F,Conduct roller operations,N,Unit of competency,Current,11/12/2018,Current,11/12/2018,,"Deliver and assess , Granted",14/06/2022,06/10/2029,Implicit,FALSE,FALSE,FALSE,FALSE,FALSE,FALSE,FALSE,FALSE,FALSE,,,RIIMPO317E,TRUE,3,21/09/2021,RII,Resources and Infrastructure Industry Training Package,FALSE,Mining and Automotive Skills Alliance,,,,,,Skills and Workforce Ministerial Council,,,,,30717,Plant And Machine Operations,,,,,,,TRUE,FALSE,,FALSE
41304,PM2 Pty Ltd,ONSHIFT EDUCATION;PM SQUARED,RIIMPO318F,Conduct civil construction skid steer loader operations,N,Unit of competency,Current,11/12/2018,Current,11/12/2018,,"Deliver and assess , Granted",14/06/2022,06/10/2029,Implicit,FALSE,FALSE,FALSE,FALSE,FALSE,FALSE,FALSE,FALSE,FALSE,,,RIIMPO318E,TRUE,2,21/09/2021,RII,Resources and Infrastructure Industry Training Package,FALSE,Mining and Automotive Skills Alliance,,,,,,Skills and Workforce Ministerial Council,,,,,30717,Plant And Machine Operations,,,,,,,TRUE,FALSE,,FALSE
41304,PM2 Pty Ltd,ONSHIFT EDUCATION;PM SQUARED,RIIMPO319E,Conduct backhoe/loader operations,N,Unit of competency,Current,11/12/2018,Current,11/12/2018,,"Deliver and assess , Granted",14/06/2022,06/10/2029,Implicit,FALSE,FALSE,FALSE,FALSE,FALSE,FALSE,FALSE,FALSE,FALSE,,,RIIMPO319D,TRUE,2,21/09/2021,RII,Resources and Infrastructure Industry Training Package,FALSE,Mining and Automotive Skills Alliance,,,,,,Skills and Workforce Ministerial Council,,,,,30717,Plant And Machine Operations,,,,,,,TRUE,FALSE,,FALSE
41304,PM2 Pty Ltd,ONSHIFT EDUCATION;PM SQUARED,RIIMPO320F,Conduct civil construction excavator operations,N,Unit of competency,Current,11/12/2018,Current,11/12/2018,,"Deliver and assess , Granted",23/05/2022,06/10/2029,Implicit,FALSE,FALSE,FALSE,FALSE,FALSE,FALSE,FALSE,FALSE,FALSE,,,RIIMPO320E,TRUE,4,21/09/2021,RII,Resources and Infrastructure Industry Training Package,FALSE,Mining and Automotive Skills Alliance,,,,,,Skills and Workforce Ministerial Council,,,,,30717,Plant And Machine Operations,,,,,,,TRUE,FALSE,,FALSE
41304,PM2 Pty Ltd,ONSHIFT EDUCATION;PM SQUARED,RIIMPO321F,Conduct civil construction wheeled front end loader operations,N,Unit of competency,Current,11/12/2018,Current,11/12/2018,,"Deliver and assess , Granted",14/06/2022,06/10/2029,Implicit,FALSE,FALSE,FALSE,FALSE,FALSE,FALSE,FALSE,FALSE,FALSE,,,RIIMPO321E,TRUE,3,21/09/2021,RII,Resources and Infrastructure Industry Training Package,FALSE,Mining and Automotive Skills Alliance,,,,,,Skills and Workforce Ministerial Council,,,,,30717,Plant And Machine Operations,,,,,,,TRUE,FALSE,,FALSE
41304,PM2 Pty Ltd,ONSHIFT EDUCATION;PM SQUARED,RIIMPO322E,Conduct civil construction tracked front end loader operations,N,Unit of competency,Current,11/12/2018,Current,11/12/2018,,"Deliver and assess , Granted",14/06/2022,06/10/2029,Implicit,FALSE,FALSE,FALSE,FALSE,FALSE,FALSE,FALSE,FALSE,FALSE,,,RIIMPO322D,TRUE,3,21/09/2021,RII,Resources and Infrastructure Industry Training Package,FALSE,Mining and Automotive Skills Alliance,,,,,,Skills and Workforce Ministerial Council,,,,,30717,Plant And Machine Operations,,,,,,,TRUE,FALSE,,FALSE
41304,PM2 Pty Ltd,ONSHIFT EDUCATION;PM SQUARED,RIIMPO323E,Conduct civil construction dozer operations,N,Unit of competency,Current,11/12/2018,Current,11/12/2018,,"Deliver and assess , Granted",14/06/2022,06/10/2029,Implicit,FALSE,FALSE,FALSE,FALSE,FALSE,FALSE,FALSE,FALSE,FALSE,,,RIIMPO323D,TRUE,4,21/09/2021,RII,Resources and Infrastructure Industry Training Package,FALSE,Mining and Automotive Skills Alliance,,,,,,Skills and Workforce Ministerial Council,,,,,30717,Plant And Machine Operations,,,,,,,TRUE,FALSE,,FALSE
41304,PM2 Pty Ltd,ONSHIFT EDUCATION;PM SQUARED,RIIMPO324F,Conduct civil construction grader operations,N,Unit of competency,Current,11/12/2018,Current,11/12/2018,,"Deliver and assess , Granted",14/06/2022,06/10/2029,Implicit,FALSE,FALSE,FALSE,FALSE,FALSE,FALSE,FALSE,FALSE,FALSE,,,RIIMPO324E,TRUE,4,21/09/2021,RII,Resources and Infrastructure Industry Training Package,FALSE,Mining and Automotive Skills Alliance,,,,,,Skills and Workforce Ministerial Council,,,,,30717,Plant And Machine Operations,,,,,,,TRUE,FALSE,,FALSE
41304,PM2 Pty Ltd,ONSHIFT EDUCATION;PM SQUARED,RIIMPO325E,Conduct civil construction scraper operations,N,Unit of competency,Current,11/12/2018,Current,11/12/2018,,"Deliver and assess , Granted",14/06/2022,06/10/2029,Implicit,FALSE,FALSE,FALSE,FALSE,FALSE,FALSE,FALSE,FALSE,FALSE,,,RIIMPO325D,TRUE,2,21/09/2021,RII,Resources and Infrastructure Industry Training Package,FALSE,Mining and Automotive Skills Alliance,,,,,,Skills and Workforce Ministerial Council,,,,,30717,Plant And Machine Operations,,,,,,,TRUE,FALSE,,FALSE
41304,PM2 Pty Ltd,ONSHIFT EDUCATION;PM SQUARED,RIIMPO326E,Conduct water vehicle operations,N,Unit of competency,Current,11/12/2018,Current,11/12/2018,,"Deliver and assess , Granted",14/06/2022,06/10/2029,Implicit,FALSE,FALSE,FALSE,FALSE,FALSE,FALSE,FALSE,FALSE,FALSE,,,RIIMPO326D,TRUE,1,11/12/2018,RII,Resources and Infrastructure Industry Training Package,FALSE,Mining and Automotive Skills Alliance,,,,,,Skills and Workforce Ministerial Council,,,,,30717,Plant And Machine Operations,,,,,,,TRUE,FALSE,,FALSE
41304,PM2 Pty Ltd,ONSHIFT EDUCATION;PM SQUARED,RIIMPO327E,Conduct pipe layer operations,N,Unit of competency,Current,11/12/2018,Current,11/12/2018,,"Deliver and assess , Granted",14/06/2022,06/10/2029,Implicit,FALSE,FALSE,FALSE,FALSE,FALSE,FALSE,FALSE,FALSE,FALSE,,,RIIMPO327D,TRUE,3,21/09/2021,RII,Resources and Infrastructure Industry Training Package,FALSE,Mining and Automotive Skills Alliance,,,,,,Skills and Workforce Ministerial Council,,,,,30717,Plant And Machine Operations,,,,,,,TRUE,FALSE,,FALSE
41304,PM2 Pty Ltd,ONSHIFT EDUCATION;PM SQUARED,RIIMPO328E,Conduct continuous bucket trencher operations,N,Unit of competency,Current,11/12/2018,Current,11/12/2018,,"Deliver and assess , Granted",14/06/2022,06/10/2029,Implicit,FALSE,FALSE,FALSE,FALSE,FALSE,FALSE,FALSE,FALSE,FALSE,,,RIIMPO328D,TRUE,2,21/09/2021,RII,Resources and Infrastructure Industry Training Package,FALSE,Mining and Automotive Skills Alliance,,,,,,Skills and Workforce Ministerial Council,,,,,30717,Plant And Machine Operations,,,,,,,TRUE,FALSE,,FALSE
41304,PM2 Pty Ltd,ONSHIFT EDUCATION;PM SQUARED,RIIMPO329F,Conduct dragline operations,N,Unit of competency,Current,02/03/2020,Current,02/03/2020,,"Deliver and assess , Granted",13/10/2023,06/10/2029,Implicit,FALSE,FALSE,FALSE,FALSE,FALSE,FALSE,FALSE,FALSE,FALSE,,,RIIMPO329D,TRUE,2,25/01/2021,RII,Resources and Infrastructure Industry Training Package,FALSE,Mining and Automotive Skills Alliance,,,,,,Skills and Workforce Ministerial Council,,,,,30717,Plant And Machine Operations,,,,,,,TRUE,FALSE,,FALSE
41304,PM2 Pty Ltd,ONSHIFT EDUCATION;PM SQUARED,RIIMPO331E,Conduct operations with stockpile dozer,N,Unit of competency,Current,11/12/2018,Current,11/12/2018,,"Deliver and assess , Granted",13/10/2023,06/10/2029,Implicit,FALSE,FALSE,FALSE,FALSE,FALSE,FALSE,FALSE,FALSE,FALSE,,,RIIMPO331D,TRUE,2,31/01/2020,RII,Resources and Infrastructure Industry Training Package,FALSE,Mining and Automotive Skills Alliance,,,,,,Skills and Workforce Ministerial Council,,,,,30717,Plant And Machine Operations,,,,,,,TRUE,FALSE,,FALSE
41304,PM2 Pty Ltd,ONSHIFT EDUCATION;PM SQUARED,RIIMPO334E,Conduct skid steer loader operations using attachments,N,Unit of competency,Current,11/12/2018,Current,11/12/2018,,"Deliver and assess , Granted",18/08/2023,06/10/2029,Implicit,FALSE,FALSE,FALSE,FALSE,FALSE,FALSE,FALSE,FALSE,FALSE,,,RIIMPO334D,TRUE,3,21/09/2021,RII,Resources and Infrastructure Industry Training Package,FALSE,Mining and Automotive Skills Alliance,,,,,,Skills and Workforce Ministerial Council,,,,,30717,Plant And Machine Operations,,,,,,,TRUE,FALSE,,FALSE
41304,PM2 Pty Ltd,ONSHIFT EDUCATION;PM SQUARED,RIIMPO335E,Conduct skid steer loader operations without attachments,N,Unit of competency,Current,11/12/2018,Current,11/12/2018,,"Deliver and assess , Granted",13/10/2023,06/10/2029,Implicit,FALSE,FALSE,FALSE,FALSE,FALSE,FALSE,FALSE,FALSE,FALSE,,,RIIMPO335D,TRUE,2,21/09/2021,RII,Resources and Infrastructure Industry Training Package,FALSE,Mining and Automotive Skills Alliance,,,,,,Skills and Workforce Ministerial Council,,,,,30717,Plant And Machine Operations,,,,,,,TRUE,FALSE,,FALSE
41304,PM2 Pty Ltd,ONSHIFT EDUCATION;PM SQUARED,RIIMPO336E,Conduct belly dump truck operations,N,Unit of competency,Current,11/12/2018,Current,11/12/2018,,"Deliver and assess , Granted",14/06/2022,06/10/2029,Implicit,FALSE,FALSE,FALSE,FALSE,FALSE,FALSE,FALSE,FALSE,FALSE,,,RIIMPO336D,TRUE,1,11/12/2018,RII,Resources and Infrastructure Industry Training Package,FALSE,Mining and Automotive Skills Alliance,,,,,,Skills and Workforce Ministerial Council,,,,,30717,Plant And Machine Operations,,,,,,,TRUE,FALSE,,FALSE
41304,PM2 Pty Ltd,ONSHIFT EDUCATION;PM SQUARED,RIIMPO337E,Conduct articulated haul truck operations,N,Unit of competency,Current,11/12/2018,Current,11/12/2018,,"Deliver and assess , Granted",14/06/2022,06/10/2029,Implicit,FALSE,FALSE,FALSE,FALSE,FALSE,FALSE,FALSE,FALSE,FALSE,,,RIIMPO337D,TRUE,2,23/09/2020,RII,Resources and Infrastructure Industry Training Package,FALSE,Mining and Automotive Skills Alliance,,,,,,Skills and Workforce Ministerial Council,,,,,30717,Plant And Machine Operations,,,,,,,TRUE,FALSE,,FALSE
41304,PM2 Pty Ltd,ONSHIFT EDUCATION;PM SQUARED,RIIMPO338E,Conduct rigid haul truck operations,N,Unit of competency,Current,11/12/2018,Current,11/12/2018,,"Deliver and assess , Granted",14/06/2022,06/10/2029,Implicit,FALSE,FALSE,FALSE,FALSE,FALSE,FALSE,FALSE,FALSE,FALSE,,,RIIMPO338D,TRUE,1,11/12/2018,RII,Resources and Infrastructure Industry Training Package,FALSE,Mining and Automotive Skills Alliance,,,,,,Skills and Workforce Ministerial Council,,,,,30717,Plant And Machine Operations,,,,,,,TRUE,FALSE,,FALSE
41304,PM2 Pty Ltd,ONSHIFT EDUCATION;PM SQUARED,RIIMPO339A,Conduct side tipper operations,N,Unit of competency,Current,11/12/2018,Current,11/12/2018,,"Deliver and assess , Granted",18/08/2023,06/10/2029,Implicit,FALSE,FALSE,FALSE,FALSE,FALSE,FALSE,FALSE,FALSE,FALSE,,,,,1,11/12/2018,RII,Resources and Infrastructure Industry Training Package,FALSE,Mining and Automotive Skills Alliance,,,,,,Skills and Workforce Ministerial Council,,,,,30717,Plant And Machine Operations,,,,,,,TRUE,FALSE,,FALSE
41304,PM2 Pty Ltd,ONSHIFT EDUCATION;PM SQUARED,RIIMPO401D,Supervise mobile plant operations,N,Unit of competency,Current,14/11/2013,Current,14/11/2013,,"Deliver and assess , Granted",13/10/2023,06/10/2029,Implicit,FALSE,FALSE,FALSE,FALSE,FALSE,FALSE,FALSE,FALSE,FALSE,,,RIIMPO401A,TRUE,3,07/12/2014,RII,Resources and Infrastructure Industry Training Package,FALSE,Mining and Automotive Skills Alliance,,,,,,Skills and Workforce Ministerial Council,,,,,30717,Plant And Machine Operations,,,,,,,TRUE,FALSE,,FALSE
41304,PM2 Pty Ltd,ONSHIFT EDUCATION;PM SQUARED,RIIMPO402D,Apply the principles of earthworks construction,N,Unit of competency,Current,14/11/2013,Current,14/11/2013,,"Deliver and assess , Granted",18/08/2023,06/10/2029,Implicit,FALSE,FALSE,FALSE,FALSE,FALSE,FALSE,FALSE,FALSE,FALSE,,,RIIMPO402A,TRUE,4,23/09/2020,RII,Resources and Infrastructure Industry Training Package,FALSE,Mining and Automotive Skills Alliance,,,,,,Skills and Workforce Ministerial Council,,,,,30901,Construction Engineering,,,,,,,TRUE,FALSE,,FALSE
41304,PM2 Pty Ltd,ONSHIFT EDUCATION;PM SQUARED,RIIMPO403D,Monitor interaction of heavy and light vehicles and mining equipment,N,Unit of competency,Current,14/11/2013,Current,14/11/2013,,"Deliver and assess , Granted",13/10/2023,06/10/2029,Implicit,FALSE,FALSE,FALSE,FALSE,FALSE,FALSE,FALSE,FALSE,FALSE,,,RIIMPO403A,TRUE,3,07/12/2014,RII,Resources and Infrastructure Industry Training Package,FALSE,Mining and Automotive Skills Alliance,,,,,,Skills and Workforce Ministerial Council,,,,,30303,Mining Engineering,,,,,,,TRUE,FALSE,,FALSE
41304,PM2 Pty Ltd,ONSHIFT EDUCATION;PM SQUARED,RIINHB201E,"Load, secure and unload drilling equipment and materials",N,Unit of competency,Current,23/09/2020,Current,23/09/2020,,"Deliver and assess , Granted",29/08/2024,06/10/2029,Implicit,FALSE,FALSE,FALSE,FALSE,FALSE,FALSE,FALSE,FALSE,FALSE,,,RIINHB201D,TRUE,1,23/09/2020,RII,Resources and Infrastructure Industry Training Package,FALSE,Mining and Automotive Skills Alliance,,,,,,Skills and Workforce Ministerial Council,,,,,30717,Plant And Machine Operations,,,,,,,TRUE,FALSE,,FALSE
41304,PM2 Pty Ltd,ONSHIFT EDUCATION;PM SQUARED,RIINHB202E,Set up and pack up drill sites,N,Unit of competency,Current,23/09/2020,Current,23/09/2020,,"Deliver and assess , Granted",29/04/2024,06/10/2029,Implicit,FALSE,FALSE,FALSE,FALSE,FALSE,FALSE,FALSE,FALSE,FALSE,,,RIINHB202D,TRUE,1,23/09/2020,RII,Resources and Infrastructure Industry Training Package,FALSE,Mining and Automotive Skills Alliance,,,,,,Skills and Workforce Ministerial Council,,,,,30303,Mining Engineering,,,,,,,FALSE,FALSE,,FALSE
41304,PM2 Pty Ltd,ONSHIFT EDUCATION;PM SQUARED,RIINHB203E,Support drilling processes,N,Unit of competency,Current,23/09/2020,Current,23/09/2020,,"Deliver and assess , Granted",29/08/2024,06/10/2029,Implicit,FALSE,FALSE,FALSE,FALSE,FALSE,FALSE,FALSE,FALSE,FALSE,,,RIINHB203D,TRUE,1,23/09/2020,RII,Resources and Infrastructure Industry Training Package,FALSE,Mining and Automotive Skills Alliance,,,,,,Skills and Workforce Ministerial Council,,,,,30303,Mining Engineering,,,,,,,TRUE,FALSE,,FALSE
41304,PM2 Pty Ltd,ONSHIFT EDUCATION;PM SQUARED,RIINHB205F,Assist continuous flight auger drilling,N,Unit of competency,Current,23/09/2020,Current,23/09/2020,,"Deliver and assess , Granted",29/08/2024,06/10/2029,Implicit,FALSE,FALSE,FALSE,FALSE,FALSE,FALSE,FALSE,FALSE,FALSE,,,RIINHB205E,TRUE,1,23/09/2020,RII,Resources and Infrastructure Industry Training Package,FALSE,Mining and Automotive Skills Alliance,,,,,,Skills and Workforce Ministerial Council,,,,,30303,Mining Engineering,,,,,,,FALSE,FALSE,,FALSE
41304,PM2 Pty Ltd,ONSHIFT EDUCATION;PM SQUARED,RIINHB206E,Assist large diameter auger drilling,N,Unit of competency,Current,14/12/2015,Current,14/12/2015,,"Deliver and assess , Granted",29/08/2024,06/10/2029,Implicit,FALSE,FALSE,FALSE,FALSE,FALSE,FALSE,FALSE,FALSE,FALSE,,,RIINHB206D,FALSE,1,14/12/2015,RII,Resources and Infrastructure Industry Training Package,FALSE,Mining and Automotive Skills Alliance,,,,,,Skills and Workforce Ministerial Council,,,,,30303,Mining Engineering,,,,,,,FALSE,FALSE,,FALSE
41304,PM2 Pty Ltd,ONSHIFT EDUCATION;PM SQUARED,RIINHB208E,Assist diamond core drilling,N,Unit of competency,Current,23/09/2020,Current,23/09/2020,,"Deliver and assess , Granted",29/08/2024,06/10/2029,Implicit,FALSE,FALSE,FALSE,FALSE,FALSE,FALSE,FALSE,FALSE,FALSE,,,RIINHB208D,TRUE,1,23/09/2020,RII,Resources and Infrastructure Industry Training Package,FALSE,Mining and Automotive Skills Alliance,,,,,,Skills and Workforce Ministerial Council,,,,,30303,Mining Engineering,,,,,,,FALSE,FALSE,,FALSE
41304,PM2 Pty Ltd,ONSHIFT EDUCATION;PM SQUARED,RIINHB210E,Assist surface directional drilling,N,Unit of competency,Current,23/09/2020,Current,23/09/2020,,"Deliver and assess , Granted",29/08/2024,06/10/2029,Implicit,FALSE,FALSE,FALSE,FALSE,FALSE,FALSE,FALSE,FALSE,FALSE,,,RIINHB210D,TRUE,1,23/09/2020,RII,Resources and Infrastructure Industry Training Package,FALSE,Mining and Automotive Skills Alliance,,,,,,Skills and Workforce Ministerial Council,,,,,30303,Mining Engineering,,,,,,,FALSE,FALSE,,FALSE
41304,PM2 Pty Ltd,ONSHIFT EDUCATION;PM SQUARED,RIINHB211E,Assist mud rotary drilling,N,Unit of competency,Current,23/09/2020,Current,23/09/2020,,"Deliver and assess , Granted",29/08/2024,06/10/2029,Implicit,FALSE,FALSE,FALSE,FALSE,FALSE,FALSE,FALSE,FALSE,FALSE,,,RIINHB211D,TRUE,1,23/09/2020,RII,Resources and Infrastructure Industry Training Package,FALSE,Mining and Automotive Skills Alliance,,,,,,Skills and Workforce Ministerial Council,,,,,30303,Mining Engineering,,,,,,,FALSE,FALSE,,FALSE
41304,PM2 Pty Ltd,ONSHIFT EDUCATION;PM SQUARED,RIINHB217E,Assist horizontal direction drilling,N,Unit of competency,Current,23/09/2020,Current,23/09/2020,,"Deliver and assess , Granted",29/08/2024,06/10/2029,Implicit,FALSE,FALSE,FALSE,FALSE,FALSE,FALSE,FALSE,FALSE,FALSE,,,RIINHB217D,TRUE,1,23/09/2020,RII,Resources and Infrastructure Industry Training Package,FALSE,Mining and Automotive Skills Alliance,,,,,,Skills and Workforce Ministerial Council,,,,,30303,Mining Engineering,,,,,,,TRUE,FALSE,,FALSE
41304,PM2 Pty Ltd,ONSHIFT EDUCATION;PM SQUARED,RIINHB218E,Assist grouting and cementing operations,N,Unit of competency,Current,23/09/2020,Current,23/09/2020,,"Deliver and assess , Granted",29/08/2024,06/10/2029,Implicit,FALSE,FALSE,FALSE,FALSE,FALSE,FALSE,FALSE,FALSE,FALSE,,,RIINHB218D,TRUE,1,23/09/2020,RII,Resources and Infrastructure Industry Training Package,FALSE,Mining and Automotive Skills Alliance,,,,,,Skills and Workforce Ministerial Council,,,,,30303,Mining Engineering,,,,,,,FALSE,FALSE,,FALSE
41304,PM2 Pty Ltd,ONSHIFT EDUCATION;PM SQUARED,RIINHB219E,Assist with reverse circulation drilling,N,Unit of competency,Current,23/09/2020,Current,23/09/2020,,"Deliver and assess , Granted",29/08/2024,06/10/2029,Implicit,FALSE,FALSE,FALSE,FALSE,FALSE,FALSE,FALSE,FALSE,FALSE,,,RIINHB219D,TRUE,1,23/09/2020,RII,Resources and Infrastructure Industry Training Package,FALSE,Mining and Automotive Skills Alliance,,,,,,Skills and Workforce Ministerial Council,,,,,30303,Mining Engineering,,,,,,,TRUE,FALSE,,FALSE
41304,PM2 Pty Ltd,ONSHIFT EDUCATION;PM SQUARED,RIINHB220,Assist coil tube drilling,N,Unit of competency,Current,23/09/2020,Current,23/09/2020,,"Deliver and assess , Granted",19/04/2024,06/10/2029,Implicit,FALSE,FALSE,FALSE,FALSE,FALSE,FALSE,FALSE,FALSE,FALSE,,,,,1,23/09/2020,RII,Resources and Infrastructure Industry Training Package,FALSE,Mining and Automotive Skills Alliance,,,,,,Skills and Workforce Ministerial Council,,,,,30717,Plant And Machine Operations,,,,,,,TRUE,FALSE,,FALSE
41304,PM2 Pty Ltd,ONSHIFT EDUCATION;PM SQUARED,RIINHB221,Assist rotary air drilling,N,Unit of competency,Current,23/09/2020,Current,23/09/2020,,"Deliver and assess , Granted",29/08/2024,06/10/2029,Implicit,FALSE,FALSE,FALSE,FALSE,FALSE,FALSE,FALSE,FALSE,FALSE,,,,,1,23/09/2020,RII,Resources and Infrastructure Industry Training Package,FALSE,Mining and Automotive Skills Alliance,,,,,,Skills and Workforce Ministerial Council,,,,,30717,Plant And Machine Operations,,,,,,,TRUE,FALSE,,FALSE
41304,PM2 Pty Ltd,ONSHIFT EDUCATION;PM SQUARED,RIINHB222,Assist sonic drilling operations,N,Unit of competency,Current,23/09/2020,Current,23/09/2020,,"Deliver and assess , Granted",29/08/2024,06/10/2029,Implicit,FALSE,FALSE,FALSE,FALSE,FALSE,FALSE,FALSE,FALSE,FALSE,,,,,1,23/09/2020,RII,Resources and Infrastructure Industry Training Package,FALSE,Mining and Automotive Skills Alliance,,,,,,Skills and Workforce Ministerial Council,,,,,30717,Plant And Machine Operations,,,,,,,TRUE,FALSE,,FALSE
41304,PM2 Pty Ltd,ONSHIFT EDUCATION;PM SQUARED,RIINHB301E,Set up and prepare for drilling operations,N,Unit of competency,Current,23/09/2020,Current,23/09/2020,,"Deliver and assess , Granted",29/08/2024,06/10/2029,Implicit,FALSE,FALSE,FALSE,FALSE,FALSE,FALSE,FALSE,FALSE,FALSE,,,RIINHB301D,TRUE,1,23/09/2020,RII,Resources and Infrastructure Industry Training Package,FALSE,Mining and Automotive Skills Alliance,,,,,,Skills and Workforce Ministerial Council,,,,,30303,Mining Engineering,,,,,,,FALSE,FALSE,,FALSE
41304,PM2 Pty Ltd,ONSHIFT EDUCATION;PM SQUARED,RIINHB302D,Conduct reaming,N,Unit of competency,Current,14/11/2013,Current,14/11/2013,,"Deliver and assess , Granted",29/08/2024,06/10/2029,Implicit,FALSE,FALSE,FALSE,FALSE,FALSE,FALSE,FALSE,FALSE,FALSE,,,RIINHB302A,TRUE,2,07/12/2014,RII,Resources and Infrastructure Industry Training Package,FALSE,Mining and Automotive Skills Alliance,,,,,,Skills and Workforce Ministerial Council,,,,,30303,Mining Engineering,,,,,,,TRUE,FALSE,,FALSE
41304,PM2 Pty Ltd,ONSHIFT EDUCATION;PM SQUARED,RIINHB303D,Install product pipe,N,Unit of competency,Current,14/11/2013,Current,14/11/2013,,"Deliver and assess , Granted",29/08/2024,06/10/2029,Implicit,FALSE,FALSE,FALSE,FALSE,FALSE,FALSE,FALSE,FALSE,FALSE,,,RIINHB303A,TRUE,2,07/12/2014,RII,Resources and Infrastructure Industry Training Package,FALSE,Mining and Automotive Skills Alliance,,,,,,Skills and Workforce Ministerial Council,,,,,30303,Mining Engineering,,,,,,,TRUE,FALSE,,FALSE
41304,PM2 Pty Ltd,ONSHIFT EDUCATION;PM SQUARED,RIINHB304E,Conduct reverse circulation drilling operations,N,Unit of competency,Current,23/09/2020,Current,23/09/2020,,"Deliver and assess , Granted",29/08/2024,06/10/2029,Implicit,FALSE,FALSE,FALSE,FALSE,FALSE,FALSE,FALSE,FALSE,FALSE,,,RIINHB304D,TRUE,1,23/09/2020,RII,Resources and Infrastructure Industry Training Package,FALSE,Mining and Automotive Skills Alliance,,,,,,Skills and Workforce Ministerial Council,,,,,30303,Mining Engineering,,,,,,,FALSE,FALSE,,FALSE
41304,PM2 Pty Ltd,ONSHIFT EDUCATION;PM SQUARED,RIINHB305E,Conduct continuous flight auger drilling,N,Unit of competency,Current,14/12/2015,Current,14/12/2015,,"Deliver and assess , Granted",29/08/2024,06/10/2029,Implicit,FALSE,FALSE,FALSE,FALSE,FALSE,FALSE,FALSE,FALSE,FALSE,,,RIINHB305D,FALSE,1,14/12/2015,RII,Resources and Infrastructure Industry Training Package,FALSE,Mining and Automotive Skills Alliance,,,,,,Skills and Workforce Ministerial Council,,,,,30303,Mining Engineering,,,,,,,FALSE,FALSE,,FALSE
41304,PM2 Pty Ltd,ONSHIFT EDUCATION;PM SQUARED,RIINHB306E,Conduct large diameter auger drilling,N,Unit of competency,Current,14/12/2015,Current,14/12/2015,,"Deliver and assess , Granted",29/08/2024,06/10/2029,Implicit,FALSE,FALSE,FALSE,FALSE,FALSE,FALSE,FALSE,FALSE,FALSE,,,RIINHB306D,TRUE,1,14/12/2015,RII,Resources and Infrastructure Industry Training Package,FALSE,Mining and Automotive Skills Alliance,,,,,,Skills and Workforce Ministerial Council,,,,,30303,Mining Engineering,,,,,,,FALSE,FALSE,,FALSE
41304,PM2 Pty Ltd,ONSHIFT EDUCATION;PM SQUARED,RIINHB307D,Conduct conventional core drilling,N,Unit of competency,Current,14/11/2013,Current,14/11/2013,,"Deliver and assess , Granted",13/10/2023,06/10/2029,Implicit,FALSE,FALSE,FALSE,FALSE,FALSE,FALSE,FALSE,FALSE,FALSE,,,RIINHB307B,TRUE,2,07/12/2014,RII,Resources and Infrastructure Industry Training Package,FALSE,Mining and Automotive Skills Alliance,,,,,,Skills and Workforce Ministerial Council,,,,,30303,Mining Engineering,,,,,,,FALSE,FALSE,,FALSE
41304,PM2 Pty Ltd,ONSHIFT EDUCATION;PM SQUARED,RIINHB308D,Conduct wireline core drilling,N,Unit of competency,Current,14/11/2013,Current,14/11/2013,,"Deliver and assess , Granted",29/08/2024,06/10/2029,Implicit,FALSE,FALSE,FALSE,FALSE,FALSE,FALSE,FALSE,FALSE,FALSE,,,RIINHB308A,TRUE,2,07/12/2014,RII,Resources and Infrastructure Industry Training Package,FALSE,Mining and Automotive Skills Alliance,,,,,,Skills and Workforce Ministerial Council,,,,,30303,Mining Engineering,,,,,,,FALSE,FALSE,,FALSE
41304,PM2 Pty Ltd,ONSHIFT EDUCATION;PM SQUARED,RIINHB309E,Conduct guided boring,N,Unit of competency,Current,14/12/2015,Current,14/12/2015,,"Deliver and assess , Granted",29/08/2024,06/10/2029,Implicit,FALSE,FALSE,FALSE,FALSE,FALSE,FALSE,FALSE,FALSE,FALSE,,,RIINHB309D,TRUE,1,14/12/2015,RII,Resources and Infrastructure Industry Training Package,FALSE,Mining and Automotive Skills Alliance,,,,,,Skills and Workforce Ministerial Council,,,,,30303,Mining Engineering,,,,,,,TRUE,FALSE,,FALSE
41304,PM2 Pty Ltd,ONSHIFT EDUCATION;PM SQUARED,RIINHB310D,Conduct surface directional drilling,N,Unit of competency,Current,14/11/2013,Current,14/11/2013,,"Deliver and assess , Granted",29/08/2024,06/10/2029,Implicit,FALSE,FALSE,FALSE,FALSE,FALSE,FALSE,FALSE,FALSE,FALSE,,,RIINHB310A,TRUE,2,07/12/2014,RII,Resources and Infrastructure Industry Training Package,FALSE,Mining and Automotive Skills Alliance,,,,,,Skills and Workforce Ministerial Council,,,,,30303,Mining Engineering,,,,,,,FALSE,FALSE,,FALSE
41304,PM2 Pty Ltd,ONSHIFT EDUCATION;PM SQUARED,RIINHB311E,Conduct mud rotary drilling operations,N,Unit of competency,Current,23/09/2020,Current,23/09/2020,,"Deliver and assess , Granted",29/08/2024,06/10/2029,Implicit,FALSE,FALSE,FALSE,FALSE,FALSE,FALSE,FALSE,FALSE,FALSE,,,RIINHB311D,TRUE,1,23/09/2020,RII,Resources and Infrastructure Industry Training Package,FALSE,Mining and Automotive Skills Alliance,,,,,,Skills and Workforce Ministerial Council,,,,,30303,Mining Engineering,,,,,,,FALSE,FALSE,,FALSE
41304,PM2 Pty Ltd,ONSHIFT EDUCATION;PM SQUARED,RIINHB312D,Conduct raise boring,N,Unit of competency,Current,14/11/2013,Current,14/11/2013,,"Deliver and assess , Granted",29/08/2024,06/10/2029,Implicit,FALSE,FALSE,FALSE,FALSE,FALSE,FALSE,FALSE,FALSE,FALSE,,,RIINHB312A,TRUE,2,07/12/2014,RII,Resources and Infrastructure Industry Training Package,FALSE,Mining and Automotive Skills Alliance,,,,,,Skills and Workforce Ministerial Council,,,,,30303,Mining Engineering,,,,,,,FALSE,FALSE,,FALSE
41304,PM2 Pty Ltd,ONSHIFT EDUCATION;PM SQUARED,RIINHB315D,Conduct top-hole hammer drilling,N,Unit of competency,Current,14/11/2013,Current,14/11/2013,,"Deliver and assess , Granted",29/08/2024,06/10/2029,Implicit,FALSE,FALSE,FALSE,FALSE,FALSE,FALSE,FALSE,FALSE,FALSE,,,RIINHB315A,TRUE,2,07/12/2014,RII,Resources and Infrastructure Industry Training Package,FALSE,Mining and Automotive Skills Alliance,,,,,,Skills and Workforce Ministerial Council,,,,,30303,Mining Engineering,,,,,,,TRUE,FALSE,,FALSE
41304,PM2 Pty Ltd,ONSHIFT EDUCATION;PM SQUARED,RIINHB316D,Conduct underground in-seam directional drilling,N,Unit of competency,Current,14/11/2013,Current,14/11/2013,,"Deliver and assess , Granted",29/08/2024,06/10/2029,Implicit,FALSE,FALSE,FALSE,FALSE,FALSE,FALSE,FALSE,FALSE,FALSE,,,RIINHB316A,TRUE,2,07/12/2014,RII,Resources and Infrastructure Industry Training Package,FALSE,Mining and Automotive Skills Alliance,,,,,,Skills and Workforce Ministerial Council,,,,,30303,Mining Engineering,,,,,,,FALSE,FALSE,,FALSE
41304,PM2 Pty Ltd,ONSHIFT EDUCATION;PM SQUARED,RIINHB317D,Install underground in-seam directional drilling standpipes,N,Unit of competency,Current,14/11/2013,Current,14/11/2013,,"Deliver and assess , Granted",29/08/2024,06/10/2029,Implicit,FALSE,FALSE,FALSE,FALSE,FALSE,FALSE,FALSE,FALSE,FALSE,,,RIINHB317A,TRUE,2,07/12/2014,RII,Resources and Infrastructure Industry Training Package,FALSE,Mining and Automotive Skills Alliance,,,,,,Skills and Workforce Ministerial Council,,,,,30303,Mining Engineering,,,,,,,FALSE,FALSE,,FALSE
41304,PM2 Pty Ltd,ONSHIFT EDUCATION;PM SQUARED,RIINHB318D,Install and operate water and gas control equipment,N,Unit of competency,Current,14/11/2013,Current,14/11/2013,,"Deliver and assess , Granted",29/08/2024,06/10/2029,Implicit,FALSE,FALSE,FALSE,FALSE,FALSE,FALSE,FALSE,FALSE,FALSE,,,RIINHB318A,TRUE,2,07/12/2014,RII,Resources and Infrastructure Industry Training Package,FALSE,Mining and Automotive Skills Alliance,,,,,,Skills and Workforce Ministerial Council,,,,,40327,Plumbing,,,,,,,FALSE,FALSE,,FALSE
41304,PM2 Pty Ltd,ONSHIFT EDUCATION;PM SQUARED,RIINHB320D,Construct monitoring bores,N,Unit of competency,Current,14/11/2013,Current,14/11/2013,,"Deliver and assess , Granted",29/08/2024,06/10/2029,Implicit,FALSE,FALSE,FALSE,FALSE,FALSE,FALSE,FALSE,FALSE,FALSE,,,RIINHB320A,TRUE,2,07/12/2014,RII,Resources and Infrastructure Industry Training Package,FALSE,Mining and Automotive Skills Alliance,,,,,,Skills and Workforce Ministerial Council,,,,,30303,Mining Engineering,,,,,,,TRUE,FALSE,,FALSE
41304,PM2 Pty Ltd,ONSHIFT EDUCATION;PM SQUARED,RIINHB322E,Construct multiple aquifer production bores,N,Unit of competency,Current,23/09/2020,Current,23/09/2020,,"Deliver and assess , Granted",29/08/2024,06/10/2029,Implicit,FALSE,FALSE,FALSE,FALSE,FALSE,FALSE,FALSE,FALSE,FALSE,,,RIINHB322D,TRUE,1,23/09/2020,RII,Resources and Infrastructure Industry Training Package,FALSE,Mining and Automotive Skills Alliance,,,,,,Skills and Workforce Ministerial Council,,,,,30303,Mining Engineering,,,,,,,TRUE,FALSE,,FALSE
41304,PM2 Pty Ltd,ONSHIFT EDUCATION;PM SQUARED,RIINHB323D,Conduct horizontal directional drilling,N,Unit of competency,Current,14/11/2013,Current,14/11/2013,,"Deliver and assess , Granted",29/08/2024,06/10/2029,Implicit,FALSE,FALSE,FALSE,FALSE,FALSE,FALSE,FALSE,FALSE,FALSE,,,RIINHB323A,TRUE,2,07/12/2014,RII,Resources and Infrastructure Industry Training Package,FALSE,Mining and Automotive Skills Alliance,,,,,,Skills and Workforce Ministerial Council,,,,,30303,Mining Engineering,,,,,,,FALSE,FALSE,,FALSE
41304,PM2 Pty Ltd,ONSHIFT EDUCATION;PM SQUARED,RIINHB324E,Conduct grouting or cementing operations,N,Unit of competency,Current,23/09/2020,Current,23/09/2020,,"Deliver and assess , Granted",29/08/2024,06/10/2029,Implicit,FALSE,FALSE,FALSE,FALSE,FALSE,FALSE,FALSE,FALSE,FALSE,,,RIINHB324D,TRUE,1,23/09/2020,RII,Resources and Infrastructure Industry Training Package,FALSE,Mining and Automotive Skills Alliance,,,,,,Skills and Workforce Ministerial Council,,,,,30303,Mining Engineering,,,,,,,FALSE,FALSE,,FALSE
41304,PM2 Pty Ltd,ONSHIFT EDUCATION;PM SQUARED,RIINHB325E,Construct single aquifer bores,N,Unit of competency,Current,23/09/2020,Current,23/09/2020,,"Deliver and assess , Granted",29/08/2024,06/10/2029,Implicit,FALSE,FALSE,FALSE,FALSE,FALSE,FALSE,FALSE,FALSE,FALSE,,,RIINHB325D,TRUE,1,23/09/2020,RII,Resources and Infrastructure Industry Training Package,FALSE,Mining and Automotive Skills Alliance,,,,,,Skills and Workforce Ministerial Council,,,,,30303,Mining Engineering,,,,,,,TRUE,FALSE,,FALSE
41304,PM2 Pty Ltd,ONSHIFT EDUCATION;PM SQUARED,RIINHB326,Conduct coil tube drilling,N,Unit of competency,Current,23/09/2020,Current,23/09/2020,,"Deliver and assess , Granted",29/08/2024,06/10/2029,Implicit,FALSE,FALSE,FALSE,FALSE,FALSE,FALSE,FALSE,FALSE,FALSE,,,,,1,23/09/2020,RII,Resources and Infrastructure Industry Training Package,FALSE,Mining and Automotive Skills Alliance,,,,,,Skills and Workforce Ministerial Council,,,,,30717,Plant And Machine Operations,,,,,,,TRUE,FALSE,,FALSE
41304,PM2 Pty Ltd,ONSHIFT EDUCATION;PM SQUARED,RIINHB327,Conduct cyber chair drilling operations,N,Unit of competency,Current,23/09/2020,Current,23/09/2020,,"Deliver and assess , Granted",29/08/2024,06/10/2029,Implicit,FALSE,FALSE,FALSE,FALSE,FALSE,FALSE,FALSE,FALSE,FALSE,,,,,1,23/09/2020,RII,Resources and Infrastructure Industry Training Package,FALSE,Mining and Automotive Skills Alliance,,,,,,Skills and Workforce Ministerial Council,,,,,30717,Plant And Machine Operations,,,,,,,TRUE,FALSE,,FALSE
41304,PM2 Pty Ltd,ONSHIFT EDUCATION;PM SQUARED,RIINHB328,Conduct rotary air drilling,N,Unit of competency,Current,23/09/2020,Current,23/09/2020,,"Deliver and assess , Granted",29/08/2024,06/10/2029,Implicit,FALSE,FALSE,FALSE,FALSE,FALSE,FALSE,FALSE,FALSE,FALSE,,,,,1,23/09/2020,RII,Resources and Infrastructure Industry Training Package,FALSE,Mining and Automotive Skills Alliance,,,,,,Skills and Workforce Ministerial Council,,,,,30717,Plant And Machine Operations,,,,,,,TRUE,FALSE,,FALSE
41304,PM2 Pty Ltd,ONSHIFT EDUCATION;PM SQUARED,RIINHB329,Conduct sonic drilling operations,N,Unit of competency,Current,23/09/2020,Current,23/09/2020,,"Deliver and assess , Granted",29/08/2024,06/10/2029,Implicit,FALSE,FALSE,FALSE,FALSE,FALSE,FALSE,FALSE,FALSE,FALSE,,,,,1,23/09/2020,RII,Resources and Infrastructure Industry Training Package,FALSE,Mining and Automotive Skills Alliance,,,,,,Skills and Workforce Ministerial Council,,,,,30717,Plant And Machine Operations,,,,,,,TRUE,FALSE,,FALSE
41304,PM2 Pty Ltd,ONSHIFT EDUCATION;PM SQUARED,RIINHB330,Conduct down-hole hammer drilling,N,Unit of competency,Current,23/09/2020,Current,23/09/2020,,"Deliver and assess , Granted",13/10/2023,06/10/2029,Implicit,FALSE,FALSE,FALSE,FALSE,FALSE,FALSE,FALSE,FALSE,FALSE,,,RIIBHD305D,TRUE,1,23/09/2020,RII,Resources and Infrastructure Industry Training Package,FALSE,Mining and Automotive Skills Alliance,,,,,,Skills and Workforce Ministerial Council,,,,,30303,Mining Engineering,,,,,,,TRUE,FALSE,,FALSE
41304,PM2 Pty Ltd,ONSHIFT EDUCATION;PM SQUARED,RIIOGD203F,Prepare and operate drilling fluid systems,N,Unit of competency,Current,23/09/2020,Current,23/09/2020,,"Deliver and assess , Granted",19/04/2024,06/10/2029,Implicit,FALSE,FALSE,FALSE,FALSE,FALSE,FALSE,FALSE,FALSE,FALSE,,,RIIOGD203E,TRUE,1,23/09/2020,RII,Resources and Infrastructure Industry Training Package,FALSE,Mining and Automotive Skills Alliance,,,,,,Skills and Workforce Ministerial Council,,,,,30717,Plant And Machine Operations,,,,,,,TRUE,FALSE,,FALSE
41304,PM2 Pty Ltd,ONSHIFT EDUCATION;PM SQUARED,RIIOGD205E,Support blow out prevention operations,N,Unit of competency,Current,23/09/2020,Current,23/09/2020,,"Deliver and assess , Granted",29/08/2024,06/10/2029,Implicit,FALSE,FALSE,FALSE,FALSE,FALSE,FALSE,FALSE,FALSE,FALSE,,,RIIOGD205D,TRUE,1,23/09/2020,RII,Resources and Infrastructure Industry Training Package,FALSE,Mining and Automotive Skills Alliance,,,,,,Skills and Workforce Ministerial Council,,,,,30717,Plant And Machine Operations,,,,,,,TRUE,FALSE,,FALSE
41304,PM2 Pty Ltd,ONSHIFT EDUCATION;PM SQUARED,RIIOGD206E,Assist and monitor well control operations,N,Unit of competency,Current,23/09/2020,Current,23/09/2020,,"Deliver and assess , Granted",29/08/2024,06/10/2029,Implicit,FALSE,FALSE,FALSE,FALSE,FALSE,FALSE,FALSE,FALSE,FALSE,,,RIIOGD206D,TRUE,1,23/09/2020,RII,Resources and Infrastructure Industry Training Package,FALSE,Mining and Automotive Skills Alliance,,,,,,Skills and Workforce Ministerial Council,,,,,30717,Plant And Machine Operations,,,,,,,FALSE,FALSE,,FALSE
41304,PM2 Pty Ltd,ONSHIFT EDUCATION;PM SQUARED,RIIOGD209F,Operate and maintain ancillary equipment,N,Unit of competency,Current,23/09/2020,Current,23/09/2020,,"Deliver and assess , Granted",19/04/2024,06/10/2029,Implicit,FALSE,FALSE,FALSE,FALSE,FALSE,FALSE,FALSE,FALSE,FALSE,,,RIIOGD209E,TRUE,1,23/09/2020,RII,Resources and Infrastructure Industry Training Package,FALSE,Mining and Automotive Skills Alliance,,,,,,Skills and Workforce Ministerial Council,,,,,30717,Plant And Machine Operations,,,,,,,TRUE,FALSE,,FALSE
41304,PM2 Pty Ltd,ONSHIFT EDUCATION;PM SQUARED,RIIOGD301E,Conduct and maintain derrick operations,N,Unit of competency,Current,14/12/2015,Current,14/12/2015,,"Deliver and assess , Granted",19/04/2024,06/10/2029,Implicit,FALSE,FALSE,FALSE,FALSE,FALSE,FALSE,FALSE,FALSE,FALSE,,,RIIOGD301D,FALSE,1,14/12/2015,RII,Resources and Infrastructure Industry Training Package,FALSE,Mining and Automotive Skills Alliance,,,,,,Skills and Workforce Ministerial Council,,,,,30717,Plant And Machine Operations,,,,,,,TRUE,FALSE,,FALSE
41304,PM2 Pty Ltd,ONSHIFT EDUCATION;PM SQUARED,RIIOGD302F,Assist in running casing,N,Unit of competency,Current,23/09/2020,Current,23/09/2020,,"Deliver and assess , Granted",19/04/2024,06/10/2029,Implicit,FALSE,FALSE,FALSE,FALSE,FALSE,FALSE,FALSE,FALSE,FALSE,,,RIIOGD302E,TRUE,1,23/09/2020,RII,Resources and Infrastructure Industry Training Package,FALSE,Mining and Automotive Skills Alliance,,,,,,Skills and Workforce Ministerial Council,,,,,30303,Mining Engineering,,,,,,,TRUE,FALSE,,FALSE
41304,PM2 Pty Ltd,ONSHIFT EDUCATION;PM SQUARED,RIIOGD303F,Trip pipe,N,Unit of competency,Current,23/09/2020,Current,23/09/2020,,"Deliver and assess , Granted",19/04/2024,06/10/2029,Implicit,FALSE,FALSE,FALSE,FALSE,FALSE,FALSE,FALSE,FALSE,FALSE,,,RIIOGD303E,TRUE,1,23/09/2020,RII,Resources and Infrastructure Industry Training Package,FALSE,Mining and Automotive Skills Alliance,,,,,,Skills and Workforce Ministerial Council,,,,,30303,Mining Engineering,,,,,,,TRUE,FALSE,,FALSE
41304,PM2 Pty Ltd,ONSHIFT EDUCATION;PM SQUARED,RIIOGD304D,Apply effective coal seam gas control practices,N,Unit of competency,Current,14/11/2013,Current,14/11/2013,,"Deliver and assess , Granted",19/04/2024,06/10/2029,Implicit,FALSE,FALSE,FALSE,FALSE,FALSE,FALSE,FALSE,FALSE,FALSE,,,RIIOGD304A,FALSE,3,07/12/2014,RII,Resources and Infrastructure Industry Training Package,FALSE,Mining and Automotive Skills Alliance,,,,,,Skills and Workforce Ministerial Council,,,,,30717,Plant And Machine Operations,,,,,,,TRUE,FALSE,,FALSE
41304,PM2 Pty Ltd,ONSHIFT EDUCATION;PM SQUARED,RIIOGD305E,Apply blow out prevention operational procedures,N,Unit of competency,Current,23/09/2020,Current,23/09/2020,,"Deliver and assess , Granted",19/04/2024,06/10/2029,Implicit,FALSE,FALSE,FALSE,FALSE,FALSE,FALSE,FALSE,FALSE,FALSE,,,RIIOGD305D,TRUE,1,23/09/2020,RII,Resources and Infrastructure Industry Training Package,FALSE,Mining and Automotive Skills Alliance,,,,,,Skills and Workforce Ministerial Council,,,,,30717,Plant And Machine Operations,,,,,,,FALSE,FALSE,,FALSE
41304,PM2 Pty Ltd,ONSHIFT EDUCATION;PM SQUARED,RIIOGD405E,Carry out well control and blow out prevention operations,N,Unit of competency,Current,23/09/2020,Current,23/09/2020,,"Deliver and assess , Granted",29/08/2024,06/10/2029,Implicit,FALSE,FALSE,FALSE,FALSE,FALSE,FALSE,FALSE,FALSE,FALSE,,,RIIOGD405D,TRUE,1,23/09/2020,RII,Resources and Infrastructure Industry Training Package,FALSE,Mining and Automotive Skills Alliance,,,,,,Skills and Workforce Ministerial Council,,,,,30303,Mining Engineering,,,,,,,FALSE,FALSE,,FALSE
41304,PM2 Pty Ltd,ONSHIFT EDUCATION;PM SQUARED,RIIOGF302E,Operate drilling fluids and mud pits,N,Unit of competency,Current,23/09/2020,Current,23/09/2020,,"Deliver and assess , Granted",18/08/2023,06/10/2029,Implicit,FALSE,FALSE,FALSE,FALSE,FALSE,FALSE,FALSE,FALSE,FALSE,,,RIIOGF302D,TRUE,1,23/09/2020,RII,Resources and Infrastructure Industry Training Package,FALSE,Mining and Automotive Skills Alliance,,,,,,Skills and Workforce Ministerial Council,,,,,30717,Plant And Machine Operations,,,,,,,FALSE,FALSE,,FALSE
41304,PM2 Pty Ltd,ONSHIFT EDUCATION;PM SQUARED,RIIOGN302F,Operate mud pumps,N,Unit of competency,Current,23/09/2020,Current,23/09/2020,,"Deliver and assess , Granted",19/04/2024,06/10/2029,Implicit,FALSE,FALSE,FALSE,FALSE,FALSE,FALSE,FALSE,FALSE,FALSE,,,RIIOGN302E,TRUE,1,23/09/2020,RII,Resources and Infrastructure Industry Training Package,FALSE,Mining and Automotive Skills Alliance,,,,,,Skills and Workforce Ministerial Council,,,,,30717,Plant And Machine Operations,,,,,,,TRUE,FALSE,,FALSE
41304,PM2 Pty Ltd,ONSHIFT EDUCATION;PM SQUARED,RIIOGN303E,"Operate, monitor and maintain mud systems",N,Unit of competency,Current,23/09/2020,Current,23/09/2020,,"Deliver and assess , Granted",18/08/2023,06/10/2029,Implicit,FALSE,FALSE,FALSE,FALSE,FALSE,FALSE,FALSE,FALSE,FALSE,,,RIIOGN303D,TRUE,1,23/09/2020,RII,Resources and Infrastructure Industry Training Package,FALSE,Mining and Automotive Skills Alliance,,,,,,Skills and Workforce Ministerial Council,,,,,30717,Plant And Machine Operations,,,,,,,TRUE,FALSE,,FALSE
41304,PM2 Pty Ltd,ONSHIFT EDUCATION;PM SQUARED,RIIPBE201D,Conduct aeration process,N,Unit of competency,Current,14/11/2013,Current,14/11/2013,,"Deliver and assess , Granted",13/10/2023,06/10/2029,Implicit,FALSE,FALSE,FALSE,FALSE,FALSE,FALSE,FALSE,FALSE,FALSE,,,RIIPBE201A,TRUE,2,07/12/2014,RII,Resources and Infrastructure Industry Training Package,FALSE,Mining and Automotive Skills Alliance,,,,,,Skills and Workforce Ministerial Council,,,,,30717,Plant And Machine Operations,,,,,,,TRUE,FALSE,,FALSE
41304,PM2 Pty Ltd,ONSHIFT EDUCATION;PM SQUARED,RIIPBE202D,Conduct digestion process,N,Unit of competency,Current,14/11/2013,Current,14/11/2013,,"Deliver and assess , Granted",13/10/2023,06/10/2029,Implicit,FALSE,FALSE,FALSE,FALSE,FALSE,FALSE,FALSE,FALSE,FALSE,,,RIIPBE202A,TRUE,2,07/12/2014,RII,Resources and Infrastructure Industry Training Package,FALSE,Mining and Automotive Skills Alliance,,,,,,Skills and Workforce Ministerial Council,,,,,30717,Plant And Machine Operations,,,,,,,TRUE,FALSE,,FALSE
41304,PM2 Pty Ltd,ONSHIFT EDUCATION;PM SQUARED,RIIPBE203D,Conduct precipitation operations,N,Unit of competency,Current,14/11/2013,Current,14/11/2013,,"Deliver and assess , Granted",13/10/2023,06/10/2029,Implicit,FALSE,FALSE,FALSE,FALSE,FALSE,FALSE,FALSE,FALSE,FALSE,,,RIIPBE203A,TRUE,2,07/12/2014,RII,Resources and Infrastructure Industry Training Package,FALSE,Mining and Automotive Skills Alliance,,,,,,Skills and Workforce Ministerial Council,,,,,30717,Plant And Machine Operations,,,,,,,TRUE,FALSE,,FALSE
41304,PM2 Pty Ltd,ONSHIFT EDUCATION;PM SQUARED,RIIPBE204D,Conduct reduction process,N,Unit of competency,Current,14/11/2013,Current,14/11/2013,,"Deliver and assess , Granted",13/10/2023,06/10/2029,Implicit,FALSE,FALSE,FALSE,FALSE,FALSE,FALSE,FALSE,FALSE,FALSE,,,RIIPBE204A,TRUE,2,07/12/2014,RII,Resources and Infrastructure Industry Training Package,FALSE,Mining and Automotive Skills Alliance,,,,,,Skills and Workforce Ministerial Council,,,,,30717,Plant And Machine Operations,,,,,,,TRUE,FALSE,,FALSE
41304,PM2 Pty Ltd,ONSHIFT EDUCATION;PM SQUARED,RIIPBE301D,Conduct calcinations activities,N,Unit of competency,Current,14/11/2013,Current,14/11/2013,,"Deliver and assess , Granted",13/10/2023,06/10/2029,Implicit,FALSE,FALSE,FALSE,FALSE,FALSE,FALSE,FALSE,FALSE,FALSE,,,RIIPBE301A,TRUE,2,07/12/2014,RII,Resources and Infrastructure Industry Training Package,FALSE,Mining and Automotive Skills Alliance,,,,,,Skills and Workforce Ministerial Council,,,,,30717,Plant And Machine Operations,,,,,,,TRUE,FALSE,,FALSE
41304,PM2 Pty Ltd,ONSHIFT EDUCATION;PM SQUARED,RIIPBE302D,Conduct bacterial oxidation,N,Unit of competency,Current,14/11/2013,Current,14/11/2013,,"Deliver and assess , Granted",13/10/2023,06/10/2029,Implicit,FALSE,FALSE,FALSE,FALSE,FALSE,FALSE,FALSE,FALSE,FALSE,,,RIIPBE302A,TRUE,2,07/12/2014,RII,Resources and Infrastructure Industry Training Package,FALSE,Mining and Automotive Skills Alliance,,,,,,Skills and Workforce Ministerial Council,,,,,30717,Plant And Machine Operations,,,,,,,TRUE,FALSE,,FALSE
41304,PM2 Pty Ltd,ONSHIFT EDUCATION;PM SQUARED,RIIPBE303D,Conduct filtering process,N,Unit of competency,Current,14/11/2013,Current,14/11/2013,,"Deliver and assess , Granted",13/10/2023,06/10/2029,Implicit,FALSE,FALSE,FALSE,FALSE,FALSE,FALSE,FALSE,FALSE,FALSE,,,RIIPBE303B,TRUE,3,07/12/2014,RII,Resources and Infrastructure Industry Training Package,FALSE,Mining and Automotive Skills Alliance,,,,,,Skills and Workforce Ministerial Council,,,,,30717,Plant And Machine Operations,,,,,,,TRUE,FALSE,,FALSE
41304,PM2 Pty Ltd,ONSHIFT EDUCATION;PM SQUARED,RIIPBE304D,Conduct heavy media separation,N,Unit of competency,Current,14/11/2013,Current,14/11/2013,,"Deliver and assess , Granted",13/10/2023,06/10/2029,Implicit,FALSE,FALSE,FALSE,FALSE,FALSE,FALSE,FALSE,FALSE,FALSE,,,RIIPBE304B,TRUE,2,07/12/2014,RII,Resources and Infrastructure Industry Training Package,FALSE,Mining and Automotive Skills Alliance,,,,,,Skills and Workforce Ministerial Council,,,,,30717,Plant And Machine Operations,,,,,,,TRUE,FALSE,,FALSE
41304,PM2 Pty Ltd,ONSHIFT EDUCATION;PM SQUARED,RIIPBE305D,Conduct high tension separation,N,Unit of competency,Current,14/11/2013,Current,14/11/2013,,"Deliver and assess , Granted",13/10/2023,06/10/2029,Implicit,FALSE,FALSE,FALSE,FALSE,FALSE,FALSE,FALSE,FALSE,FALSE,,,RIIPBE305A,TRUE,2,07/12/2014,RII,Resources and Infrastructure Industry Training Package,FALSE,Mining and Automotive Skills Alliance,,,,,,Skills and Workforce Ministerial Council,,,,,30717,Plant And Machine Operations,,,,,,,TRUE,FALSE,,FALSE
41304,PM2 Pty Ltd,ONSHIFT EDUCATION;PM SQUARED,RIIPBE306D,Conduct leaching process,N,Unit of competency,Current,14/11/2013,Current,14/11/2013,,"Deliver and assess , Granted",13/10/2023,06/10/2029,Implicit,FALSE,FALSE,FALSE,FALSE,FALSE,FALSE,FALSE,FALSE,FALSE,,,RIIPBE306A,TRUE,2,07/12/2014,RII,Resources and Infrastructure Industry Training Package,FALSE,Mining and Automotive Skills Alliance,,,,,,Skills and Workforce Ministerial Council,,,,,30717,Plant And Machine Operations,,,,,,,TRUE,FALSE,,FALSE
41304,PM2 Pty Ltd,ONSHIFT EDUCATION;PM SQUARED,RIIPBE308D,Conduct thickening and clarifying process,N,Unit of competency,Current,14/11/2013,Current,14/11/2013,,"Deliver and assess , Granted",13/10/2023,06/10/2029,Implicit,FALSE,FALSE,FALSE,FALSE,FALSE,FALSE,FALSE,FALSE,FALSE,,,RIIPBE308B,TRUE,2,07/12/2014,RII,Resources and Infrastructure Industry Training Package,FALSE,Mining and Automotive Skills Alliance,,,,,,Skills and Workforce Ministerial Council,,,,,30717,Plant And Machine Operations,,,,,,,TRUE,FALSE,,FALSE
41304,PM2 Pty Ltd,ONSHIFT EDUCATION;PM SQUARED,RIIPBE309D,Conduct wet gravity separation,N,Unit of competency,Current,14/11/2013,Current,14/11/2013,,"Deliver and assess , Granted",13/10/2023,06/10/2029,Implicit,FALSE,FALSE,FALSE,FALSE,FALSE,FALSE,FALSE,FALSE,FALSE,,,RIIPBE309B,TRUE,2,07/12/2014,RII,Resources and Infrastructure Industry Training Package,FALSE,Mining and Automotive Skills Alliance,,,,,,Skills and Workforce Ministerial Council,,,,,30717,Plant And Machine Operations,,,,,,,TRUE,FALSE,,FALSE
41304,PM2 Pty Ltd,ONSHIFT EDUCATION;PM SQUARED,RIIPBE310D,Conduct flotation process,N,Unit of competency,Current,14/11/2013,Current,14/11/2013,,"Deliver and assess , Granted",13/10/2023,06/10/2029,Implicit,FALSE,FALSE,FALSE,FALSE,FALSE,FALSE,FALSE,FALSE,FALSE,,,RIIPBE310B,TRUE,2,07/12/2014,RII,Resources and Infrastructure Industry Training Package,FALSE,Mining and Automotive Skills Alliance,,,,,,Skills and Workforce Ministerial Council,,,,,30717,Plant And Machine Operations,,,,,,,TRUE,FALSE,,FALSE
41304,PM2 Pty Ltd,ONSHIFT EDUCATION;PM SQUARED,RIIPBE311D,Conduct magnetic separation,N,Unit of competency,Current,14/11/2013,Current,14/11/2013,,"Deliver and assess , Granted",13/10/2023,06/10/2029,Implicit,FALSE,FALSE,FALSE,FALSE,FALSE,FALSE,FALSE,FALSE,FALSE,,,RIIPBE311B,TRUE,2,07/12/2014,RII,Resources and Infrastructure Industry Training Package,FALSE,Mining and Automotive Skills Alliance,,,,,,Skills and Workforce Ministerial Council,,,,,30717,Plant And Machine Operations,,,,,,,TRUE,FALSE,,FALSE
41304,PM2 Pty Ltd,ONSHIFT EDUCATION;PM SQUARED,RIIPEO201E,Conduct conveyor operations,N,Unit of competency,Current,23/09/2020,Current,23/09/2020,,"Deliver and assess , Granted",13/10/2023,06/10/2029,Implicit,FALSE,FALSE,FALSE,FALSE,FALSE,FALSE,FALSE,FALSE,FALSE,,,RIIPEO201D,TRUE,1,23/09/2020,RII,Resources and Infrastructure Industry Training Package,FALSE,Mining and Automotive Skills Alliance,,,,,,Skills and Workforce Ministerial Council,,,,,30717,Plant And Machine Operations,,,,,,,FALSE,FALSE,,FALSE
41304,PM2 Pty Ltd,ONSHIFT EDUCATION;PM SQUARED,RIIPEO202E,Provide deck support for conveyor-car high wall mining operations,N,Unit of competency,Current,23/09/2020,Current,23/09/2020,,"Deliver and assess , Granted",13/10/2023,06/10/2029,Implicit,FALSE,FALSE,FALSE,FALSE,FALSE,FALSE,FALSE,FALSE,FALSE,,,RIIPEO202D,TRUE,1,23/09/2020,RII,Resources and Infrastructure Industry Training Package,FALSE,Mining and Automotive Skills Alliance,,,,,,Skills and Workforce Ministerial Council,,,,,30717,Plant And Machine Operations,,,,,,,FALSE,FALSE,,FALSE
41304,PM2 Pty Ltd,ONSHIFT EDUCATION;PM SQUARED,RIIPEO203D,Conduct stacker operations,N,Unit of competency,Current,14/11/2013,Current,14/11/2013,,"Deliver and assess , Granted",13/10/2023,06/10/2029,Implicit,FALSE,FALSE,FALSE,FALSE,FALSE,FALSE,FALSE,FALSE,FALSE,,,RIIPEO203B,TRUE,2,07/12/2014,RII,Resources and Infrastructure Industry Training Package,FALSE,Mining and Automotive Skills Alliance,,,,,,Skills and Workforce Ministerial Council,,,,,30717,Plant And Machine Operations,,,,,,,FALSE,FALSE,,FALSE
41304,PM2 Pty Ltd,ONSHIFT EDUCATION;PM SQUARED,RIIPEO204D,Conduct shore side mooring operations,N,Unit of competency,Current,14/11/2013,Current,14/11/2013,,"Deliver and assess , Granted",13/10/2023,06/10/2029,Implicit,FALSE,FALSE,FALSE,FALSE,FALSE,FALSE,FALSE,FALSE,FALSE,,,RIIPEO204A,TRUE,2,07/12/2014,RII,Resources and Infrastructure Industry Training Package,FALSE,Mining and Automotive Skills Alliance,,,,,,Skills and Workforce Ministerial Council,,,,,31705,Marine Craft Operation,,,,,,,FALSE,FALSE,,FALSE
41304,PM2 Pty Ltd,ONSHIFT EDUCATION;PM SQUARED,RIIPEO205D,Conduct ship loading operations,N,Unit of competency,Current,14/11/2013,Current,14/11/2013,,"Deliver and assess , Granted",13/10/2023,06/10/2029,Implicit,FALSE,FALSE,FALSE,FALSE,FALSE,FALSE,FALSE,FALSE,FALSE,,,RIIPEO205A,TRUE,2,07/12/2014,RII,Resources and Infrastructure Industry Training Package,FALSE,Mining and Automotive Skills Alliance,,,,,,Skills and Workforce Ministerial Council,,,,,30717,Plant And Machine Operations,,,,,,,FALSE,FALSE,,FALSE
41304,PM2 Pty Ltd,ONSHIFT EDUCATION;PM SQUARED,RIIPEO206D,Lay and recover cables and hoses,N,Unit of competency,Current,14/11/2013,Current,14/11/2013,,"Deliver and assess , Granted",13/10/2023,06/10/2029,Implicit,FALSE,FALSE,FALSE,FALSE,FALSE,FALSE,FALSE,FALSE,FALSE,,,RIIPEO206A,TRUE,2,07/12/2014,RII,Resources and Infrastructure Industry Training Package,FALSE,Mining and Automotive Skills Alliance,,,,,,Skills and Workforce Ministerial Council,,,,,30717,Plant And Machine Operations,,,,,,,FALSE,FALSE,,FALSE
41304,PM2 Pty Ltd,ONSHIFT EDUCATION;PM SQUARED,RIIPEO301E,Conduct conveyor-car high wall mining operations,N,Unit of competency,Current,23/09/2020,Current,23/09/2020,,"Deliver and assess , Granted",13/10/2023,06/10/2029,Implicit,FALSE,FALSE,FALSE,FALSE,FALSE,FALSE,FALSE,FALSE,FALSE,,,RIIPEO301D,TRUE,1,23/09/2020,RII,Resources and Infrastructure Industry Training Package,FALSE,Mining and Automotive Skills Alliance,,,,,,Skills and Workforce Ministerial Council,,,,,30717,Plant And Machine Operations,,,,,,,TRUE,FALSE,,FALSE
41304,PM2 Pty Ltd,ONSHIFT EDUCATION;PM SQUARED,RIIPEO302E,Operate and monitor ore car dumpers,N,Unit of competency,Current,23/09/2020,Current,23/09/2020,,"Deliver and assess , Granted",13/10/2023,06/10/2029,Implicit,FALSE,FALSE,FALSE,FALSE,FALSE,FALSE,FALSE,FALSE,FALSE,,,RIIPEO302D,TRUE,1,23/09/2020,RII,Resources and Infrastructure Industry Training Package,FALSE,Mining and Automotive Skills Alliance,,,,,,Skills and Workforce Ministerial Council,,,,,30717,Plant And Machine Operations,,,,,,,FALSE,FALSE,,FALSE
41304,PM2 Pty Ltd,ONSHIFT EDUCATION;PM SQUARED,RIIPGP201D,Conduct pump operations,N,Unit of competency,Current,14/11/2013,Current,14/11/2013,,"Deliver and assess , Granted",13/10/2023,06/10/2029,Implicit,FALSE,FALSE,FALSE,FALSE,FALSE,FALSE,FALSE,FALSE,FALSE,,,RIIPGP201A,TRUE,2,07/12/2014,RII,Resources and Infrastructure Industry Training Package,FALSE,Mining and Automotive Skills Alliance,,,,,,Skills and Workforce Ministerial Council,,,,,30717,Plant And Machine Operations,,,,,,,TRUE,FALSE,,FALSE
41304,PM2 Pty Ltd,ONSHIFT EDUCATION;PM SQUARED,RIIPGP202D,Handle reagents,N,Unit of competency,Current,14/11/2013,Current,14/11/2013,,"Deliver and assess , Granted",13/10/2023,06/10/2029,Implicit,FALSE,FALSE,FALSE,FALSE,FALSE,FALSE,FALSE,FALSE,FALSE,,,RIIPGP202A,TRUE,2,07/12/2014,RII,Resources and Infrastructure Industry Training Package,FALSE,Mining and Automotive Skills Alliance,,,,,,Skills and Workforce Ministerial Council,,,,,61301,Occupational Health And Safety,,,,,,,TRUE,FALSE,,FALSE
41304,PM2 Pty Ltd,ONSHIFT EDUCATION;PM SQUARED,RIIPGP203D,Operate compressors,N,Unit of competency,Current,14/11/2013,Current,14/11/2013,,"Deliver and assess , Granted",13/10/2023,06/10/2029,Implicit,FALSE,FALSE,FALSE,FALSE,FALSE,FALSE,FALSE,FALSE,FALSE,,,RIIPGP203A,TRUE,2,07/12/2014,RII,Resources and Infrastructure Industry Training Package,FALSE,Mining and Automotive Skills Alliance,,,,,,Skills and Workforce Ministerial Council,,,,,30717,Plant And Machine Operations,,,,,,,TRUE,FALSE,,FALSE
41304,PM2 Pty Ltd,ONSHIFT EDUCATION;PM SQUARED,RIIPGP301D,Conduct drying activities,N,Unit of competency,Current,14/11/2013,Current,14/11/2013,,"Deliver and assess , Granted",13/10/2023,06/10/2029,Implicit,FALSE,FALSE,FALSE,FALSE,FALSE,FALSE,FALSE,FALSE,FALSE,,,RIIPGP301A,TRUE,3,07/12/2014,RII,Resources and Infrastructure Industry Training Package,FALSE,Mining and Automotive Skills Alliance,,,,,,Skills and Workforce Ministerial Council,,,,,30717,Plant And Machine Operations,,,,,,,TRUE,FALSE,,FALSE
41304,PM2 Pty Ltd,ONSHIFT EDUCATION;PM SQUARED,RIIPGP302D,Monitor and operate auxiliary plant and equipment,N,Unit of competency,Current,14/11/2013,Current,14/11/2013,,"Deliver and assess , Granted",13/10/2023,06/10/2029,Implicit,FALSE,FALSE,FALSE,FALSE,FALSE,FALSE,FALSE,FALSE,FALSE,,,RIIPGP302A,TRUE,2,07/12/2014,RII,Resources and Infrastructure Industry Training Package,FALSE,Mining and Automotive Skills Alliance,,,,,,Skills and Workforce Ministerial Council,,,,,30717,Plant And Machine Operations,,,,,,,TRUE,FALSE,,FALSE
41304,PM2 Pty Ltd,ONSHIFT EDUCATION;PM SQUARED,RIIPHA201D,Operate raw material feed systems,N,Unit of competency,Current,14/11/2013,Current,14/11/2013,,"Deliver and assess , Granted",13/10/2023,06/10/2029,Implicit,FALSE,FALSE,FALSE,FALSE,FALSE,FALSE,FALSE,FALSE,FALSE,,,RIIPHA201A,TRUE,2,07/12/2014,RII,Resources and Infrastructure Industry Training Package,FALSE,Mining and Automotive Skills Alliance,,,,,,Skills and Workforce Ministerial Council,,,,,30717,Plant And Machine Operations,,,,,,,TRUE,FALSE,,FALSE
41304,PM2 Pty Ltd,ONSHIFT EDUCATION;PM SQUARED,RIIPHA301D,Conduct milling/grinding,N,Unit of competency,Current,14/11/2013,Current,14/11/2013,,"Deliver and assess , Granted",13/10/2023,06/10/2029,Implicit,FALSE,FALSE,FALSE,FALSE,FALSE,FALSE,FALSE,FALSE,FALSE,,,RIIPHA301A,TRUE,2,07/12/2014,RII,Resources and Infrastructure Industry Training Package,FALSE,Mining and Automotive Skills Alliance,,,,,,Skills and Workforce Ministerial Council,,,,,30717,Plant And Machine Operations,,,,,,,TRUE,FALSE,,FALSE
41304,PM2 Pty Ltd,ONSHIFT EDUCATION;PM SQUARED,RIIPHA302D,Operate and monitor filter processes,N,Unit of competency,Current,14/11/2013,Current,14/11/2013,,"Deliver and assess , Granted",13/10/2023,06/10/2029,Implicit,FALSE,FALSE,FALSE,FALSE,FALSE,FALSE,FALSE,FALSE,FALSE,,,RIIPHA302A,TRUE,3,07/12/2014,RII,Resources and Infrastructure Industry Training Package,FALSE,Mining and Automotive Skills Alliance,,,,,,Skills and Workforce Ministerial Council,,,,,30717,Plant And Machine Operations,,,,,,,TRUE,FALSE,,FALSE
41304,PM2 Pty Ltd,ONSHIFT EDUCATION;PM SQUARED,RIIPRE301D,Conduct electrowinning/electro-refining operations,N,Unit of competency,Current,14/11/2013,Current,14/11/2013,,"Deliver and assess , Granted",13/10/2023,06/10/2029,Implicit,FALSE,FALSE,FALSE,FALSE,FALSE,FALSE,FALSE,FALSE,FALSE,,,RIIPRE301A,TRUE,2,07/12/2014,RII,Resources and Infrastructure Industry Training Package,FALSE,Mining and Automotive Skills Alliance,,,,,,Skills and Workforce Ministerial Council,,,,,30717,Plant And Machine Operations,,,,,,,TRUE,FALSE,,FALSE
41304,PM2 Pty Ltd,ONSHIFT EDUCATION;PM SQUARED,RIIPRE302D,Conduct elution processes,N,Unit of competency,Current,14/11/2013,Current,14/11/2013,,"Deliver and assess , Granted",13/10/2023,06/10/2029,Implicit,FALSE,FALSE,FALSE,FALSE,FALSE,FALSE,FALSE,FALSE,FALSE,,,RIIPRE302A,TRUE,2,07/12/2014,RII,Resources and Infrastructure Industry Training Package,FALSE,Mining and Automotive Skills Alliance,,,,,,Skills and Workforce Ministerial Council,,,,,30717,Plant And Machine Operations,,,,,,,TRUE,FALSE,,FALSE
41304,PM2 Pty Ltd,ONSHIFT EDUCATION;PM SQUARED,RIIPRE303D,Conduct gold room operations,N,Unit of competency,Current,14/11/2013,Current,14/11/2013,,"Deliver and assess , Granted",13/10/2023,06/10/2029,Implicit,FALSE,FALSE,FALSE,FALSE,FALSE,FALSE,FALSE,FALSE,FALSE,,,RIIPRE303A,TRUE,2,07/12/2014,RII,Resources and Infrastructure Industry Training Package,FALSE,Mining and Automotive Skills Alliance,,,,,,Skills and Workforce Ministerial Council,,,,,30717,Plant And Machine Operations,,,,,,,TRUE,FALSE,,FALSE
41304,PM2 Pty Ltd,ONSHIFT EDUCATION;PM SQUARED,RIIPRO201D,Conduct crushing operations,N,Unit of competency,Current,14/11/2013,Current,14/11/2013,,"Deliver and assess , Granted",13/10/2023,06/10/2029,Implicit,FALSE,FALSE,FALSE,FALSE,FALSE,FALSE,FALSE,FALSE,FALSE,,,RIIPRO201A,TRUE,2,07/12/2014,RII,Resources and Infrastructure Industry Training Package,FALSE,Mining and Automotive Skills Alliance,,,,,,Skills and Workforce Ministerial Council,,,,,30303,Mining Engineering,,,,,,,FALSE,FALSE,,FALSE
41304,PM2 Pty Ltd,ONSHIFT EDUCATION;PM SQUARED,RIIPRO202D,Conduct screening and conveying operations,N,Unit of competency,Current,14/11/2013,Current,14/11/2013,,"Deliver and assess , Granted",13/10/2023,06/10/2029,Implicit,FALSE,FALSE,FALSE,FALSE,FALSE,FALSE,FALSE,FALSE,FALSE,,,RIIPRO202A,TRUE,3,07/12/2014,RII,Resources and Infrastructure Industry Training Package,FALSE,Mining and Automotive Skills Alliance,,,,,,Skills and Workforce Ministerial Council,,,,,30303,Mining Engineering,,,,,,,FALSE,FALSE,,FALSE
41304,PM2 Pty Ltd,ONSHIFT EDUCATION;PM SQUARED,RIIPRO203D,Operate programmable logic control systems,N,Unit of competency,Current,14/11/2013,Current,14/11/2013,,"Deliver and assess , Granted",13/10/2023,06/10/2029,Implicit,FALSE,FALSE,FALSE,FALSE,FALSE,FALSE,FALSE,FALSE,FALSE,,,RIIPRO203A,TRUE,2,07/12/2014,RII,Resources and Infrastructure Industry Training Package,FALSE,Mining and Automotive Skills Alliance,,,,,,Skills and Workforce Ministerial Council,,,,,30717,Plant And Machine Operations,,,,,,,FALSE,FALSE,,FALSE
41304,PM2 Pty Ltd,ONSHIFT EDUCATION;PM SQUARED,RIIPRO204D,Bulk package and store product,N,Unit of competency,Current,14/11/2013,Current,14/11/2013,,"Deliver and assess , Granted",13/10/2023,06/10/2029,Implicit,FALSE,FALSE,FALSE,FALSE,FALSE,FALSE,FALSE,FALSE,FALSE,,,RIIPRO204A,TRUE,2,07/12/2014,RII,Resources and Infrastructure Industry Training Package,FALSE,Mining and Automotive Skills Alliance,,,,,,Skills and Workforce Ministerial Council,,,,,89901,"Purchasing, Warehousing And Distribution",,,,,,,FALSE,FALSE,,FALSE
41304,PM2 Pty Ltd,ONSHIFT EDUCATION;PM SQUARED,RIIPRO205D,Conduct blending plant operations,N,Unit of competency,Current,14/11/2013,Current,14/11/2013,,"Deliver and assess , Granted",13/10/2023,06/10/2029,Implicit,FALSE,FALSE,FALSE,FALSE,FALSE,FALSE,FALSE,FALSE,FALSE,,,RIIPRO205A,TRUE,2,07/12/2014,RII,Resources and Infrastructure Industry Training Package,FALSE,Mining and Automotive Skills Alliance,,,,,,Skills and Workforce Ministerial Council,,,,,30717,Plant And Machine Operations,,,,,,,FALSE,FALSE,,FALSE
41304,PM2 Pty Ltd,ONSHIFT EDUCATION;PM SQUARED,RIIPRO301D,Conduct crushing and screening plant operations,N,Unit of competency,Current,14/11/2013,Current,14/11/2013,,"Deliver and assess , Granted",13/10/2023,06/10/2029,Implicit,FALSE,FALSE,FALSE,FALSE,FALSE,FALSE,FALSE,FALSE,FALSE,,,RIIPRO301C,TRUE,3,07/12/2014,RII,Resources and Infrastructure Industry Training Package,FALSE,Mining and Automotive Skills Alliance,,,,,,Skills and Workforce Ministerial Council,,,,,30303,Mining Engineering,,,,,,,FALSE,FALSE,,FALSE
41304,PM2 Pty Ltd,ONSHIFT EDUCATION;PM SQUARED,RIIPRO302D,Perform process control room operations,N,Unit of competency,Current,14/11/2013,Current,14/11/2013,,"Deliver and assess , Granted",13/10/2023,06/10/2029,Implicit,FALSE,FALSE,FALSE,FALSE,FALSE,FALSE,FALSE,FALSE,FALSE,,,RIIPRO302A,TRUE,2,07/12/2014,RII,Resources and Infrastructure Industry Training Package,FALSE,Mining and Automotive Skills Alliance,,,,,,Skills and Workforce Ministerial Council,,,,,30717,Plant And Machine Operations,,,,,,,FALSE,FALSE,,FALSE
41304,PM2 Pty Ltd,ONSHIFT EDUCATION;PM SQUARED,RIIPRO303D,Conduct sand wash plant operations,N,Unit of competency,Current,14/11/2013,Current,14/11/2013,,"Deliver and assess , Granted",13/10/2023,06/10/2029,Implicit,FALSE,FALSE,FALSE,FALSE,FALSE,FALSE,FALSE,FALSE,FALSE,,,RIIPRO303A,TRUE,2,07/12/2014,RII,Resources and Infrastructure Industry Training Package,FALSE,Mining and Automotive Skills Alliance,,,,,,Skills and Workforce Ministerial Council,,,,,30717,Plant And Machine Operations,,,,,,,FALSE,FALSE,,FALSE
41304,PM2 Pty Ltd,ONSHIFT EDUCATION;PM SQUARED,RIIPRO401D,Supervise processing operations,N,Unit of competency,Current,14/11/2013,Current,14/11/2013,,"Deliver and assess , Granted",13/10/2023,06/10/2029,Implicit,FALSE,FALSE,FALSE,FALSE,FALSE,FALSE,FALSE,FALSE,FALSE,,,RIIPRO401A,TRUE,2,07/12/2014,RII,Resources and Infrastructure Industry Training Package,FALSE,Mining and Automotive Skills Alliance,,,,,,Skills and Workforce Ministerial Council,,,,,30305,Materials Engineering,,,,,,,FALSE,FALSE,,FALSE
41304,PM2 Pty Ltd,ONSHIFT EDUCATION;PM SQUARED,RIIPRO402D,Supervise recycled materials operations,N,Unit of competency,Current,14/11/2013,Current,14/11/2013,,"Deliver and assess , Granted",13/10/2023,06/10/2029,Implicit,FALSE,FALSE,FALSE,FALSE,FALSE,FALSE,FALSE,FALSE,FALSE,,,RIIPRO402A,TRUE,2,07/12/2014,RII,Resources and Infrastructure Industry Training Package,FALSE,Mining and Automotive Skills Alliance,,,,,,Skills and Workforce Ministerial Council,,,,,30305,Materials Engineering,,,,,,,FALSE,FALSE,,FALSE
41304,PM2 Pty Ltd,ONSHIFT EDUCATION;PM SQUARED,RIIPSM302D,Cast ingots,N,Unit of competency,Current,14/11/2013,Current,14/11/2013,,"Deliver and assess , Granted",13/10/2023,06/10/2029,Implicit,FALSE,FALSE,FALSE,FALSE,FALSE,FALSE,FALSE,FALSE,FALSE,,,RIIPSM302A,TRUE,3,07/12/2014,RII,Resources and Infrastructure Industry Training Package,FALSE,Mining and Automotive Skills Alliance,,,,,,Skills and Workforce Ministerial Council,,,,,30303,Mining Engineering,,,,,,,TRUE,FALSE,,FALSE
41304,PM2 Pty Ltd,ONSHIFT EDUCATION;PM SQUARED,RIIPSM304D,Operate furnaces,N,Unit of competency,Current,14/11/2013,Current,14/11/2013,,"Deliver and assess , Granted",13/10/2023,06/10/2029,Implicit,FALSE,FALSE,FALSE,FALSE,FALSE,FALSE,FALSE,FALSE,FALSE,,,RIIPSM304A,TRUE,3,07/12/2014,RII,Resources and Infrastructure Industry Training Package,FALSE,Mining and Automotive Skills Alliance,,,,,,Skills and Workforce Ministerial Council,,,,,30717,Plant And Machine Operations,,,,,,,TRUE,FALSE,,FALSE
41304,PM2 Pty Ltd,ONSHIFT EDUCATION;PM SQUARED,RIIQUA201D,Maintain and monitor site quality standards,N,Unit of competency,Superseded,22/09/2020,Superseded,14/11/2013,21/09/2020,"Deliver and assess , Granted",18/08/2023,06/10/2029,Implicit,FALSE,FALSE,FALSE,FALSE,FALSE,FALSE,FALSE,FALSE,FALSE,RIIQUA201E,TRUE,RIIQUA201A,TRUE,3,07/12/2014,RII,Resources and Infrastructure Industry Training Package,FALSE,Mining and Automotive Skills Alliance,,,,,,Skills and Workforce Ministerial Council,,,,,80317,Quality Management,,,,,,,FALSE,FALSE,,FALSE
41304,PM2 Pty Ltd,ONSHIFT EDUCATION;PM SQUARED,RIIQUA201E,Maintain and monitor site quality standards,N,Unit of competency,Current,23/09/2020,Current,23/09/2020,,"Deliver and assess , Granted",14/06/2022,06/10/2029,Implicit,FALSE,FALSE,FALSE,FALSE,FALSE,FALSE,FALSE,FALSE,FALSE,,,RIIQUA201D,TRUE,1,23/09/2020,RII,Resources and Infrastructure Industry Training Package,FALSE,Mining and Automotive Skills Alliance,,,,,,Skills and Workforce Ministerial Council,,,,,80317,Quality Management,,,,,,,TRUE,FALSE,,FALSE
41304,PM2 Pty Ltd,ONSHIFT EDUCATION;PM SQUARED,RIIQUA401E,Apply a quality management system on site,N,Unit of competency,Current,23/09/2020,Current,23/09/2020,,"Deliver and assess , Granted",18/08/2023,06/10/2029,Implicit,FALSE,FALSE,FALSE,FALSE,FALSE,FALSE,FALSE,FALSE,FALSE,,,RIIQUA401D,TRUE,1,23/09/2020,RII,Resources and Infrastructure Industry Training Package,FALSE,Mining and Automotive Skills Alliance,,,,,,Skills and Workforce Ministerial Council,,,,,80317,Quality Management,,,,,,,TRUE,FALSE,,FALSE
41304,PM2 Pty Ltd,ONSHIFT EDUCATION;PM SQUARED,RIIRAI401D,Apply and monitor mine services and infrastructure systems,N,Unit of competency,Current,14/11/2013,Current,14/11/2013,,"Deliver and assess , Granted",13/10/2023,06/10/2029,Implicit,FALSE,FALSE,FALSE,FALSE,FALSE,FALSE,FALSE,FALSE,FALSE,,,RIIRAI401A,TRUE,2,07/12/2014,RII,Resources and Infrastructure Industry Training Package,FALSE,Mining and Automotive Skills Alliance,,,,,,Skills and Workforce Ministerial Council,,,,,30303,Mining Engineering,,,,,,,FALSE,FALSE,,FALSE
41304,PM2 Pty Ltd,ONSHIFT EDUCATION;PM SQUARED,RIIRAI402D,Apply and monitor site plant and resource management plan,N,Unit of competency,Current,14/11/2013,Current,14/11/2013,,"Deliver and assess , Granted",18/08/2023,06/10/2029,Implicit,FALSE,FALSE,FALSE,FALSE,FALSE,FALSE,FALSE,FALSE,FALSE,,,RIIRAI402A,TRUE,2,07/12/2014,RII,Resources and Infrastructure Industry Training Package,FALSE,Mining and Automotive Skills Alliance,,,,,,Skills and Workforce Ministerial Council,,,,,30303,Mining Engineering,,,,,,,FALSE,FALSE,,FALSE
41304,PM2 Pty Ltd,ONSHIFT EDUCATION;PM SQUARED,RIIRIS201E,Conduct local risk control,N,Unit of competency,Current,23/09/2020,Current,23/09/2020,,"Deliver and assess , Granted",21/10/2022,06/10/2029,Explicit,TRUE,TRUE,TRUE,TRUE,TRUE,TRUE,TRUE,TRUE,FALSE,,,RIIRIS201D,TRUE,1,23/09/2020,RII,Resources and Infrastructure Industry Training Package,FALSE,Mining and Automotive Skills Alliance,,,,,,Skills and Workforce Ministerial Council,,,,,80317,Quality Management,,,,,,,TRUE,FALSE,,FALSE
41304,PM2 Pty Ltd,ONSHIFT EDUCATION;PM SQUARED,RIIRIS202D,Respond to site based spills,N,Unit of competency,Superseded,22/09/2020,Superseded,14/11/2013,21/09/2020,"Deliver and assess , Granted",13/10/2023,06/10/2029,Implicit,FALSE,FALSE,FALSE,FALSE,FALSE,FALSE,FALSE,FALSE,FALSE,RIIRIS202E,TRUE,,,2,07/12/2014,RII,Resources and Infrastructure Industry Training Package,FALSE,Mining and Automotive Skills Alliance,,,,,,Skills and Workforce Ministerial Council,,,,,50999,"Environmental Studies, N.e.c.",,,,,,,FALSE,FALSE,,FALSE
41304,PM2 Pty Ltd,ONSHIFT EDUCATION;PM SQUARED,RIIRIS202E,Respond to site based spills,N,Unit of competency,Current,23/09/2020,Current,23/09/2020,,"Deliver and assess , Granted",23/05/2022,06/10/2029,Implicit,FALSE,FALSE,FALSE,FALSE,FALSE,FALSE,FALSE,FALSE,FALSE,,,RIIRIS202D,TRUE,1,23/09/2020,RII,Resources and Infrastructure Industry Training Package,FALSE,Mining and Automotive Skills Alliance,,,,,,Skills and Workforce Ministerial Council,,,,,50999,"Environmental Studies, N.e.c.",,,,,,,TRUE,FALSE,,FALSE
41304,PM2 Pty Ltd,ONSHIFT EDUCATION;PM SQUARED,RIIRIS301E,Apply risk management processes,N,Unit of competency,Current,31/01/2020,Current,31/01/2020,,"Deliver and assess , Granted",21/10/2022,06/10/2029,Explicit,TRUE,TRUE,TRUE,TRUE,TRUE,TRUE,TRUE,TRUE,FALSE,,,RIIRIS301D,TRUE,1,31/01/2020,RII,Resources and Infrastructure Industry Training Package,FALSE,Mining and Automotive Skills Alliance,,,,,,Skills and Workforce Ministerial Council,,,,,61301,Occupational Health And Safety,,,,,,,TRUE,FALSE,,FALSE
41304,PM2 Pty Ltd,ONSHIFT EDUCATION;PM SQUARED,RIIRIS401E,Apply site risk management system,N,Unit of competency,Current,31/01/2020,Current,31/01/2020,,"Deliver and assess , Granted",18/08/2023,06/10/2029,Implicit,FALSE,FALSE,FALSE,FALSE,FALSE,FALSE,FALSE,FALSE,FALSE,,,RIIRIS401D,TRUE,1,31/01/2020,RII,Resources and Infrastructure Industry Training Package,FALSE,Mining and Automotive Skills Alliance,,,,,,Skills and Workforce Ministerial Council,,,,,61301,Occupational Health And Safety,,,,,,,FALSE,FALSE,,FALSE
41304,PM2 Pty Ltd,ONSHIFT EDUCATION;PM SQUARED,RIIRIS402E,Carry out the risk management process,N,Unit of competency,Current,02/03/2020,Current,02/03/2020,,"Deliver and assess , Granted",21/10/2022,06/10/2029,Explicit,TRUE,TRUE,TRUE,TRUE,TRUE,TRUE,TRUE,TRUE,FALSE,,,RIIRIS402D,TRUE,1,02/03/2020,RII,Resources and Infrastructure Industry Training Package,FALSE,Mining and Automotive Skills Alliance,,,,,,Skills and Workforce Ministerial Council,,,,,80399,"Business And Management, N.e.c.",,,,,,,TRUE,FALSE,,FALSE
41304,PM2 Pty Ltd,ONSHIFT EDUCATION;PM SQUARED,RIIRIS403D,Manage and coordinate spill response,N,Unit of competency,Superseded,22/09/2020,Superseded,14/11/2013,21/09/2020,"Deliver and assess , Granted",13/10/2023,06/10/2029,Implicit,FALSE,FALSE,FALSE,FALSE,FALSE,FALSE,FALSE,FALSE,FALSE,RIIRIS403E,TRUE,,,2,07/12/2014,RII,Resources and Infrastructure Industry Training Package,FALSE,Mining and Automotive Skills Alliance,,,,,,Skills and Workforce Ministerial Council,,,,,80399,"Business And Management, N.e.c.",,,,,,,FALSE,FALSE,,FALSE
41304,PM2 Pty Ltd,ONSHIFT EDUCATION;PM SQUARED,RIIRIS403E,Manage and coordinate spill response,N,Unit of competency,Current,23/09/2020,Current,23/09/2020,,"Deliver and assess , Granted",18/08/2023,06/10/2029,Implicit,FALSE,FALSE,FALSE,FALSE,FALSE,FALSE,FALSE,FALSE,FALSE,,,RIIRIS403D,TRUE,1,23/09/2020,RII,Resources and Infrastructure Industry Training Package,FALSE,Mining and Automotive Skills Alliance,,,,,,Skills and Workforce Ministerial Council,,,,,80399,"Business And Management, N.e.c.",,,,,,,TRUE,FALSE,,FALSE
41304,PM2 Pty Ltd,ONSHIFT EDUCATION;PM SQUARED,RIIRIS501E,Implement and maintain management systems to control risk,N,Unit of competency,Current,23/09/2020,Current,23/09/2020,,"Deliver and assess , Granted",13/10/2023,06/10/2029,Implicit,FALSE,FALSE,FALSE,FALSE,FALSE,FALSE,FALSE,FALSE,FALSE,,,RIIRIS501D,TRUE,1,23/09/2020,RII,Resources and Infrastructure Industry Training Package,FALSE,Mining and Automotive Skills Alliance,,,,,,Skills and Workforce Ministerial Council,,,,,80307,Organisation Management,,,,,,,TRUE,FALSE,,FALSE
41304,PM2 Pty Ltd,ONSHIFT EDUCATION;PM SQUARED,RIIRTM201E,"Position, set-up and operate variable message signs",N,Unit of competency,Current,25/01/2021,Current,25/01/2021,,"Deliver and assess , Granted",18/08/2023,06/10/2029,Implicit,FALSE,FALSE,FALSE,FALSE,FALSE,FALSE,FALSE,FALSE,FALSE,,,RIIRTM201D,TRUE,1,25/01/2021,RII,Resources and Infrastructure Industry Training Package,FALSE,Mining and Automotive Skills Alliance,,,,,,Skills and Workforce Ministerial Council,,,,,30717,Plant And Machine Operations,,,,,,,TRUE,FALSE,,FALSE
41304,PM2 Pty Ltd,ONSHIFT EDUCATION;PM SQUARED,RIIRTM202E,"Position, set-up and operate portable traffic signals",N,Unit of competency,Current,25/01/2021,Current,25/01/2021,,"Deliver and assess , Granted",18/08/2023,06/10/2029,Implicit,FALSE,FALSE,FALSE,FALSE,FALSE,FALSE,FALSE,FALSE,FALSE,,,RIIRTM202D,TRUE,1,25/01/2021,RII,Resources and Infrastructure Industry Training Package,FALSE,Mining and Automotive Skills Alliance,,,,,,Skills and Workforce Ministerial Council,,,,,30717,Plant And Machine Operations,,,,,,,TRUE,FALSE,,FALSE
41304,PM2 Pty Ltd,ONSHIFT EDUCATION;PM SQUARED,RIIRTM203E,Work as a safety observer/spotter,N,Unit of competency,Current,25/01/2021,Current,25/01/2021,,"Deliver and assess , Granted",23/05/2022,06/10/2029,Implicit,FALSE,FALSE,FALSE,FALSE,FALSE,FALSE,FALSE,FALSE,FALSE,,,RIIRTM203D,TRUE,1,25/01/2021,RII,Resources and Infrastructure Industry Training Package,FALSE,Mining and Automotive Skills Alliance,,,,,,Skills and Workforce Ministerial Council,,,,,61301,Occupational Health And Safety,,,,,,,TRUE,FALSE,,FALSE
41304,PM2 Pty Ltd,ONSHIFT EDUCATION;PM SQUARED,RIIRTM301E,Operate truck or trailer mounted attenuators,N,Unit of competency,Current,25/01/2021,Current,25/01/2021,,"Deliver and assess , Granted",18/08/2023,06/10/2029,Implicit,FALSE,FALSE,FALSE,FALSE,FALSE,FALSE,FALSE,FALSE,FALSE,,,RIIRTM301D,TRUE,1,25/01/2021,RII,Resources and Infrastructure Industry Training Package,FALSE,Mining and Automotive Skills Alliance,,,,,,Skills and Workforce Ministerial Council,,,,,30717,Plant And Machine Operations,,,,,,,TRUE,FALSE,,FALSE
41304,PM2 Pty Ltd,ONSHIFT EDUCATION;PM SQUARED,RIISAM201E,Handle resources and infrastructure materials and safely dispose of nontoxic materials,N,Unit of competency,Current,23/09/2020,Current,23/09/2020,,"Deliver and assess , Granted",14/06/2022,06/10/2029,Implicit,FALSE,FALSE,FALSE,FALSE,FALSE,FALSE,FALSE,FALSE,FALSE,,,RIISAM201D,TRUE,1,23/09/2020,RII,Resources and Infrastructure Industry Training Package,FALSE,Mining and Automotive Skills Alliance,,,,,,Skills and Workforce Ministerial Council,,,,,39901,Environmental Engineering,,,,,,,TRUE,FALSE,,FALSE
41304,PM2 Pty Ltd,ONSHIFT EDUCATION;PM SQUARED,RIISAM202E,Isolate and access plant,N,Unit of competency,Current,23/09/2020,Current,23/09/2020,,"Deliver and assess , Granted",13/10/2023,06/10/2029,Implicit,FALSE,FALSE,FALSE,FALSE,FALSE,FALSE,FALSE,FALSE,FALSE,,,RIISAM202D,TRUE,1,23/09/2020,RII,Resources and Infrastructure Industry Training Package,FALSE,Mining and Automotive Skills Alliance,,,,,,Skills and Workforce Ministerial Council,,,,,30717,Plant And Machine Operations,,,,,,,TRUE,FALSE,,FALSE
41304,PM2 Pty Ltd,ONSHIFT EDUCATION;PM SQUARED,RIISAM203E,Use hand and power tools,N,Unit of competency,Current,23/09/2020,Current,23/09/2020,,"Deliver and assess , Granted",14/06/2022,06/10/2029,Implicit,FALSE,FALSE,FALSE,FALSE,FALSE,FALSE,FALSE,FALSE,FALSE,,,RIISAM203D,TRUE,1,23/09/2020,RII,Resources and Infrastructure Industry Training Package,FALSE,Mining and Automotive Skills Alliance,,,,,,Skills and Workforce Ministerial Council,,,,,30717,Plant And Machine Operations,,,,,,,TRUE,FALSE,,FALSE
41304,PM2 Pty Ltd,ONSHIFT EDUCATION;PM SQUARED,RIISAM204E,Operate small plant and equipment,N,Unit of competency,Current,23/09/2020,Current,23/09/2020,,"Deliver and assess , Granted",14/06/2022,06/10/2029,Implicit,FALSE,FALSE,FALSE,FALSE,FALSE,FALSE,FALSE,FALSE,FALSE,,,RIISAM204D,TRUE,1,23/09/2020,RII,Resources and Infrastructure Industry Training Package,FALSE,Mining and Automotive Skills Alliance,,,,,,Skills and Workforce Ministerial Council,,,,,30717,Plant And Machine Operations,,,,,,,TRUE,FALSE,,FALSE
41304,PM2 Pty Ltd,ONSHIFT EDUCATION;PM SQUARED,RIISAM205E,"Cut, weld and bend materials",N,Unit of competency,Current,23/09/2020,Current,23/09/2020,,"Deliver and assess , Granted",14/06/2022,06/10/2029,Implicit,FALSE,FALSE,FALSE,FALSE,FALSE,FALSE,FALSE,FALSE,FALSE,,,RIISAM205D,TRUE,2,25/01/2021,RII,Resources and Infrastructure Industry Training Package,FALSE,Mining and Automotive Skills Alliance,,,,,,Skills and Workforce Ministerial Council,,,,,30711,Boilermaking And Welding,,,,,,,TRUE,FALSE,,FALSE
41304,PM2 Pty Ltd,ONSHIFT EDUCATION;PM SQUARED,RIISAM207E,Apply operational maintenance skills,N,Unit of competency,Current,23/09/2020,Current,23/09/2020,,"Deliver and assess , Granted",13/10/2023,06/10/2029,Implicit,FALSE,FALSE,FALSE,FALSE,FALSE,FALSE,FALSE,FALSE,FALSE,,,RIISAM207D,TRUE,1,23/09/2020,RII,Resources and Infrastructure Industry Training Package,FALSE,Mining and Automotive Skills Alliance,,,,,,Skills and Workforce Ministerial Council,,,,,30717,Plant And Machine Operations,,,,,,,TRUE,FALSE,,FALSE
41304,PM2 Pty Ltd,ONSHIFT EDUCATION;PM SQUARED,RIISAM208E,Perform plant operational maintenance,N,Unit of competency,Current,23/09/2020,Current,23/09/2020,,"Deliver and assess , Granted",13/10/2023,06/10/2029,Implicit,FALSE,FALSE,FALSE,FALSE,FALSE,FALSE,FALSE,FALSE,FALSE,,,RIISAM208D,TRUE,1,23/09/2020,RII,Resources and Infrastructure Industry Training Package,FALSE,Mining and Automotive Skills Alliance,,,,,,Skills and Workforce Ministerial Council,,,,,30717,Plant And Machine Operations,,,,,,,TRUE,FALSE,,FALSE
41304,PM2 Pty Ltd,ONSHIFT EDUCATION;PM SQUARED,RIISAM209E,Carry out operational maintenance,N,Unit of competency,Current,23/09/2020,Current,23/09/2020,,"Deliver and assess , Granted",29/08/2024,06/10/2029,Implicit,FALSE,FALSE,FALSE,FALSE,FALSE,FALSE,FALSE,FALSE,FALSE,,,RIISAM209D,TRUE,1,23/09/2020,RII,Resources and Infrastructure Industry Training Package,FALSE,Mining and Automotive Skills Alliance,,,,,,Skills and Workforce Ministerial Council,,,,,30717,Plant And Machine Operations,,,,,,,TRUE,FALSE,,FALSE
41304,PM2 Pty Ltd,ONSHIFT EDUCATION;PM SQUARED,RIISAM212E,Service mine plant and equipment,N,Unit of competency,Current,23/09/2020,Current,23/09/2020,,"Deliver and assess , Granted",13/10/2023,06/10/2029,Implicit,FALSE,FALSE,FALSE,FALSE,FALSE,FALSE,FALSE,FALSE,FALSE,,,RIISAM212D,TRUE,1,23/09/2020,RII,Resources and Infrastructure Industry Training Package,FALSE,Mining and Automotive Skills Alliance,,,,,,Skills and Workforce Ministerial Council,,,,,30717,Plant And Machine Operations,,,,,,,TRUE,FALSE,,FALSE
41304,PM2 Pty Ltd,ONSHIFT EDUCATION;PM SQUARED,RIISAM213E,Position and set up mobile lighting,N,Unit of competency,Current,23/09/2020,Current,23/09/2020,,"Deliver and assess , Granted",14/06/2022,06/10/2029,Implicit,FALSE,FALSE,FALSE,FALSE,FALSE,FALSE,FALSE,FALSE,FALSE,,,RIISAM213D,TRUE,1,23/09/2020,RII,Resources and Infrastructure Industry Training Package,FALSE,Mining and Automotive Skills Alliance,,,,,,Skills and Workforce Ministerial Council,,,,,31313,"Electrical Fitting, Electrical Mechanics",,,,,,,TRUE,FALSE,,FALSE
41304,PM2 Pty Ltd,ONSHIFT EDUCATION;PM SQUARED,RIISAM215E,Carry out drilling industry operational maintenance,N,Unit of competency,Current,23/09/2020,Current,23/09/2020,,"Deliver and assess , Granted",29/08/2024,06/10/2029,Implicit,FALSE,FALSE,FALSE,FALSE,FALSE,FALSE,FALSE,FALSE,FALSE,,,RIISAM215D,TRUE,1,23/09/2020,RII,Resources and Infrastructure Industry Training Package,FALSE,Mining and Automotive Skills Alliance,,,,,,Skills and Workforce Ministerial Council,,,,,30303,Mining Engineering,,,,,,,FALSE,FALSE,,FALSE
41304,PM2 Pty Ltd,ONSHIFT EDUCATION;PM SQUARED,RIISAM301F,Test operational functions of vehicles and equipment,N,Unit of competency,Current,23/09/2020,Current,23/09/2020,,"Deliver and assess , Granted",13/10/2023,06/10/2029,Implicit,FALSE,FALSE,FALSE,FALSE,FALSE,FALSE,FALSE,FALSE,FALSE,,,RIISAM301E,TRUE,1,23/09/2020,RII,Resources and Infrastructure Industry Training Package,FALSE,Mining and Automotive Skills Alliance,,,,,,Skills and Workforce Ministerial Council,,,,,30717,Plant And Machine Operations,,,,,,,TRUE,FALSE,,FALSE
41304,PM2 Pty Ltd,ONSHIFT EDUCATION;PM SQUARED,RIISAM303E,Shutdown dredge for operator maintenance,N,Unit of competency,Current,23/09/2020,Current,23/09/2020,,"Deliver and assess , Granted",13/10/2023,06/10/2029,Implicit,FALSE,FALSE,FALSE,FALSE,FALSE,FALSE,FALSE,FALSE,FALSE,,,RIISAM303D,TRUE,1,23/09/2020,RII,Resources and Infrastructure Industry Training Package,FALSE,Mining and Automotive Skills Alliance,,,,,,Skills and Workforce Ministerial Council,,,,,30717,Plant And Machine Operations,,,,,,,TRUE,FALSE,,FALSE
41304,PM2 Pty Ltd,ONSHIFT EDUCATION;PM SQUARED,RIISAM304E,"Install, commission and maintain major conveyor equipment and systems",N,Unit of competency,Current,23/09/2020,Current,23/09/2020,,"Deliver and assess , Granted",13/10/2023,06/10/2029,Implicit,FALSE,FALSE,FALSE,FALSE,FALSE,FALSE,FALSE,FALSE,FALSE,,,RIISAM304D,TRUE,1,23/09/2020,RII,Resources and Infrastructure Industry Training Package,FALSE,Mining and Automotive Skills Alliance,,,,,,Skills and Workforce Ministerial Council,,,,,30717,Plant And Machine Operations,,,,,,,TRUE,FALSE,,FALSE
41304,PM2 Pty Ltd,ONSHIFT EDUCATION;PM SQUARED,RIISAM306E,"Service and maintain conveyors, feeders and hoppers",N,Unit of competency,Current,23/09/2020,Current,23/09/2020,,"Deliver and assess , Granted",13/10/2023,06/10/2029,Implicit,FALSE,FALSE,FALSE,FALSE,FALSE,FALSE,FALSE,FALSE,FALSE,,,RIISAM306D,TRUE,1,23/09/2020,RII,Resources and Infrastructure Industry Training Package,FALSE,Mining and Automotive Skills Alliance,,,,,,Skills and Workforce Ministerial Council,,,,,30717,Plant And Machine Operations,,,,,,,TRUE,FALSE,,FALSE
41304,PM2 Pty Ltd,ONSHIFT EDUCATION;PM SQUARED,RIISAM307E,Service and maintain crushers,N,Unit of competency,Current,23/09/2020,Current,23/09/2020,,"Deliver and assess , Granted",13/10/2023,06/10/2029,Implicit,FALSE,FALSE,FALSE,FALSE,FALSE,FALSE,FALSE,FALSE,FALSE,,,RIISAM307D,TRUE,1,23/09/2020,RII,Resources and Infrastructure Industry Training Package,FALSE,Mining and Automotive Skills Alliance,,,,,,Skills and Workforce Ministerial Council,,,,,30717,Plant And Machine Operations,,,,,,,TRUE,FALSE,,FALSE
41304,PM2 Pty Ltd,ONSHIFT EDUCATION;PM SQUARED,RIISAM308E,Service and maintain screens,N,Unit of competency,Current,23/09/2020,Current,23/09/2020,,"Deliver and assess , Granted",13/10/2023,06/10/2029,Implicit,FALSE,FALSE,FALSE,FALSE,FALSE,FALSE,FALSE,FALSE,FALSE,,,RIISAM308D,TRUE,1,23/09/2020,RII,Resources and Infrastructure Industry Training Package,FALSE,Mining and Automotive Skills Alliance,,,,,,Skills and Workforce Ministerial Council,,,,,30717,Plant And Machine Operations,,,,,,,TRUE,FALSE,,FALSE
41304,PM2 Pty Ltd,ONSHIFT EDUCATION;PM SQUARED,RIISAM309E,Service and maintain pumps,N,Unit of competency,Current,23/09/2020,Current,23/09/2020,,"Deliver and assess , Granted",13/10/2023,06/10/2029,Implicit,FALSE,FALSE,FALSE,FALSE,FALSE,FALSE,FALSE,FALSE,FALSE,,,RIISAM309D,TRUE,1,23/09/2020,RII,Resources and Infrastructure Industry Training Package,FALSE,Mining and Automotive Skills Alliance,,,,,,Skills and Workforce Ministerial Council,,,,,30717,Plant And Machine Operations,,,,,,,TRUE,FALSE,,FALSE
41304,PM2 Pty Ltd,ONSHIFT EDUCATION;PM SQUARED,RIISAM401E,"Apply site plant, equipment and infrastructure maintenance management plans",N,Unit of competency,Current,23/09/2020,Current,23/09/2020,,"Deliver and assess , Granted",18/08/2023,06/10/2029,Implicit,FALSE,FALSE,FALSE,FALSE,FALSE,FALSE,FALSE,FALSE,FALSE,,,RIISAM401D,TRUE,1,23/09/2020,RII,Resources and Infrastructure Industry Training Package,FALSE,Mining and Automotive Skills Alliance,,,,,,Skills and Workforce Ministerial Council,,,,,30303,Mining Engineering,,,,,,,TRUE,FALSE,,FALSE
41304,PM2 Pty Ltd,ONSHIFT EDUCATION;PM SQUARED,RIISAM403E,Commission/recommission plant,N,Unit of competency,Current,23/09/2020,Current,23/09/2020,,"Deliver and assess , Granted",13/10/2023,06/10/2029,Implicit,FALSE,FALSE,FALSE,FALSE,FALSE,FALSE,FALSE,FALSE,FALSE,,,RIISAM403D,TRUE,1,23/09/2020,RII,Resources and Infrastructure Industry Training Package,FALSE,Mining and Automotive Skills Alliance,,,,,,Skills and Workforce Ministerial Council,,,,,30717,Plant And Machine Operations,,,,,,,FALSE,FALSE,,FALSE
41304,PM2 Pty Ltd,ONSHIFT EDUCATION;PM SQUARED,RIISRM301E,Blend stockpile materials,N,Unit of competency,Current,12/03/2021,Current,12/03/2021,,"Deliver and assess , Granted",13/10/2023,06/10/2029,Implicit,FALSE,FALSE,FALSE,FALSE,FALSE,FALSE,FALSE,FALSE,FALSE,,,RIISRM301D,TRUE,1,12/03/2021,RII,Resources and Infrastructure Industry Training Package,FALSE,Mining and Automotive Skills Alliance,,,,,,Skills and Workforce Ministerial Council,,,,,30303,Mining Engineering,,,,,,,FALSE,FALSE,,FALSE
41304,PM2 Pty Ltd,ONSHIFT EDUCATION;PM SQUARED,RIISRM302E,Conduct stockpile reclaiming operations,N,Unit of competency,Current,12/03/2021,Current,12/03/2021,,"Deliver and assess , Granted",13/10/2023,06/10/2029,Implicit,FALSE,FALSE,FALSE,FALSE,FALSE,FALSE,FALSE,FALSE,FALSE,,,RIISRM302D,TRUE,1,12/03/2021,RII,Resources and Infrastructure Industry Training Package,FALSE,Mining and Automotive Skills Alliance,,,,,,Skills and Workforce Ministerial Council,,,,,30303,Mining Engineering,,,,,,,FALSE,FALSE,,FALSE
41304,PM2 Pty Ltd,ONSHIFT EDUCATION;PM SQUARED,RIISRM303E,Move and position materials to form stockpiles,N,Unit of competency,Current,12/03/2021,Current,12/03/2021,,"Deliver and assess , Granted",13/10/2023,06/10/2029,Implicit,FALSE,FALSE,FALSE,FALSE,FALSE,FALSE,FALSE,FALSE,FALSE,,,RIISRM303D,TRUE,1,12/03/2021,RII,Resources and Infrastructure Industry Training Package,FALSE,Mining and Automotive Skills Alliance,,,,,,Skills and Workforce Ministerial Council,,,,,30303,Mining Engineering,,,,,,,FALSE,FALSE,,FALSE
41304,PM2 Pty Ltd,ONSHIFT EDUCATION;PM SQUARED,RIISRM304E,Maintain stockpiles,N,Unit of competency,Current,12/03/2021,Current,12/03/2021,,"Deliver and assess , Granted",13/10/2023,06/10/2029,Implicit,FALSE,FALSE,FALSE,FALSE,FALSE,FALSE,FALSE,FALSE,FALSE,,,RIISRM304D,TRUE,1,12/03/2021,RII,Resources and Infrastructure Industry Training Package,FALSE,Mining and Automotive Skills Alliance,,,,,,Skills and Workforce Ministerial Council,,,,,30303,Mining Engineering,,,,,,,TRUE,FALSE,,FALSE
41304,PM2 Pty Ltd,ONSHIFT EDUCATION;PM SQUARED,RIISRM401D,Apply and monitor the site stockpile management plan,N,Unit of competency,Current,14/11/2013,Current,14/11/2013,,"Deliver and assess , Granted",13/10/2023,06/10/2029,Implicit,FALSE,FALSE,FALSE,FALSE,FALSE,FALSE,FALSE,FALSE,FALSE,,,RIISRM401A,TRUE,2,07/12/2014,RII,Resources and Infrastructure Industry Training Package,FALSE,Mining and Automotive Skills Alliance,,,,,,Skills and Workforce Ministerial Council,,,,,30303,Mining Engineering,,,,,,,FALSE,FALSE,,FALSE
41304,PM2 Pty Ltd,ONSHIFT EDUCATION;PM SQUARED,RIISTD201D,Read and interpret maps,N,Unit of competency,Superseded,24/01/2021,Superseded,14/11/2013,23/01/2021,"Deliver and assess , Granted",29/08/2024,06/10/2029,Implicit,FALSE,FALSE,FALSE,FALSE,FALSE,FALSE,FALSE,FALSE,FALSE,RIISTD201E,TRUE,RIISTD201A,TRUE,3,07/12/2014,RII,Resources and Infrastructure Industry Training Package,FALSE,Mining and Automotive Skills Alliance,,,,,,Skills and Workforce Ministerial Council,,,,,120505,Work Practices Programmes,,,,,,,FALSE,FALSE,,FALSE
41304,PM2 Pty Ltd,ONSHIFT EDUCATION;PM SQUARED,RIISTD201E,Read and interpret maps,N,Unit of competency,Current,25/01/2021,Current,25/01/2021,,"Deliver and assess , Granted",18/08/2023,06/10/2029,Implicit,FALSE,FALSE,FALSE,FALSE,FALSE,FALSE,FALSE,FALSE,FALSE,,,RIISTD201D,TRUE,1,25/01/2021,RII,Resources and Infrastructure Industry Training Package,FALSE,Mining and Automotive Skills Alliance,,,,,,Skills and Workforce Ministerial Council,,,,,120505,Work Practices Programmes,,,,,,,TRUE,FALSE,,FALSE
41304,PM2 Pty Ltd,ONSHIFT EDUCATION;PM SQUARED,RIISTD202D,Collect routine site samples,N,Unit of competency,Superseded,24/01/2021,Superseded,14/11/2013,23/01/2021,"Deliver and assess , Granted",13/10/2023,06/10/2029,Implicit,FALSE,FALSE,FALSE,FALSE,FALSE,FALSE,FALSE,FALSE,FALSE,RIISTD202E,TRUE,RIISTD202A,TRUE,3,07/12/2014,RII,Resources and Infrastructure Industry Training Package,FALSE,Mining and Automotive Skills Alliance,,,,,,Skills and Workforce Ministerial Council,,,,,19909,Laboratory Technology,,,,,,,FALSE,FALSE,,FALSE
41304,PM2 Pty Ltd,ONSHIFT EDUCATION;PM SQUARED,RIISTD301D,Take environmental samples and measurements,N,Unit of competency,Current,14/11/2013,Current,14/11/2013,,"Deliver and assess , Granted",13/10/2023,06/10/2029,Implicit,FALSE,FALSE,FALSE,FALSE,FALSE,FALSE,FALSE,FALSE,FALSE,,,RIISTD301A,TRUE,2,07/12/2014,RII,Resources and Infrastructure Industry Training Package,FALSE,Mining and Automotive Skills Alliance,,,,,,Skills and Workforce Ministerial Council,,,,,19909,Laboratory Technology,,,,,,,FALSE,FALSE,,FALSE
41304,PM2 Pty Ltd,ONSHIFT EDUCATION;PM SQUARED,RIISTD401,Monitor quarry laboratory operations and the quality of results,N,Unit of competency,Current,23/09/2020,Current,23/09/2020,,"Deliver and assess , Granted",13/10/2023,06/10/2029,Implicit,FALSE,FALSE,FALSE,FALSE,FALSE,FALSE,FALSE,FALSE,FALSE,,,,,1,23/09/2020,RII,Resources and Infrastructure Industry Training Package,FALSE,Mining and Automotive Skills Alliance,,,,,,Skills and Workforce Ministerial Council,,,,,30303,Mining Engineering,,,,,,,FALSE,FALSE,,FALSE
41304,PM2 Pty Ltd,ONSHIFT EDUCATION;PM SQUARED,RIIUND206D,Install hand held underground ground support,N,Unit of competency,Current,14/11/2013,Current,14/11/2013,,"Deliver and assess , Granted",29/08/2024,06/10/2029,Implicit,FALSE,FALSE,FALSE,FALSE,FALSE,FALSE,FALSE,FALSE,FALSE,,,RIIUND206A,TRUE,2,07/12/2014,RII,Resources and Infrastructure Industry Training Package,FALSE,Mining and Automotive Skills Alliance,,,,,,Skills and Workforce Ministerial Council,,,,,30303,Mining Engineering,,,,,,,TRUE,FALSE,,FALSE
41304,PM2 Pty Ltd,ONSHIFT EDUCATION;PM SQUARED,RIIUND310E,Apply shotcrete underground,N,Unit of competency,Current,25/01/2021,Current,25/01/2021,,"Deliver and assess , Granted",18/08/2023,06/10/2029,Implicit,FALSE,FALSE,FALSE,FALSE,FALSE,FALSE,FALSE,FALSE,FALSE,,,RIIUND310D,TRUE,1,25/01/2021,RII,Resources and Infrastructure Industry Training Package,FALSE,Mining and Automotive Skills Alliance,,,,,,Skills and Workforce Ministerial Council,,,,,30303,Mining Engineering,,,,,,,TRUE,FALSE,,FALSE
41304,PM2 Pty Ltd,ONSHIFT EDUCATION;PM SQUARED,RIIVEH201E,Operate a light vehicle,N,Unit of competency,Current,23/09/2020,Current,23/09/2020,,"Deliver and assess , Granted",18/08/2023,06/10/2029,Implicit,FALSE,FALSE,FALSE,FALSE,FALSE,FALSE,FALSE,FALSE,FALSE,,,RIIVEH201D,TRUE,1,23/09/2020,RII,Resources and Infrastructure Industry Training Package,FALSE,Mining and Automotive Skills Alliance,,,,,,Skills and Workforce Ministerial Council,,,,,30515,Automotive Vehicle Operations,,,,,,,TRUE,FALSE,,FALSE
41304,PM2 Pty Ltd,ONSHIFT EDUCATION;PM SQUARED,RIIVEH202F,Operate a medium vehicle,N,Unit of competency,Current,23/09/2020,Current,23/09/2020,,"Deliver and assess , Granted",13/10/2023,06/10/2029,Implicit,FALSE,FALSE,FALSE,FALSE,FALSE,FALSE,FALSE,FALSE,FALSE,,,RIIVEH202E,TRUE,1,23/09/2020,RII,Resources and Infrastructure Industry Training Package,FALSE,Mining and Automotive Skills Alliance,,,,,,Skills and Workforce Ministerial Council,,,,,30515,Automotive Vehicle Operations,,,,,,,TRUE,FALSE,,FALSE
41304,PM2 Pty Ltd,ONSHIFT EDUCATION;PM SQUARED,RIIVEH203E,Operate a light vehicle underground,N,Unit of competency,Current,23/09/2020,Current,23/09/2020,,"Deliver and assess , Granted",29/08/2024,06/10/2029,Implicit,FALSE,FALSE,FALSE,FALSE,FALSE,FALSE,FALSE,FALSE,FALSE,,,RIIVEH203D,TRUE,1,23/09/2020,RII,Resources and Infrastructure Industry Training Package,FALSE,Mining and Automotive Skills Alliance,,,,,,Skills and Workforce Ministerial Council,,,,,30515,Automotive Vehicle Operations,,,,,,,TRUE,FALSE,,FALSE
41304,PM2 Pty Ltd,ONSHIFT EDUCATION;PM SQUARED,RIIVEH302E,Operate multi-combination vehicle,N,Unit of competency,Current,23/09/2020,Current,23/09/2020,,"Deliver and assess , Granted",13/10/2023,06/10/2029,Implicit,FALSE,FALSE,FALSE,FALSE,FALSE,FALSE,FALSE,FALSE,FALSE,,,RIIVEH302D,TRUE,1,23/09/2020,RII,Resources and Infrastructure Industry Training Package,FALSE,Mining and Automotive Skills Alliance,,,,,,Skills and Workforce Ministerial Council,,,,,30717,Plant And Machine Operations,,,,,,,TRUE,FALSE,,FALSE
41304,PM2 Pty Ltd,ONSHIFT EDUCATION;PM SQUARED,RIIVEH303F,Drive heavy combination vehicle,N,Unit of competency,Current,23/09/2020,Current,23/09/2020,,"Deliver and assess , Granted",13/10/2023,06/10/2029,Implicit,FALSE,FALSE,FALSE,FALSE,FALSE,FALSE,FALSE,FALSE,FALSE,,,RIIVEH303E,TRUE,2,23/03/2022,RII,Resources and Infrastructure Industry Training Package,FALSE,Mining and Automotive Skills Alliance,,,,,,Skills and Workforce Ministerial Council,,,,,30515,Automotive Vehicle Operations,,,,,,,TRUE,FALSE,,FALSE
41304,PM2 Pty Ltd,ONSHIFT EDUCATION;PM SQUARED,RIIVEH304E,Conduct tip truck operations,N,Unit of competency,Current,23/09/2020,Current,23/09/2020,,"Deliver and assess , Granted",14/06/2022,06/10/2029,Implicit,FALSE,FALSE,FALSE,FALSE,FALSE,FALSE,FALSE,FALSE,FALSE,,,RIIVEH304D,TRUE,1,23/09/2020,RII,Resources and Infrastructure Industry Training Package,FALSE,Mining and Automotive Skills Alliance,,,,,,Skills and Workforce Ministerial Council,,,,,30717,Plant And Machine Operations,,,,,,,TRUE,FALSE,,FALSE
41304,PM2 Pty Ltd,ONSHIFT EDUCATION;PM SQUARED,RIIVEH305F,Operate and maintain a four wheel drive vehicle,N,Unit of competency,Current,23/09/2020,Current,23/09/2020,,"Deliver and assess , Granted",13/10/2023,06/10/2029,Explicit,TRUE,TRUE,TRUE,TRUE,TRUE,TRUE,TRUE,TRUE,FALSE,,,RIIVEH305E,TRUE,1,23/09/2020,RII,Resources and Infrastructure Industry Training Package,FALSE,Mining and Automotive Skills Alliance,,,,,,Skills and Workforce Ministerial Council,,,,,30515,Automotive Vehicle Operations,,,,,,,TRUE,FALSE,,FALSE
41304,PM2 Pty Ltd,ONSHIFT EDUCATION;PM SQUARED,RIIVEH306E,Operate a mine service vehicle,N,Unit of competency,Current,23/09/2020,Current,23/09/2020,,"Deliver and assess , Granted",13/10/2023,06/10/2029,Implicit,FALSE,FALSE,FALSE,FALSE,FALSE,FALSE,FALSE,FALSE,FALSE,,,RIIVEH306D,TRUE,2,23/03/2022,RII,Resources and Infrastructure Industry Training Package,FALSE,Mining and Automotive Skills Alliance,,,,,,Skills and Workforce Ministerial Council,,,,,30717,Plant And Machine Operations,,,,,,,TRUE,FALSE,,FALSE
41304,PM2 Pty Ltd,ONSHIFT EDUCATION;PM SQUARED,RIIVEH307F,Operate a heavy rigid vehicle,N,Unit of competency,Current,23/09/2020,Current,23/09/2020,,"Deliver and assess , Granted",13/10/2023,06/10/2029,Implicit,FALSE,FALSE,FALSE,FALSE,FALSE,FALSE,FALSE,FALSE,FALSE,,,RIIVEH307E,TRUE,2,23/03/2022,RII,Resources and Infrastructure Industry Training Package,FALSE,Mining and Automotive Skills Alliance,,,,,,Skills and Workforce Ministerial Council,,,,,30515,Automotive Vehicle Operations,,,,,,,TRUE,FALSE,,FALSE
41304,PM2 Pty Ltd,ONSHIFT EDUCATION;PM SQUARED,RIIWBP201E,Treat and dispose of rejects and tailings,N,Unit of competency,Current,12/03/2021,Current,12/03/2021,,"Deliver and assess , Granted",13/10/2023,06/10/2029,Implicit,FALSE,FALSE,FALSE,FALSE,FALSE,FALSE,FALSE,FALSE,FALSE,,,RIIWBP201D,TRUE,1,12/03/2021,RII,Resources and Infrastructure Industry Training Package,FALSE,Mining and Automotive Skills Alliance,,,,,,Skills and Workforce Ministerial Council,,,,,39901,Environmental Engineering,,,,,,,TRUE,FALSE,,FALSE
41304,PM2 Pty Ltd,ONSHIFT EDUCATION;PM SQUARED,RIIWBP202E,Distribute tailings,N,Unit of competency,Current,12/03/2021,Current,12/03/2021,,"Deliver and assess , Granted",13/10/2023,06/10/2029,Implicit,FALSE,FALSE,FALSE,FALSE,FALSE,FALSE,FALSE,FALSE,FALSE,,,RIIWBP202D,TRUE,1,12/03/2021,RII,Resources and Infrastructure Industry Training Package,FALSE,Mining and Automotive Skills Alliance,,,,,,Skills and Workforce Ministerial Council,,,,,30303,Mining Engineering,,,,,,,TRUE,FALSE,,FALSE
41304,PM2 Pty Ltd,ONSHIFT EDUCATION;PM SQUARED,RIIWBP203E,Monitor tailings dam environments,N,Unit of competency,Current,12/03/2021,Current,12/03/2021,,"Deliver and assess , Granted",13/10/2023,06/10/2029,Implicit,FALSE,FALSE,FALSE,FALSE,FALSE,FALSE,FALSE,FALSE,FALSE,,,RIIWBP203D,TRUE,1,12/03/2021,RII,Resources and Infrastructure Industry Training Package,FALSE,Mining and Automotive Skills Alliance,,,,,,Skills and Workforce Ministerial Council,,,,,39901,Environmental Engineering,,,,,,,FALSE,FALSE,,FALSE
41304,PM2 Pty Ltd,ONSHIFT EDUCATION;PM SQUARED,RIIWBP401D,Apply and monitor site waste and by-products management plan,N,Unit of competency,Current,14/11/2013,Current,14/11/2013,,"Deliver and assess , Granted",13/10/2023,06/10/2029,Implicit,FALSE,FALSE,FALSE,FALSE,FALSE,FALSE,FALSE,FALSE,FALSE,,,RIIWBP401A,TRUE,2,07/12/2014,RII,Resources and Infrastructure Industry Training Package,FALSE,Mining and Automotive Skills Alliance,,,,,,Skills and Workforce Ministerial Council,,,,,30303,Mining Engineering,,,,,,,FALSE,FALSE,,FALSE
41304,PM2 Pty Ltd,ONSHIFT EDUCATION;PM SQUARED,RIIWHS201D,Work safely and follow WHS policies and procedures,N,Unit of competency,Superseded,22/09/2020,Superseded,14/11/2013,21/09/2020,"Deliver and assess , Granted",18/08/2023,06/10/2029,Implicit,FALSE,FALSE,FALSE,FALSE,FALSE,FALSE,FALSE,FALSE,FALSE,RIIWHS201E,TRUE,RIIOHS201A,TRUE,5,14/12/2015,RII,Resources and Infrastructure Industry Training Package,FALSE,Mining and Automotive Skills Alliance,,,,,,Skills and Workforce Ministerial Council,,,,,61301,Occupational Health And Safety,,,,,,,FALSE,FALSE,,FALSE
41304,PM2 Pty Ltd,ONSHIFT EDUCATION;PM SQUARED,RIIWHS201E,Work safely and follow WHS policies and procedures,N,Unit of competency,Current,23/09/2020,Current,23/09/2020,,"Deliver and assess , Granted",21/10/2022,06/10/2029,Explicit,TRUE,TRUE,TRUE,TRUE,TRUE,TRUE,TRUE,TRUE,FALSE,,,RIIWHS201D,TRUE,1,23/09/2020,RII,Resources and Infrastructure Industry Training Package,FALSE,Mining and Automotive Skills Alliance,,,,,,Skills and Workforce Ministerial Council,,,,,61301,Occupational Health And Safety,,,,,,,TRUE,FALSE,,FALSE
41304,PM2 Pty Ltd,ONSHIFT EDUCATION;PM SQUARED,RIIWHS202D,Enter and work in confined spaces,N,Unit of competency,Superseded,22/09/2020,Superseded,14/11/2013,21/09/2020,"Deliver and assess , Granted",19/04/2024,06/10/2029,Implicit,FALSE,FALSE,FALSE,FALSE,FALSE,FALSE,FALSE,FALSE,FALSE,RIIWHS202E,TRUE,RIIOHS202A,TRUE,4,07/12/2014,RII,Resources and Infrastructure Industry Training Package,FALSE,Mining and Automotive Skills Alliance,,,,,,Skills and Workforce Ministerial Council,,,,,61301,Occupational Health And Safety,,,,,,,FALSE,FALSE,,FALSE
41304,PM2 Pty Ltd,ONSHIFT EDUCATION;PM SQUARED,RIIWHS202E,Enter and work in confined spaces,N,Unit of competency,Current,23/09/2020,Current,23/09/2020,,"Deliver and assess , Granted",23/05/2022,06/10/2029,Implicit,FALSE,FALSE,FALSE,FALSE,FALSE,FALSE,FALSE,FALSE,FALSE,,,RIIWHS202D,TRUE,2,25/01/2021,RII,Resources and Infrastructure Industry Training Package,FALSE,Mining and Automotive Skills Alliance,,,,,,Skills and Workforce Ministerial Council,,,,,61301,Occupational Health And Safety,,,,,,,TRUE,FALSE,,FALSE
41304,PM2 Pty Ltd,ONSHIFT EDUCATION;PM SQUARED,RIIWHS204D,Work safely at heights,N,Unit of competency,Superseded,22/09/2020,Superseded,14/11/2013,21/09/2020,"Deliver and assess , Granted",19/04/2024,06/10/2029,Implicit,FALSE,FALSE,FALSE,FALSE,FALSE,FALSE,FALSE,FALSE,FALSE,RIIWHS204E,TRUE,RIIOHS204A,TRUE,4,07/12/2014,RII,Resources and Infrastructure Industry Training Package,FALSE,Mining and Automotive Skills Alliance,,,,,,Skills and Workforce Ministerial Council,,,,,61301,Occupational Health And Safety,,,,,,,FALSE,FALSE,,FALSE
41304,PM2 Pty Ltd,ONSHIFT EDUCATION;PM SQUARED,RIIWHS204E,Work safely at heights,N,Unit of competency,Current,23/09/2020,Current,23/09/2020,,"Deliver and assess , Granted",14/06/2022,06/10/2029,Implicit,FALSE,FALSE,FALSE,FALSE,FALSE,FALSE,FALSE,FALSE,FALSE,,,RIIWHS204D,TRUE,1,23/09/2020,RII,Resources and Infrastructure Industry Training Package,FALSE,Mining and Automotive Skills Alliance,,,,,,Skills and Workforce Ministerial Council,,,,,61301,Occupational Health And Safety,,,,,,,TRUE,FALSE,,FALSE
41304,PM2 Pty Ltd,ONSHIFT EDUCATION;PM SQUARED,RIIWHS205D,Control traffic with stop-slow bat,N,Unit of competency,Superseded,30/01/2020,Superseded,14/11/2013,29/01/2020,"Deliver and assess , Granted",19/04/2024,06/10/2029,Implicit,FALSE,FALSE,FALSE,FALSE,FALSE,FALSE,FALSE,FALSE,FALSE,RIIWHS205E,TRUE,RIIOHS205A,TRUE,4,07/12/2014,RII,Resources and Infrastructure Industry Training Package,FALSE,Mining and Automotive Skills Alliance,,,,,,Skills and Workforce Ministerial Council,,,,,30909,Transport Engineering,,,,,,,FALSE,FALSE,,FALSE
41304,PM2 Pty Ltd,ONSHIFT EDUCATION;PM SQUARED,RIIWHS205E,Control traffic with stop-slow bat,N,Unit of competency,Current,31/01/2020,Current,31/01/2020,,"Deliver and assess , Granted",23/05/2022,06/10/2029,Implicit,FALSE,FALSE,FALSE,FALSE,FALSE,FALSE,FALSE,FALSE,FALSE,,,RIIWHS205D,TRUE,2,23/09/2020,RII,Resources and Infrastructure Industry Training Package,FALSE,Mining and Automotive Skills Alliance,,,,,,Skills and Workforce Ministerial Council,,,,,30909,Transport Engineering,,,,,,,TRUE,FALSE,,FALSE
41304,PM2 Pty Ltd,ONSHIFT EDUCATION;PM SQUARED,RIIWHS206,Control traffic with portable traffic control devices and temporary traffic signs,N,Unit of competency,Current,31/01/2020,Current,31/01/2020,,"Deliver and assess , Granted",18/08/2023,06/10/2029,Implicit,FALSE,FALSE,FALSE,FALSE,FALSE,FALSE,FALSE,FALSE,FALSE,,,,,1,31/01/2020,RII,Resources and Infrastructure Industry Training Package,FALSE,Mining and Automotive Skills Alliance,,,,,,Skills and Workforce Ministerial Council,,,,,30909,Transport Engineering,,,,,,,FALSE,FALSE,,FALSE
41304,PM2 Pty Ltd,ONSHIFT EDUCATION;PM SQUARED,RIIWHS301E,Conduct safety and health investigations,N,Unit of competency,Current,02/03/2020,Current,02/03/2020,,"Deliver and assess , Granted",21/10/2022,06/10/2029,Explicit,TRUE,TRUE,TRUE,TRUE,TRUE,TRUE,TRUE,TRUE,FALSE,,,RIIWHS301D,TRUE,1,02/03/2020,RII,Resources and Infrastructure Industry Training Package,FALSE,Mining and Automotive Skills Alliance,,,,,,Skills and Workforce Ministerial Council,,,,,61301,Occupational Health And Safety,,,,,,,TRUE,FALSE,,FALSE
41304,PM2 Pty Ltd,ONSHIFT EDUCATION;PM SQUARED,RIIWHS302D,Implement traffic management plan,N,Unit of competency,Superseded,30/01/2020,Superseded,14/11/2013,29/01/2020,"Deliver and assess , Granted",19/04/2024,06/10/2029,Implicit,FALSE,FALSE,FALSE,FALSE,FALSE,FALSE,FALSE,FALSE,FALSE,RIIWHS302E,TRUE,RIIOHS302A,TRUE,4,07/12/2014,RII,Resources and Infrastructure Industry Training Package,FALSE,Mining and Automotive Skills Alliance,,,,,,Skills and Workforce Ministerial Council,,,,,30909,Transport Engineering,,,,,,,FALSE,FALSE,,FALSE
41304,PM2 Pty Ltd,ONSHIFT EDUCATION;PM SQUARED,RIIWHS302E,Implement traffic management plans,N,Unit of competency,Current,31/01/2020,Current,31/01/2020,,"Deliver and assess , Granted",23/05/2022,06/10/2029,Implicit,FALSE,FALSE,FALSE,FALSE,FALSE,FALSE,FALSE,FALSE,FALSE,,,RIIWHS302D,TRUE,1,31/01/2020,RII,Resources and Infrastructure Industry Training Package,FALSE,Mining and Automotive Skills Alliance,,,,,,Skills and Workforce Ministerial Council,,,,,30909,Transport Engineering,,,,,,,TRUE,FALSE,,FALSE
41304,PM2 Pty Ltd,ONSHIFT EDUCATION;PM SQUARED,RIIWHS303,"Position, set up and program portable traffic control devices",N,Unit of competency,Current,31/01/2020,Current,31/01/2020,,"Deliver and assess , Granted",18/08/2023,06/10/2029,Implicit,FALSE,FALSE,FALSE,FALSE,FALSE,FALSE,FALSE,FALSE,FALSE,,,,,1,31/01/2020,RII,Resources and Infrastructure Industry Training Package,FALSE,Mining and Automotive Skills Alliance,,,,,,Skills and Workforce Ministerial Council,,,,,30909,Transport Engineering,,,,,,,FALSE,FALSE,,FALSE
41304,PM2 Pty Ltd,ONSHIFT EDUCATION;PM SQUARED,RIIWHS304,Implement traffic management plans on high volume roads,N,Unit of competency,Current,25/01/2021,Current,25/01/2021,,"Deliver and assess , Granted",18/08/2023,06/10/2029,Implicit,FALSE,FALSE,FALSE,FALSE,FALSE,FALSE,FALSE,FALSE,FALSE,,,,,1,25/01/2021,RII,Resources and Infrastructure Industry Training Package,FALSE,Mining and Automotive Skills Alliance,,,,,,Skills and Workforce Ministerial Council,,,,,30909,Transport Engineering,,,,,,,TRUE,FALSE,,TRUE
41304,PM2 Pty Ltd,ONSHIFT EDUCATION;PM SQUARED,RIIWHS305,Implement traffic management plans on motorways and freeways,N,Unit of competency,Current,25/01/2021,Current,25/01/2021,,"Deliver and assess , Granted",18/08/2023,06/10/2029,Implicit,FALSE,FALSE,FALSE,FALSE,FALSE,FALSE,FALSE,FALSE,FALSE,,,,,1,25/01/2021,RII,Resources and Infrastructure Industry Training Package,FALSE,Mining and Automotive Skills Alliance,,,,,,Skills and Workforce Ministerial Council,,,,,30909,Transport Engineering,,,,,,,TRUE,FALSE,,TRUE
41304,PM2 Pty Ltd,ONSHIFT EDUCATION;PM SQUARED,RIIWHS401E,Supervise work in confined spaces,N,Unit of competency,Current,23/09/2020,Current,23/09/2020,,"Deliver and assess , Granted",18/08/2023,06/10/2029,Implicit,FALSE,FALSE,FALSE,FALSE,FALSE,FALSE,FALSE,FALSE,FALSE,,,RIIWHS401D,TRUE,1,23/09/2020,RII,Resources and Infrastructure Industry Training Package,FALSE,Mining and Automotive Skills Alliance,,,,,,Skills and Workforce Ministerial Council,,,,,61301,Occupational Health And Safety,,,,,,,TRUE,FALSE,,FALSE
41304,PM2 Pty Ltd,ONSHIFT EDUCATION;PM SQUARED,RIIWHS402E,Examine and maintain mine safety,N,Unit of competency,Current,23/09/2020,Current,23/09/2020,,"Deliver and assess , Granted",13/10/2023,06/10/2029,Implicit,FALSE,FALSE,FALSE,FALSE,FALSE,FALSE,FALSE,FALSE,FALSE,,,RIIWHS402D,TRUE,1,23/09/2020,RII,Resources and Infrastructure Industry Training Package,FALSE,Mining and Automotive Skills Alliance,,,,,,Skills and Workforce Ministerial Council,,,,,61301,Occupational Health And Safety,,,,,,,TRUE,FALSE,,FALSE
41304,PM2 Pty Ltd,ONSHIFT EDUCATION;PM SQUARED,RIIWHS403D,Apply the mine work health and safety management plan,N,Unit of competency,Superseded,01/03/2020,Superseded,14/11/2013,29/02/2020,"Deliver and assess , Granted",21/10/2022,06/10/2029,Implicit,FALSE,FALSE,FALSE,FALSE,FALSE,FALSE,FALSE,FALSE,FALSE,RIIWHS403E,TRUE,RIIOHS403A,TRUE,3,07/12/2014,RII,Resources and Infrastructure Industry Training Package,FALSE,Mining and Automotive Skills Alliance,,,,,,Skills and Workforce Ministerial Council,,,,,61301,Occupational Health And Safety,,,,,,,FALSE,FALSE,,FALSE
41304,PM2 Pty Ltd,ONSHIFT EDUCATION;PM SQUARED,RIIWMG201D,Conduct dewatering activities in surface operations,N,Unit of competency,Current,14/11/2013,Current,14/11/2013,,"Deliver and assess , Granted",13/10/2023,06/10/2029,Implicit,FALSE,FALSE,FALSE,FALSE,FALSE,FALSE,FALSE,FALSE,FALSE,,,RIIWMG201A,TRUE,3,07/12/2014,RII,Resources and Infrastructure Industry Training Package,FALSE,Mining and Automotive Skills Alliance,,,,,,Skills and Workforce Ministerial Council,,,,,30717,Plant And Machine Operations,,,,,,,FALSE,FALSE,,FALSE
41304,PM2 Pty Ltd,ONSHIFT EDUCATION;PM SQUARED,RIIWMG203E,Drain and dewater civil construction sites,N,Unit of competency,Current,25/01/2021,Current,25/01/2021,,"Deliver and assess , Granted",14/06/2022,06/10/2029,Implicit,FALSE,FALSE,FALSE,FALSE,FALSE,FALSE,FALSE,FALSE,FALSE,,,RIIWMG203D,TRUE,1,25/01/2021,RII,Resources and Infrastructure Industry Training Package,FALSE,Mining and Automotive Skills Alliance,,,,,,Skills and Workforce Ministerial Council,,,,,30717,Plant And Machine Operations,,,,,,,TRUE,FALSE,,FALSE
41304,PM2 Pty Ltd,ONSHIFT EDUCATION;PM SQUARED,RIIWMG301E,Control construction site water tables,N,Unit of competency,Current,25/01/2021,Current,25/01/2021,,"Deliver and assess , Granted",18/08/2023,06/10/2029,Implicit,FALSE,FALSE,FALSE,FALSE,FALSE,FALSE,FALSE,FALSE,FALSE,,,RIIWMG301D,TRUE,1,25/01/2021,RII,Resources and Infrastructure Industry Training Package,FALSE,Mining and Automotive Skills Alliance,,,,,,Skills and Workforce Ministerial Council,,,,,39901,Environmental Engineering,,,,,,,TRUE,FALSE,,FALSE
41304,PM2 Pty Ltd,ONSHIFT EDUCATION;PM SQUARED,RIIWMG302D,Reclaim and treat water,N,Unit of competency,Current,14/11/2013,Current,14/11/2013,,"Deliver and assess , Granted",13/10/2023,06/10/2029,Implicit,FALSE,FALSE,FALSE,FALSE,FALSE,FALSE,FALSE,FALSE,FALSE,,,RIIWMG302A,TRUE,3,07/12/2014,RII,Resources and Infrastructure Industry Training Package,FALSE,Mining and Automotive Skills Alliance,,,,,,Skills and Workforce Ministerial Council,,,,,39901,Environmental Engineering,,,,,,,FALSE,FALSE,,FALSE
41304,PM2 Pty Ltd,ONSHIFT EDUCATION;PM SQUARED,RIIWMG401D,Apply and monitor the site water management plan,N,Unit of competency,Current,14/11/2013,Current,14/11/2013,,"Deliver and assess , Granted",13/10/2023,06/10/2029,Implicit,FALSE,FALSE,FALSE,FALSE,FALSE,FALSE,FALSE,FALSE,FALSE,,,RIIWMG401A,TRUE,3,07/12/2014,RII,Resources and Infrastructure Industry Training Package,FALSE,Mining and Automotive Skills Alliance,,,,,,Skills and Workforce Ministerial Council,,,,,30907,Water And Sanitary Engineering,,,,,,,FALSE,FALSE,,FALSE
41304,PM2 Pty Ltd,ONSHIFT EDUCATION;PM SQUARED,SIRXCEG008,"Manage disrespectful, aggressive or abusive customers",N,Unit of competency,Current,21/10/2020,Current,21/10/2020,,"Deliver and assess , Granted",13/10/2023,06/10/2029,Implicit,FALSE,FALSE,FALSE,FALSE,FALSE,FALSE,FALSE,FALSE,FALSE,,,,,1,21/10/2020,SIR,Retail Services Training Package,FALSE,Service and Creative Skills Australia,,,,,,Skills and Workforce Ministerial Council,,,,,80399,"Business And Management, N.e.c.",,,,,,,FALSE,FALSE,,FALSE
41304,PM2 Pty Ltd,ONSHIFT EDUCATION;PM SQUARED,SITHACS001,Clean premises and equipment,N,Unit of competency,Superseded,09/06/2022,Superseded,03/03/2016,08/06/2022,"Deliver and assess , Granted",13/10/2023,06/10/2029,Implicit,FALSE,FALSE,FALSE,FALSE,FALSE,FALSE,FALSE,FALSE,FALSE,SITHACS009,TRUE,SITHACS101,TRUE,1,03/03/2016,SIT,"Tourism, Travel and Hospitality Training Package",FALSE,Service and Creative Skills Australia,,,,,,Skills and Workforce Ministerial Council,,,,,39909,Cleaning,,,,,,,FALSE,FALSE,,FALSE
41304,PM2 Pty Ltd,ONSHIFT EDUCATION;PM SQUARED,SITHACS003,Prepare rooms for guests,N,Unit of competency,Superseded,09/06/2022,Superseded,03/03/2016,08/06/2022,"Deliver and assess , Granted",13/10/2023,06/10/2029,Implicit,FALSE,FALSE,FALSE,FALSE,FALSE,FALSE,FALSE,FALSE,FALSE,SITHACS011,TRUE,SITHACS202,TRUE,1,03/03/2016,SIT,"Tourism, Travel and Hospitality Training Package",FALSE,Service and Creative Skills Australia,,,,,,Skills and Workforce Ministerial Council,,,,,110199,"Food And Hospitality, N.e.c.",,,,,,,FALSE,FALSE,,FALSE
41304,PM2 Pty Ltd,ONSHIFT EDUCATION;PM SQUARED,SITHFAB021,Provide responsible service of alcohol,N,Unit of competency,Current,10/06/2022,Current,10/06/2022,,"Deliver and assess , Granted",29/08/2024,06/10/2029,Explicit,TRUE,TRUE,TRUE,TRUE,TRUE,TRUE,TRUE,TRUE,FALSE,,,SITHFAB002,TRUE,3,13/08/2025,SIT,"Tourism, Travel and Hospitality Training Package",FALSE,Service and Creative Skills Australia,,,,,,Skills and Workforce Ministerial Council,,,,,110103,Food And Beverage Service,,,,,,,FALSE,FALSE,,FALSE
41304,PM2 Pty Ltd,ONSHIFT EDUCATION;PM SQUARED,SITHGAM022,Provide responsible gambling services,N,Unit of competency,Current,10/06/2022,Current,10/06/2022,,"Deliver and assess , Granted",29/08/2024,06/10/2029,Explicit,TRUE,TRUE,TRUE,TRUE,TRUE,TRUE,TRUE,TRUE,FALSE,,,SITHGAM001,TRUE,1,10/06/2022,SIT,"Tourism, Travel and Hospitality Training Package",FALSE,Service and Creative Skills Australia,,,,,,Skills and Workforce Ministerial Council,,,,,90513,Counselling,,,,,,,TRUE,FALSE,,FALSE
41304,PM2 Pty Ltd,ONSHIFT EDUCATION;PM SQUARED,SITHKOP001,Clean kitchen premises and equipment,N,Unit of competency,Superseded,09/06/2022,Superseded,03/03/2016,08/06/2022,"Deliver and assess , Granted",13/10/2023,06/10/2029,Implicit,FALSE,FALSE,FALSE,FALSE,FALSE,FALSE,FALSE,FALSE,FALSE,SITHKOP009,TRUE,SITHKOP101,TRUE,1,03/03/2016,SIT,"Tourism, Travel and Hospitality Training Package",FALSE,Service and Creative Skills Australia,,,,,,Skills and Workforce Ministerial Council,,,,,39909,Cleaning,,,,,,,FALSE,FALSE,,TRUE
41304,PM2 Pty Ltd,ONSHIFT EDUCATION;PM SQUARED,SITXCOM005,Manage conflict,N,Unit of competency,Superseded,09/06/2022,Superseded,03/03/2016,08/06/2022,"Deliver and assess , Granted",13/10/2023,06/10/2029,Implicit,FALSE,FALSE,FALSE,FALSE,FALSE,FALSE,FALSE,FALSE,FALSE,SITXCOM010,TRUE,SITXCOM401,TRUE,1,03/03/2016,SIT,"Tourism, Travel and Hospitality Training Package",FALSE,Service and Creative Skills Australia,,,,,,Skills and Workforce Ministerial Council,,,,,120301,Social And Interpersonal Skills Programmes,,,,,,,FALSE,FALSE,,FALSE
41304,PM2 Pty Ltd,ONSHIFT EDUCATION;PM SQUARED,SITXFSA001,Use hygienic practices for food safety,N,Unit of competency,Superseded,09/06/2022,Superseded,03/03/2016,08/06/2022,"Deliver and assess , Granted",13/10/2023,06/10/2029,Implicit,FALSE,FALSE,FALSE,FALSE,FALSE,FALSE,FALSE,FALSE,FALSE,SITXFSA005,TRUE,SITXFSA101,TRUE,1,03/03/2016,SIT,"Tourism, Travel and Hospitality Training Package",FALSE,Service and Creative Skills Australia,,,,,,Skills and Workforce Ministerial Council,,,,,110111,Food Hygiene,,,,,,,FALSE,FALSE,,FALSE
41304,PM2 Pty Ltd,ONSHIFT EDUCATION;PM SQUARED,SITXFSA006,Participate in safe food handling practices,N,Unit of competency,Current,10/06/2022,Current,10/06/2022,,"Deliver and assess , Granted",29/08/2024,06/10/2029,Explicit,TRUE,TRUE,TRUE,TRUE,TRUE,TRUE,TRUE,TRUE,FALSE,,,SITXFSA002,TRUE,1,10/06/2022,SIT,"Tourism, Travel and Hospitality Training Package",FALSE,Service and Creative Skills Australia,,,,,,Skills and Workforce Ministerial Council,,,,,110111,Food Hygiene,,,,,,,TRUE,FALSE,,FALSE
41304,PM2 Pty Ltd,ONSHIFT EDUCATION;PM SQUARED,SITXHRM002,Roster staff,N,Unit of competency,Superseded,09/06/2022,Superseded,03/03/2016,08/06/2022,"Deliver and assess , Granted",13/10/2023,06/10/2029,Implicit,FALSE,FALSE,FALSE,FALSE,FALSE,FALSE,FALSE,FALSE,FALSE,SITXHRM008,TRUE,SITXHRM401,TRUE,1,03/03/2016,SIT,"Tourism, Travel and Hospitality Training Package",FALSE,Service and Creative Skills Australia,,,,,,Skills and Workforce Ministerial Council,,,,,80303,Human Resource Management,,,,,,,FALSE,FALSE,,FALSE
41304,PM2 Pty Ltd,ONSHIFT EDUCATION;PM SQUARED,TAEASS301,Contribute to assessment,N,Unit of competency,Superseded,07/12/2022,Superseded,06/04/2016,06/12/2022,"Deliver and assess , Granted",21/10/2022,06/10/2029,Implicit,FALSE,FALSE,FALSE,FALSE,FALSE,FALSE,FALSE,FALSE,FALSE,TAEASS311,TRUE,TAEASS301B,TRUE,1,06/04/2016,TAE,Training and Education Training Package,FALSE,Department of Employment and Workplace Relations (Interim),,,,,,Skills and Workforce Ministerial Council,,,,,70109,Teacher Education: Vocational Education And Training,,,,,,,FALSE,FALSE,,FALSE
41304,PM2 Pty Ltd,ONSHIFT EDUCATION;PM SQUARED,TAEASS401,Plan assessment activities and processes,N,Unit of competency,Deleted,07/12/2022,Deleted,06/04/2016,06/12/2022,"Deliver and assess , Granted",13/10/2023,06/10/2029,Implicit,FALSE,FALSE,FALSE,FALSE,FALSE,FALSE,FALSE,FALSE,FALSE,,,TAEASS401B,FALSE,2,10/03/2017,TAE,Training and Education Training Package,FALSE,Department of Employment and Workplace Relations (Interim),,,,,,Skills and Workforce Ministerial Council,,,,,70109,Teacher Education: Vocational Education And Training,,,,,,,FALSE,FALSE,,FALSE
41304,PM2 Pty Ltd,ONSHIFT EDUCATION;PM SQUARED,TAEASS402,Assess competence,N,Unit of competency,Superseded,07/12/2022,Superseded,06/04/2016,06/12/2022,"Deliver and assess , Granted",13/10/2023,06/10/2029,Implicit,FALSE,FALSE,FALSE,FALSE,FALSE,FALSE,FALSE,FALSE,FALSE,TAEASS412,FALSE,TAEASS402B,TRUE,2,10/03/2017,TAE,Training and Education Training Package,FALSE,Department of Employment and Workplace Relations (Interim),,,,,,Skills and Workforce Ministerial Council,,,,,70109,Teacher Education: Vocational Education And Training,,,,,,,FALSE,FALSE,,FALSE
41304,PM2 Pty Ltd,ONSHIFT EDUCATION;PM SQUARED,TAEASS403,Participate in assessment validation,N,Unit of competency,Superseded,07/12/2022,Superseded,06/04/2016,06/12/2022,"Deliver and assess , Granted",13/10/2023,06/10/2029,Implicit,FALSE,FALSE,FALSE,FALSE,FALSE,FALSE,FALSE,FALSE,FALSE,TAEASS413,FALSE,TAEASS403B,FALSE,2,10/03/2017,TAE,Training and Education Training Package,FALSE,Department of Employment and Workplace Relations (Interim),,,,,,Skills and Workforce Ministerial Council,,,,,70109,Teacher Education: Vocational Education And Training,,,,,,,FALSE,FALSE,,FALSE
41304,PM2 Pty Ltd,ONSHIFT EDUCATION;PM SQUARED,TAEDEL301,Provide work skill instruction,N,Unit of competency,Superseded,07/12/2022,Superseded,06/04/2016,06/12/2022,"Deliver and assess , Granted",21/10/2022,06/10/2029,Implicit,FALSE,FALSE,FALSE,FALSE,FALSE,FALSE,FALSE,FALSE,FALSE,TAEDEL311,TRUE,TAEDEL301A,TRUE,1,06/04/2016,TAE,Training and Education Training Package,FALSE,Department of Employment and Workplace Relations (Interim),,,,,,Skills and Workforce Ministerial Council,,,,,70109,Teacher Education: Vocational Education And Training,,,,,,,FALSE,FALSE,,FALSE
41304,PM2 Pty Ltd,ONSHIFT EDUCATION;PM SQUARED,TLIA0003,Complete and check import/export documentation,N,Unit of competency,Current,12/06/2020,Current,12/06/2020,,"Deliver and assess , Granted",13/10/2023,06/10/2029,Implicit,FALSE,FALSE,FALSE,FALSE,FALSE,FALSE,FALSE,FALSE,FALSE,,,TLIA2009,TRUE,1,12/06/2020,TLI,Transport and Logistics Training Package,FALSE,Industry Skills Australia,,,,,,Skills and Workforce Ministerial Council,,,,,80311,International Business,,,,,,,FALSE,FALSE,,FALSE
41304,PM2 Pty Ltd,ONSHIFT EDUCATION;PM SQUARED,TLIA0004,Complete receival and despatch documentation,N,Unit of competency,Current,12/06/2020,Current,12/06/2020,,"Deliver and assess , Granted",05/11/2021,06/10/2029,Implicit,FALSE,FALSE,FALSE,FALSE,FALSE,FALSE,FALSE,FALSE,FALSE,,,TLIA3015,TRUE,1,12/06/2020,TLI,Transport and Logistics Training Package,FALSE,Industry Skills Australia,,,,,,Skills and Workforce Ministerial Council,,,,,89901,"Purchasing, Warehousing And Distribution",,,,,,,FALSE,FALSE,,FALSE
41304,PM2 Pty Ltd,ONSHIFT EDUCATION;PM SQUARED,TLIA0005,Connect and disconnect reefer units,N,Unit of competency,Current,12/06/2020,Current,12/06/2020,,"Deliver and assess , Granted",05/11/2021,06/10/2029,Implicit,FALSE,FALSE,FALSE,FALSE,FALSE,FALSE,FALSE,FALSE,FALSE,,,TLIA2003,TRUE,1,12/06/2020,TLI,Transport and Logistics Training Package,FALSE,Industry Skills Australia,,,,,,Skills and Workforce Ministerial Council,,,,,89901,"Purchasing, Warehousing And Distribution",,,,,,,FALSE,FALSE,,FALSE
41304,PM2 Pty Ltd,ONSHIFT EDUCATION;PM SQUARED,TLIA0013,Maintain container and freight records,N,Unit of competency,Current,12/06/2020,Current,12/06/2020,,"Deliver and assess , Granted",05/11/2021,06/10/2029,Implicit,FALSE,FALSE,FALSE,FALSE,FALSE,FALSE,FALSE,FALSE,FALSE,,,TLIA3002,TRUE,1,12/06/2020,TLI,Transport and Logistics Training Package,FALSE,Industry Skills Australia,,,,,,Skills and Workforce Ministerial Council,,,,,89901,"Purchasing, Warehousing And Distribution",,,,,,,FALSE,FALSE,,FALSE
41304,PM2 Pty Ltd,ONSHIFT EDUCATION;PM SQUARED,TLIA0017,Process receipt and delivery of containers and cargo,N,Unit of competency,Current,12/06/2020,Current,12/06/2020,,"Deliver and assess , Granted",05/11/2021,06/10/2029,Implicit,FALSE,FALSE,FALSE,FALSE,FALSE,FALSE,FALSE,FALSE,FALSE,,,TLIA3004,TRUE,1,12/06/2020,TLI,Transport and Logistics Training Package,FALSE,Industry Skills Australia,,,,,,Skills and Workforce Ministerial Council,,,,,89901,"Purchasing, Warehousing And Distribution",,,,,,,FALSE,FALSE,,FALSE
41304,PM2 Pty Ltd,ONSHIFT EDUCATION;PM SQUARED,TLIA0018,Transfer cargo,N,Unit of competency,Current,12/06/2020,Current,12/06/2020,,"Deliver and assess , Granted",05/11/2021,06/10/2029,Implicit,FALSE,FALSE,FALSE,FALSE,FALSE,FALSE,FALSE,FALSE,FALSE,,,TLIA3008,TRUE,1,12/06/2020,TLI,Transport and Logistics Training Package,FALSE,Industry Skills Australia,,,,,,Skills and Workforce Ministerial Council,,,,,89901,"Purchasing, Warehousing And Distribution",,,,,,,FALSE,FALSE,,FALSE
41304,PM2 Pty Ltd,ONSHIFT EDUCATION;PM SQUARED,TLIA0026,Check and control records and documentation,N,Unit of competency,Current,22/11/2021,Current,22/11/2021,,"Deliver and assess , Granted",14/06/2022,06/10/2029,Implicit,FALSE,FALSE,FALSE,FALSE,FALSE,FALSE,FALSE,FALSE,FALSE,,,TLIA4005,FALSE,1,22/11/2021,TLI,Transport and Logistics Training Package,FALSE,Industry Skills Australia,,,,,,Skills and Workforce Ministerial Council,,,,,89901,"Purchasing, Warehousing And Distribution",,,,,,,FALSE,FALSE,,FALSE
41304,PM2 Pty Ltd,ONSHIFT EDUCATION;PM SQUARED,TLIA0029,Monitor temperature controlled stock,N,Unit of competency,Current,22/11/2021,Current,22/11/2021,,"Deliver and assess , Granted",14/06/2022,06/10/2029,Implicit,FALSE,FALSE,FALSE,FALSE,FALSE,FALSE,FALSE,FALSE,FALSE,,,TLIA4025,TRUE,1,22/11/2021,TLI,Transport and Logistics Training Package,FALSE,Industry Skills Australia,,,,,,Skills and Workforce Ministerial Council,,,,,89901,"Purchasing, Warehousing And Distribution",,,,,,,FALSE,FALSE,,FALSE
41304,PM2 Pty Ltd,ONSHIFT EDUCATION;PM SQUARED,TLIA1001,Secure cargo,N,Unit of competency,Current,19/10/2015,Current,19/10/2015,,"Deliver and assess , Granted",29/08/2024,06/10/2029,Explicit,TRUE,TRUE,TRUE,TRUE,TRUE,TRUE,TRUE,TRUE,FALSE,,,TLIA1001A,TRUE,2,12/06/2020,TLI,Transport and Logistics Training Package,FALSE,Industry Skills Australia,,,,,,Skills and Workforce Ministerial Council,,,,,30717,Plant And Machine Operations,,,,,,,FALSE,FALSE,,FALSE
41304,PM2 Pty Ltd,ONSHIFT EDUCATION;PM SQUARED,TLIB0002,Carry out vehicle inspection,N,Unit of competency,Current,04/07/2018,Current,04/07/2018,,"Deliver and assess , Granted",05/11/2021,06/10/2029,Implicit,FALSE,FALSE,FALSE,FALSE,FALSE,FALSE,FALSE,FALSE,FALSE,,,TLIB2004,TRUE,2,22/11/2021,TLI,Transport and Logistics Training Package,FALSE,Industry Skills Australia,,,,,,Skills and Workforce Ministerial Council,,,,,30501,Automotive Engineering,,,,,,,FALSE,FALSE,,FALSE
41304,PM2 Pty Ltd,ONSHIFT EDUCATION;PM SQUARED,TLIB0003,Use and maintain minor mechanical equipment,N,Unit of competency,Current,04/07/2018,Current,04/07/2018,,"Deliver and assess , Granted",05/11/2021,06/10/2029,Implicit,FALSE,FALSE,FALSE,FALSE,FALSE,FALSE,FALSE,FALSE,FALSE,,,TLIB2029,TRUE,1,04/07/2018,TLI,Transport and Logistics Training Package,FALSE,Industry Skills Australia,,,,,,Skills and Workforce Ministerial Council,,,,,30717,Plant And Machine Operations,,,,,,,FALSE,FALSE,,FALSE
41304,PM2 Pty Ltd,ONSHIFT EDUCATION;PM SQUARED,TLIB0012,Maintain and use hand tools,N,Unit of competency,Current,29/01/2021,Current,29/01/2021,,"Deliver and assess , Granted",05/11/2021,06/10/2029,Implicit,FALSE,FALSE,FALSE,FALSE,FALSE,FALSE,FALSE,FALSE,FALSE,,,TLIB1028,TRUE,1,29/01/2021,TLI,Transport and Logistics Training Package,FALSE,Industry Skills Australia,,,,,,Skills and Workforce Ministerial Council,,,,,30717,Plant And Machine Operations,,,,,,,FALSE,FALSE,,FALSE
41304,PM2 Pty Ltd,ONSHIFT EDUCATION;PM SQUARED,TLIB0015,Clean transportation units and facilities for passenger use,N,Unit of competency,Current,22/11/2021,Current,22/11/2021,,"Deliver and assess , Granted",14/06/2022,06/10/2029,Implicit,FALSE,FALSE,FALSE,FALSE,FALSE,FALSE,FALSE,FALSE,FALSE,,,TLIB1024,TRUE,1,22/11/2021,TLI,Transport and Logistics Training Package,FALSE,Industry Skills Australia,,,,,,Skills and Workforce Ministerial Council,,,,,39909,Cleaning,,,,,,,FALSE,FALSE,,FALSE
41304,PM2 Pty Ltd,ONSHIFT EDUCATION;PM SQUARED,TLIB0016,"Clean up plant, equipment and worksite",N,Unit of competency,Current,22/11/2021,Current,22/11/2021,,"Deliver and assess , Granted",14/06/2022,06/10/2029,Implicit,FALSE,FALSE,FALSE,FALSE,FALSE,FALSE,FALSE,FALSE,FALSE,,,TLIB1031,TRUE,1,22/11/2021,TLI,Transport and Logistics Training Package,FALSE,Industry Skills Australia,,,,,,Skills and Workforce Ministerial Council,,,,,30717,Plant And Machine Operations,,,,,,,FALSE,FALSE,,FALSE
41304,PM2 Pty Ltd,ONSHIFT EDUCATION;PM SQUARED,TLIB0043,Pack-up mobile crane tools and lifting equipment,N,Unit of competency,Current,25/10/2022,Current,25/10/2022,,"Deliver and assess , Granted",25/10/2022,06/10/2029,Implicit,FALSE,FALSE,FALSE,FALSE,FALSE,FALSE,FALSE,FALSE,FALSE,,,TLIB3016,TRUE,1,25/10/2022,TLI,Transport and Logistics Training Package,FALSE,Industry Skills Australia,,,,,,Skills and Workforce Ministerial Council,,,,,30717,Plant And Machine Operations,,,,,,,TRUE,FALSE,,FALSE
41304,PM2 Pty Ltd,ONSHIFT EDUCATION;PM SQUARED,TLIB2001,Check and assess operational capabilities of equipment,N,Unit of competency,Current,19/10/2015,Current,19/10/2015,,"Deliver and assess , Granted",05/11/2021,06/10/2029,Implicit,FALSE,FALSE,FALSE,FALSE,FALSE,FALSE,FALSE,FALSE,FALSE,,,TLIB2001A,TRUE,2,12/06/2020,TLI,Transport and Logistics Training Package,FALSE,Industry Skills Australia,,,,,,Skills and Workforce Ministerial Council,,,,,30717,Plant And Machine Operations,,,,,,,FALSE,FALSE,,FALSE
41304,PM2 Pty Ltd,ONSHIFT EDUCATION;PM SQUARED,TLIB2073,Clean road tankers,N,Unit of competency,Current,29/02/2016,Current,29/02/2016,,"Deliver and assess , Granted",05/11/2021,06/10/2029,Implicit,FALSE,FALSE,FALSE,FALSE,FALSE,FALSE,FALSE,FALSE,FALSE,,,TLIB2073A,TRUE,2,22/11/2021,TLI,Transport and Logistics Training Package,FALSE,Industry Skills Australia,,,,,,Skills and Workforce Ministerial Council,,,,,30717,Plant And Machine Operations,,,,,,,FALSE,FALSE,,FALSE
41304,PM2 Pty Ltd,ONSHIFT EDUCATION;PM SQUARED,TLIB3011,Set up and rig crane for lift,N,Unit of competency,Superseded,24/10/2022,Superseded,29/02/2016,23/10/2022,"Deliver and assess , Granted",19/04/2024,06/10/2029,Implicit,FALSE,FALSE,FALSE,FALSE,FALSE,FALSE,FALSE,FALSE,FALSE,TLIB0048,FALSE,TLIB3011A,TRUE,1,29/02/2016,TLI,Transport and Logistics Training Package,FALSE,Industry Skills Australia,,,,,,Skills and Workforce Ministerial Council,,,,,30717,Plant And Machine Operations,,,,,,,FALSE,FALSE,,FALSE
41304,PM2 Pty Ltd,ONSHIFT EDUCATION;PM SQUARED,TLIB3013,Maintain mobile cranes,N,Unit of competency,Superseded,24/10/2022,Superseded,29/02/2016,23/10/2022,"Deliver and assess , Granted",19/04/2024,06/10/2029,Implicit,FALSE,FALSE,FALSE,FALSE,FALSE,FALSE,FALSE,FALSE,FALSE,TLIB0029,TRUE,TLIB3013A,TRUE,1,29/02/2016,TLI,Transport and Logistics Training Package,FALSE,Industry Skills Australia,,,,,,Skills and Workforce Ministerial Council,,,,,30717,Plant And Machine Operations,,,,,,,FALSE,FALSE,,FALSE
41304,PM2 Pty Ltd,ONSHIFT EDUCATION;PM SQUARED,TLIB3014,Load and unload wheeled or tracked crane,N,Unit of competency,Current,29/02/2016,Current,29/02/2016,,"Deliver and assess , Granted",05/11/2021,06/10/2029,Implicit,FALSE,FALSE,FALSE,FALSE,FALSE,FALSE,FALSE,FALSE,FALSE,,,TLIB3014A,TRUE,2,22/11/2021,TLI,Transport and Logistics Training Package,FALSE,Industry Skills Australia,,,,,,Skills and Workforce Ministerial Council,,,,,30717,Plant And Machine Operations,,,,,,,FALSE,FALSE,,FALSE
41304,PM2 Pty Ltd,ONSHIFT EDUCATION;PM SQUARED,TLIB3015,Undertake site inspection,N,Unit of competency,Current,29/02/2016,Current,29/02/2016,,"Deliver and assess , Granted",05/11/2021,06/10/2029,Implicit,FALSE,FALSE,FALSE,FALSE,FALSE,FALSE,FALSE,FALSE,FALSE,,,TLIB3015A,TRUE,2,22/11/2021,TLI,Transport and Logistics Training Package,FALSE,Industry Skills Australia,,,,,,Skills and Workforce Ministerial Council,,,,,61301,Occupational Health And Safety,,,,,,,FALSE,FALSE,,FALSE
41304,PM2 Pty Ltd,ONSHIFT EDUCATION;PM SQUARED,TLIC0003,Operate LP gas tanker,N,Unit of competency,Current,29/02/2016,Current,29/02/2016,,"Deliver and assess , Granted",19/04/2024,06/10/2029,Implicit,FALSE,FALSE,FALSE,FALSE,FALSE,FALSE,FALSE,FALSE,FALSE,,,TLIC4067A,FALSE,2,12/06/2020,TLI,Transport and Logistics Training Package,FALSE,Industry Skills Australia,,,,,,Skills and Workforce Ministerial Council,,,,,30515,Automotive Vehicle Operations,,,,,,,FALSE,FALSE,,TRUE
41304,PM2 Pty Ltd,ONSHIFT EDUCATION;PM SQUARED,TLIC0011,Conduct heavy vehicle recovery operations,N,Unit of competency,Current,22/11/2021,Current,22/11/2021,,"Deliver and assess , Granted",19/04/2024,06/10/2029,Implicit,FALSE,FALSE,FALSE,FALSE,FALSE,FALSE,FALSE,FALSE,FALSE,,,TLIC4070;TLIC4069;TLIC4068,False;False;False,1,22/11/2021,TLI,Transport and Logistics Training Package,FALSE,Industry Skills Australia,,,,,,Skills and Workforce Ministerial Council,,,,,30717,Plant And Machine Operations,,,,,,,FALSE,FALSE,,FALSE
41304,PM2 Pty Ltd,ONSHIFT EDUCATION;PM SQUARED,TLIC0012,Drive a heavy vehicle through hazardous alpine areas,N,Unit of competency,Current,22/11/2021,Current,22/11/2021,,"Deliver and assess , Granted",14/06/2022,06/10/2029,Implicit,FALSE,FALSE,FALSE,FALSE,FALSE,FALSE,FALSE,FALSE,FALSE,,,,,1,22/11/2021,TLI,Transport and Logistics Training Package,FALSE,Industry Skills Australia,,,,,,Skills and Workforce Ministerial Council,,,,,30515,Automotive Vehicle Operations,,,,,,,TRUE,FALSE,,FALSE
41304,PM2 Pty Ltd,ONSHIFT EDUCATION;PM SQUARED,TLIC0017,Operate a concrete agitator,N,Unit of competency,Current,22/11/2021,Current,22/11/2021,,"Deliver and assess , Granted",14/06/2022,06/10/2029,Implicit,FALSE,FALSE,FALSE,FALSE,FALSE,FALSE,FALSE,FALSE,FALSE,,,TLIC3071,TRUE,1,22/11/2021,TLI,Transport and Logistics Training Package,FALSE,Industry Skills Australia,,,,,,Skills and Workforce Ministerial Council,,,,,30717,Plant And Machine Operations,,,,,,,FALSE,FALSE,,FALSE
41304,PM2 Pty Ltd,ONSHIFT EDUCATION;PM SQUARED,TLIC0018,Operate a tip truck,N,Unit of competency,Current,22/11/2021,Current,22/11/2021,,"Deliver and assess , Granted",14/06/2022,06/10/2029,Implicit,FALSE,FALSE,FALSE,FALSE,FALSE,FALSE,FALSE,FALSE,FALSE,,,TLIC0004,TRUE,1,22/11/2021,TLI,Transport and Logistics Training Package,FALSE,Industry Skills Australia,,,,,,Skills and Workforce Ministerial Council,,,,,30717,Plant And Machine Operations,,,,,,,FALSE,FALSE,,FALSE
41304,PM2 Pty Ltd,ONSHIFT EDUCATION;PM SQUARED,TLIC0021,Operate car carrier vehicle,N,Unit of competency,Current,22/11/2021,Current,22/11/2021,,"Deliver and assess , Granted",14/06/2022,06/10/2029,Implicit,FALSE,FALSE,FALSE,FALSE,FALSE,FALSE,FALSE,FALSE,FALSE,,,TLIC3064,TRUE,1,22/11/2021,TLI,Transport and Logistics Training Package,FALSE,Industry Skills Australia,,,,,,Skills and Workforce Ministerial Council,,,,,30515,Automotive Vehicle Operations,,,,,,,FALSE,FALSE,,FALSE
41304,PM2 Pty Ltd,ONSHIFT EDUCATION;PM SQUARED,TLIC0022,Operate chemical and fuel tanker,N,Unit of competency,Current,22/11/2021,Current,22/11/2021,,"Deliver and assess , Granted",19/04/2024,06/10/2029,Implicit,FALSE,FALSE,FALSE,FALSE,FALSE,FALSE,FALSE,FALSE,FALSE,,,TLIC0001;TLIC0002;TLID4049;TLID4048,False;False;False;False,1,22/11/2021,TLI,Transport and Logistics Training Package,FALSE,Industry Skills Australia,,,,,,Skills and Workforce Ministerial Council,,,,,30515,Automotive Vehicle Operations,,,,,,,FALSE,FALSE,,TRUE
41304,PM2 Pty Ltd,ONSHIFT EDUCATION;PM SQUARED,TLIC0023,Operate four wheel drive vehicle,N,Unit of competency,Current,22/11/2021,Current,22/11/2021,,"Deliver and assess , Granted",14/06/2022,06/10/2029,Implicit,FALSE,FALSE,FALSE,FALSE,FALSE,FALSE,FALSE,FALSE,FALSE,,,TLIC2025,TRUE,1,22/11/2021,TLI,Transport and Logistics Training Package,FALSE,Industry Skills Australia,,,,,,Skills and Workforce Ministerial Council,,,,,30515,Automotive Vehicle Operations,,,,,,,FALSE,FALSE,,FALSE
41304,PM2 Pty Ltd,ONSHIFT EDUCATION;PM SQUARED,TLIC0028,Operate a battery electric bus or coach,N,Unit of competency,Current,26/07/2022,Current,26/07/2022,,"Deliver and assess , Granted",26/07/2022,06/10/2029,Implicit,FALSE,FALSE,FALSE,FALSE,FALSE,FALSE,FALSE,FALSE,FALSE,,,,,1,26/07/2022,TLI,Transport and Logistics Training Package,FALSE,Industry Skills Australia,,,,,,Skills and Workforce Ministerial Council,,,,,30515,Automotive Vehicle Operations,,,,,,,FALSE,FALSE,,FALSE
41304,PM2 Pty Ltd,ONSHIFT EDUCATION;PM SQUARED,TLIC0029,Operate a battery electric heavy vehicle,N,Unit of competency,Current,26/07/2022,Current,26/07/2022,,"Deliver and assess , Granted",26/07/2022,06/10/2029,Implicit,FALSE,FALSE,FALSE,FALSE,FALSE,FALSE,FALSE,FALSE,FALSE,,,,,1,26/07/2022,TLI,Transport and Logistics Training Package,FALSE,Industry Skills Australia,,,,,,Skills and Workforce Ministerial Council,,,,,30515,Automotive Vehicle Operations,,,,,,,FALSE,FALSE,,FALSE
41304,PM2 Pty Ltd,ONSHIFT EDUCATION;PM SQUARED,TLIC0031,Apply low risk car driving behaviours,N,Unit of competency,Current,25/10/2022,Current,25/10/2022,,"Deliver and assess , Granted",25/10/2022,06/10/2029,Implicit,FALSE,FALSE,FALSE,FALSE,FALSE,FALSE,FALSE,FALSE,FALSE,,,TLIC3036,TRUE,2,10/07/2024,TLI,Transport and Logistics Training Package,FALSE,Industry Skills Australia,,,,,,Skills and Workforce Ministerial Council,,,,,30515,Automotive Vehicle Operations,,,,,,,FALSE,FALSE,,FALSE
41304,PM2 Pty Ltd,ONSHIFT EDUCATION;PM SQUARED,TLIC0033,Apply low risk heavy vehicle driving behaviours,N,Unit of competency,Current,25/10/2022,Current,25/10/2022,,"Deliver and assess , Granted",25/10/2022,06/10/2029,Implicit,FALSE,FALSE,FALSE,FALSE,FALSE,FALSE,FALSE,FALSE,FALSE,,,TLIC3037,TRUE,1,25/10/2022,TLI,Transport and Logistics Training Package,FALSE,Industry Skills Australia,,,,,,Skills and Workforce Ministerial Council,,,,,61301,Occupational Health And Safety,,,,,,,FALSE,FALSE,,FALSE
41304,PM2 Pty Ltd,ONSHIFT EDUCATION;PM SQUARED,TLIC1051,Operate commercial vehicle,N,Unit of competency,Current,29/02/2016,Current,29/02/2016,,"Deliver and assess , Granted",05/11/2021,06/10/2029,Implicit,FALSE,FALSE,FALSE,FALSE,FALSE,FALSE,FALSE,FALSE,FALSE,,,TLIC1051A,TRUE,2,12/06/2020,TLI,Transport and Logistics Training Package,FALSE,Industry Skills Australia,,,,,,Skills and Workforce Ministerial Council,,,,,30515,Automotive Vehicle Operations,,,,,,,TRUE,FALSE,,FALSE
41304,PM2 Pty Ltd,ONSHIFT EDUCATION;PM SQUARED,TLIC2002,Drive light rigid vehicle,N,Unit of competency,Current,29/02/2016,Current,29/02/2016,,"Deliver and assess , Granted",05/11/2021,06/10/2029,Implicit,FALSE,FALSE,FALSE,FALSE,FALSE,FALSE,FALSE,FALSE,FALSE,,,TLIC2002A,TRUE,2,12/06/2020,TLI,Transport and Logistics Training Package,FALSE,Industry Skills Australia,,,,,,Skills and Workforce Ministerial Council,,,,,30515,Automotive Vehicle Operations,,,,,,,FALSE,FALSE,,FALSE
41304,PM2 Pty Ltd,ONSHIFT EDUCATION;PM SQUARED,TLIC2049,Operate heavy vehicle on unsealed roads,N,Unit of competency,Current,29/02/2016,Current,29/02/2016,,"Deliver and assess , Granted",05/11/2021,06/10/2029,Implicit,FALSE,FALSE,FALSE,FALSE,FALSE,FALSE,FALSE,FALSE,FALSE,,,TLIC2049A,TRUE,2,22/11/2021,TLI,Transport and Logistics Training Package,FALSE,Industry Skills Australia,,,,,,Skills and Workforce Ministerial Council,,,,,30515,Automotive Vehicle Operations,,,,,,,FALSE,FALSE,,FALSE
41304,PM2 Pty Ltd,ONSHIFT EDUCATION;PM SQUARED,TLIC3003,Drive medium rigid vehicle,N,Unit of competency,Current,19/10/2015,Current,19/10/2015,,"Deliver and assess , Granted",05/11/2021,06/10/2029,Implicit,FALSE,FALSE,FALSE,FALSE,FALSE,FALSE,FALSE,FALSE,FALSE,,,TLIC3003A,TRUE,2,12/06/2020,TLI,Transport and Logistics Training Package,FALSE,Industry Skills Australia,,,,,,Skills and Workforce Ministerial Council,,,,,30515,Automotive Vehicle Operations,,,,,,,FALSE,FALSE,,FALSE
41304,PM2 Pty Ltd,ONSHIFT EDUCATION;PM SQUARED,TLIC3004,Drive heavy rigid vehicle,N,Unit of competency,Current,29/02/2016,Current,29/02/2016,,"Deliver and assess , Granted",05/11/2021,06/10/2029,Implicit,FALSE,FALSE,FALSE,FALSE,FALSE,FALSE,FALSE,FALSE,FALSE,,,TLIC3004A,TRUE,2,12/06/2020,TLI,Transport and Logistics Training Package,FALSE,Industry Skills Australia,,,,,,Skills and Workforce Ministerial Council,,,,,30515,Automotive Vehicle Operations,,,,,,,FALSE,FALSE,,FALSE
41304,PM2 Pty Ltd,ONSHIFT EDUCATION;PM SQUARED,TLIC3005,Drive heavy combination vehicle,N,Unit of competency,Current,29/02/2016,Current,29/02/2016,,"Deliver and assess , Granted",05/11/2021,06/10/2029,Implicit,FALSE,FALSE,FALSE,FALSE,FALSE,FALSE,FALSE,FALSE,FALSE,,,TLIC3005A,TRUE,2,12/06/2020,TLI,Transport and Logistics Training Package,FALSE,Industry Skills Australia,,,,,,Skills and Workforce Ministerial Council,,,,,30515,Automotive Vehicle Operations,,,,,,,FALSE,FALSE,,FALSE
41304,PM2 Pty Ltd,ONSHIFT EDUCATION;PM SQUARED,TLIC3010,Pilot or escort oversized and/or overmassed loads,N,Unit of competency,Current,29/02/2016,Current,29/02/2016,,"Deliver and assess , Granted",05/11/2021,06/10/2029,Implicit,FALSE,FALSE,FALSE,FALSE,FALSE,FALSE,FALSE,FALSE,FALSE,,,TLIC3010A,TRUE,2,22/11/2021,TLI,Transport and Logistics Training Package,FALSE,Industry Skills Australia,,,,,,Skills and Workforce Ministerial Council,,,,,31705,Marine Craft Operation,,,,,,,FALSE,FALSE,,FALSE
41304,PM2 Pty Ltd,ONSHIFT EDUCATION;PM SQUARED,TLIC3011,Transport passengers with disabilities,N,Unit of competency,Current,19/10/2015,Current,19/10/2015,,"Deliver and assess , Granted",05/11/2021,06/10/2029,Implicit,FALSE,FALSE,FALSE,FALSE,FALSE,FALSE,FALSE,FALSE,FALSE,,,TLIC3011A,TRUE,2,22/11/2021,TLI,Transport and Logistics Training Package,FALSE,Industry Skills Australia,,,,,,Skills and Workforce Ministerial Council,,,,,30515,Automotive Vehicle Operations,,,,,,,FALSE,FALSE,,FALSE
41304,PM2 Pty Ltd,ONSHIFT EDUCATION;PM SQUARED,TLIC3036,Apply safe car driving behaviours,N,Unit of competency,Superseded,24/10/2022,Superseded,29/02/2016,23/10/2022,"Deliver and assess , Granted",26/03/2024,06/10/2029,Implicit,FALSE,FALSE,FALSE,FALSE,FALSE,FALSE,FALSE,FALSE,FALSE,TLIC0031,TRUE,TLIC3036A,TRUE,2,12/06/2020,TLI,Transport and Logistics Training Package,FALSE,Industry Skills Australia,,,,,,Skills and Workforce Ministerial Council,,,,,30515,Automotive Vehicle Operations,,,,,,,FALSE,FALSE,,FALSE
41304,PM2 Pty Ltd,ONSHIFT EDUCATION;PM SQUARED,TLIC3042,Operate coach/bus,N,Unit of competency,Current,29/02/2016,Current,29/02/2016,,"Deliver and assess , Granted",05/11/2021,06/10/2029,Implicit,FALSE,FALSE,FALSE,FALSE,FALSE,FALSE,FALSE,FALSE,FALSE,,,TLIC3042A,TRUE,2,12/06/2020,TLI,Transport and Logistics Training Package,FALSE,Industry Skills Australia,,,,,,Skills and Workforce Ministerial Council,,,,,30515,Automotive Vehicle Operations,,,,,,,TRUE,FALSE,,FALSE
41304,PM2 Pty Ltd,ONSHIFT EDUCATION;PM SQUARED,TLIC3063,Operate vehicle carrying special loads,N,Unit of competency,Current,29/02/2016,Current,29/02/2016,,"Deliver and assess , Granted",05/11/2021,06/10/2029,Implicit,FALSE,FALSE,FALSE,FALSE,FALSE,FALSE,FALSE,FALSE,FALSE,,,TLIC3063A,TRUE,2,12/06/2020,TLI,Transport and Logistics Training Package,FALSE,Industry Skills Australia,,,,,,Skills and Workforce Ministerial Council,,,,,30515,Automotive Vehicle Operations,,,,,,,FALSE,FALSE,,FALSE
41304,PM2 Pty Ltd,ONSHIFT EDUCATION;PM SQUARED,TLIC3083,Operate a front lift mobile compaction/collection vehicle,N,Unit of competency,Current,29/02/2016,Current,29/02/2016,,"Deliver and assess , Granted",14/06/2022,06/10/2029,Implicit,FALSE,FALSE,FALSE,FALSE,FALSE,FALSE,FALSE,FALSE,FALSE,,,TLIC3083A,TRUE,1,29/02/2016,TLI,Transport and Logistics Training Package,FALSE,Industry Skills Australia,,,,,,Skills and Workforce Ministerial Council,,,,,30717,Plant And Machine Operations,,,,,,,FALSE,FALSE,,FALSE
41304,PM2 Pty Ltd,ONSHIFT EDUCATION;PM SQUARED,TLIC3084,Operate a lift on/lift off collection vehicle,N,Unit of competency,Current,29/02/2016,Current,29/02/2016,,"Deliver and assess , Granted",14/06/2022,06/10/2029,Implicit,FALSE,FALSE,FALSE,FALSE,FALSE,FALSE,FALSE,FALSE,FALSE,,,TLIC3084A,TRUE,1,29/02/2016,TLI,Transport and Logistics Training Package,FALSE,Industry Skills Australia,,,,,,Skills and Workforce Ministerial Council,,,,,30717,Plant And Machine Operations,,,,,,,FALSE,FALSE,,FALSE
41304,PM2 Pty Ltd,ONSHIFT EDUCATION;PM SQUARED,TLIC3085,Operate a liquid waste collection vehicle,N,Unit of competency,Current,29/02/2016,Current,29/02/2016,,"Deliver and assess , Granted",14/06/2022,06/10/2029,Implicit,FALSE,FALSE,FALSE,FALSE,FALSE,FALSE,FALSE,FALSE,FALSE,,,TLIC3085A,TRUE,1,29/02/2016,TLI,Transport and Logistics Training Package,FALSE,Industry Skills Australia,,,,,,Skills and Workforce Ministerial Council,,,,,30717,Plant And Machine Operations,,,,,,,FALSE,FALSE,,FALSE
41304,PM2 Pty Ltd,ONSHIFT EDUCATION;PM SQUARED,TLIC3086,Operate a multi-lift collection vehicle,N,Unit of competency,Current,29/02/2016,Current,29/02/2016,,"Deliver and assess , Granted",14/06/2022,06/10/2029,Implicit,FALSE,FALSE,FALSE,FALSE,FALSE,FALSE,FALSE,FALSE,FALSE,,,TLIC3086A,TRUE,1,29/02/2016,TLI,Transport and Logistics Training Package,FALSE,Industry Skills Australia,,,,,,Skills and Workforce Ministerial Council,,,,,30717,Plant And Machine Operations,,,,,,,FALSE,FALSE,,FALSE
41304,PM2 Pty Ltd,ONSHIFT EDUCATION;PM SQUARED,TLIC3087,Operate a rear loading mobile compaction/collection vehicle,N,Unit of competency,Current,29/02/2016,Current,29/02/2016,,"Deliver and assess , Granted",14/06/2022,06/10/2029,Implicit,FALSE,FALSE,FALSE,FALSE,FALSE,FALSE,FALSE,FALSE,FALSE,,,TLIC3087A,TRUE,1,29/02/2016,TLI,Transport and Logistics Training Package,FALSE,Industry Skills Australia,,,,,,Skills and Workforce Ministerial Council,,,,,30717,Plant And Machine Operations,,,,,,,FALSE,FALSE,,FALSE
41304,PM2 Pty Ltd,ONSHIFT EDUCATION;PM SQUARED,TLIC3088,Operate a roll on/roll off collection vehicle,N,Unit of competency,Current,29/02/2016,Current,29/02/2016,,"Deliver and assess , Granted",14/06/2022,06/10/2029,Implicit,FALSE,FALSE,FALSE,FALSE,FALSE,FALSE,FALSE,FALSE,FALSE,,,TLIC3088A,TRUE,1,29/02/2016,TLI,Transport and Logistics Training Package,FALSE,Industry Skills Australia,,,,,,Skills and Workforce Ministerial Council,,,,,30717,Plant And Machine Operations,,,,,,,FALSE,FALSE,,FALSE
41304,PM2 Pty Ltd,ONSHIFT EDUCATION;PM SQUARED,TLIC3089,Operate a side loading mobile compaction/collection vehicle,N,Unit of competency,Current,29/02/2016,Current,29/02/2016,,"Deliver and assess , Granted",14/06/2022,06/10/2029,Implicit,FALSE,FALSE,FALSE,FALSE,FALSE,FALSE,FALSE,FALSE,FALSE,,,TLIC3089A,TRUE,1,29/02/2016,TLI,Transport and Logistics Training Package,FALSE,Industry Skills Australia,,,,,,Skills and Workforce Ministerial Council,,,,,30717,Plant And Machine Operations,,,,,,,FALSE,FALSE,,FALSE
41304,PM2 Pty Ltd,ONSHIFT EDUCATION;PM SQUARED,TLIC4006,Drive multi-combination vehicle,N,Unit of competency,Current,29/02/2016,Current,29/02/2016,,"Deliver and assess , Granted",05/11/2021,06/10/2029,Implicit,FALSE,FALSE,FALSE,FALSE,FALSE,FALSE,FALSE,FALSE,FALSE,,,TLIC4006A,TRUE,2,12/06/2020,TLI,Transport and Logistics Training Package,FALSE,Industry Skills Australia,,,,,,Skills and Workforce Ministerial Council,,,,,30515,Automotive Vehicle Operations,,,,,,,FALSE,FALSE,,FALSE
41304,PM2 Pty Ltd,ONSHIFT EDUCATION;PM SQUARED,TLID0001,Load and unload vehicles carrying special loads,N,Unit of competency,Current,04/07/2018,Current,04/07/2018,,"Deliver and assess , Granted",05/11/2021,06/10/2029,Implicit,FALSE,FALSE,FALSE,FALSE,FALSE,FALSE,FALSE,FALSE,FALSE,,,TLID3014,TRUE,2,22/11/2021,TLI,Transport and Logistics Training Package,FALSE,Industry Skills Australia,,,,,,Skills and Workforce Ministerial Council,,,,,30717,Plant And Machine Operations,,,,,,,FALSE,FALSE,,FALSE
41304,PM2 Pty Ltd,ONSHIFT EDUCATION;PM SQUARED,TLID0002,Care for livestock in transit,N,Unit of competency,Current,04/07/2018,Current,04/07/2018,,"Deliver and assess , Granted",05/11/2021,06/10/2029,Implicit,FALSE,FALSE,FALSE,FALSE,FALSE,FALSE,FALSE,FALSE,FALSE,,,TLID3020,TRUE,1,04/07/2018,TLI,Transport and Logistics Training Package,FALSE,Industry Skills Australia,,,,,,Skills and Workforce Ministerial Council,,,,,50105,Animal Husbandry,,,,,,,FALSE,FALSE,,FALSE
41304,PM2 Pty Ltd,ONSHIFT EDUCATION;PM SQUARED,TLID0006,Move materials mechanically using automated equipment,N,Unit of competency,Current,12/06/2020,Current,12/06/2020,,"Deliver and assess , Granted",05/11/2021,06/10/2029,Implicit,FALSE,FALSE,FALSE,FALSE,FALSE,FALSE,FALSE,FALSE,FALSE,,,TLID2013,TRUE,1,12/06/2020,TLI,Transport and Logistics Training Package,FALSE,Industry Skills Australia,,,,,,Skills and Workforce Ministerial Council,,,,,30717,Plant And Machine Operations,,,,,,,FALSE,FALSE,,FALSE
41304,PM2 Pty Ltd,ONSHIFT EDUCATION;PM SQUARED,TLID0007,Operate specialised load shifting equipment,N,Unit of competency,Current,12/06/2020,Current,12/06/2020,,"Deliver and assess , Granted",05/11/2021,06/10/2029,Implicit,FALSE,FALSE,FALSE,FALSE,FALSE,FALSE,FALSE,FALSE,FALSE,,,TLID2012,TRUE,1,12/06/2020,TLI,Transport and Logistics Training Package,FALSE,Industry Skills Australia,,,,,,Skills and Workforce Ministerial Council,,,,,30717,Plant And Machine Operations,,,,,,,FALSE,FALSE,,FALSE
41304,PM2 Pty Ltd,ONSHIFT EDUCATION;PM SQUARED,TLID0011,Use bulk transfer equipment (dry),N,Unit of competency,Current,12/06/2020,Current,12/06/2020,,"Deliver and assess , Granted",05/11/2021,06/10/2029,Implicit,FALSE,FALSE,FALSE,FALSE,FALSE,FALSE,FALSE,FALSE,FALSE,,,TLID2021,TRUE,1,12/06/2020,TLI,Transport and Logistics Training Package,FALSE,Industry Skills Australia,,,,,,Skills and Workforce Ministerial Council,,,,,30717,Plant And Machine Operations,,,,,,,FALSE,FALSE,,FALSE
41304,PM2 Pty Ltd,ONSHIFT EDUCATION;PM SQUARED,TLID0012,Operate a vehicle-mounted loading crane,N,Unit of competency,Current,29/01/2021,Current,29/01/2021,,"Deliver and assess , Granted",05/11/2021,06/10/2029,Implicit,FALSE,FALSE,FALSE,FALSE,FALSE,FALSE,FALSE,FALSE,FALSE,,,TLID3033,TRUE,1,29/01/2021,TLI,Transport and Logistics Training Package,FALSE,Industry Skills Australia,,,,,,Skills and Workforce Ministerial Council,,,,,30717,Plant And Machine Operations,,,,,,,TRUE,FALSE,,FALSE
41304,PM2 Pty Ltd,ONSHIFT EDUCATION;PM SQUARED,TLID0014,Load and unload explosives/dangerous goods,N,Unit of competency,Current,22/11/2021,Current,22/11/2021,,"Deliver and assess , Granted",14/06/2022,06/10/2029,Implicit,FALSE,FALSE,FALSE,FALSE,FALSE,FALSE,FALSE,FALSE,FALSE,,,TLID2016,TRUE,1,22/11/2021,TLI,Transport and Logistics Training Package,FALSE,Industry Skills Australia,,,,,,Skills and Workforce Ministerial Council,,,,,89901,"Purchasing, Warehousing And Distribution",,,,,,,FALSE,FALSE,,FALSE
41304,PM2 Pty Ltd,ONSHIFT EDUCATION;PM SQUARED,TLID0015,Load and unload goods/cargo,N,Unit of competency,Current,22/11/2021,Current,22/11/2021,,"Deliver and assess , Granted",14/06/2022,06/10/2029,Implicit,FALSE,FALSE,FALSE,FALSE,FALSE,FALSE,FALSE,FALSE,FALSE,,,TLID2004,TRUE,1,22/11/2021,TLI,Transport and Logistics Training Package,FALSE,Industry Skills Australia,,,,,,Skills and Workforce Ministerial Council,,,,,89901,"Purchasing, Warehousing And Distribution",,,,,,,FALSE,FALSE,,FALSE
41304,PM2 Pty Ltd,ONSHIFT EDUCATION;PM SQUARED,TLID0016,Operate a forklift,N,Unit of competency,Current,22/11/2021,Current,22/11/2021,,"Deliver and assess , Granted",14/06/2022,06/10/2029,Implicit,FALSE,FALSE,FALSE,FALSE,FALSE,FALSE,FALSE,FALSE,FALSE,,,TLID2010,FALSE,1,22/11/2021,TLI,Transport and Logistics Training Package,FALSE,Industry Skills Australia,,,,,,Skills and Workforce Ministerial Council,,,,,30717,Plant And Machine Operations,,,,,,,FALSE,FALSE,,FALSE
41304,PM2 Pty Ltd,ONSHIFT EDUCATION;PM SQUARED,TLID0017,Operate container side lifter,N,Unit of competency,Current,22/11/2021,Current,22/11/2021,,"Deliver and assess , Granted",14/06/2022,06/10/2029,Implicit,FALSE,FALSE,FALSE,FALSE,FALSE,FALSE,FALSE,FALSE,FALSE,,,TLID3046,TRUE,1,22/11/2021,TLI,Transport and Logistics Training Package,FALSE,Industry Skills Australia,,,,,,Skills and Workforce Ministerial Council,,,,,30717,Plant And Machine Operations,,,,,,,FALSE,FALSE,,FALSE
41304,PM2 Pty Ltd,ONSHIFT EDUCATION;PM SQUARED,TLID0018,Prepare for transport of dangerous goods,N,Unit of competency,Current,22/11/2021,Current,22/11/2021,,"Deliver and assess , Granted",14/06/2022,06/10/2029,Implicit,FALSE,FALSE,FALSE,FALSE,FALSE,FALSE,FALSE,FALSE,FALSE,,,TLID3027,TRUE,1,22/11/2021,TLI,Transport and Logistics Training Package,FALSE,Industry Skills Australia,,,,,,Skills and Workforce Ministerial Council,,,,,89901,"Purchasing, Warehousing And Distribution",,,,,,,FALSE,FALSE,,FALSE
41304,PM2 Pty Ltd,ONSHIFT EDUCATION;PM SQUARED,TLID0019,Shift loads using manually-operated equipment,N,Unit of competency,Current,22/11/2021,Current,22/11/2021,,"Deliver and assess , Granted",14/06/2022,06/10/2029,Implicit,FALSE,FALSE,FALSE,FALSE,FALSE,FALSE,FALSE,FALSE,FALSE,,,TLID1002,TRUE,1,22/11/2021,TLI,Transport and Logistics Training Package,FALSE,Industry Skills Australia,,,,,,Skills and Workforce Ministerial Council,,,,,30717,Plant And Machine Operations,,,,,,,FALSE,FALSE,,FALSE
41304,PM2 Pty Ltd,ONSHIFT EDUCATION;PM SQUARED,TLID0020,Shift materials safely using manual handling methods,N,Unit of competency,Current,22/11/2021,Current,22/11/2021,,"Deliver and assess , Granted",23/05/2022,06/10/2029,Explicit,TRUE,TRUE,TRUE,TRUE,TRUE,TRUE,TRUE,TRUE,FALSE,,,TLID1001,TRUE,1,22/11/2021,TLI,Transport and Logistics Training Package,FALSE,Industry Skills Australia,,,,,,Skills and Workforce Ministerial Council,,,,,30717,Plant And Machine Operations,,,,,,,FALSE,FALSE,,FALSE
41304,PM2 Pty Ltd,ONSHIFT EDUCATION;PM SQUARED,TLID0021,Store and handle dangerous goods and hazardous substances,N,Unit of competency,Current,22/11/2021,Current,22/11/2021,,"Deliver and assess , Granted",23/05/2022,06/10/2029,Explicit,TRUE,TRUE,TRUE,TRUE,TRUE,TRUE,TRUE,TRUE,FALSE,,,TLID2003,TRUE,1,22/11/2021,TLI,Transport and Logistics Training Package,FALSE,Industry Skills Australia,,,,,,Skills and Workforce Ministerial Council,,,,,89901,"Purchasing, Warehousing And Distribution",,,,,,,FALSE,FALSE,,FALSE
41304,PM2 Pty Ltd,ONSHIFT EDUCATION;PM SQUARED,TLID0041,Plan and conduct specialised lift,N,Unit of competency,Current,25/10/2022,Current,25/10/2022,,"Deliver and assess , Granted",25/10/2022,06/10/2029,Implicit,FALSE,FALSE,FALSE,FALSE,FALSE,FALSE,FALSE,FALSE,FALSE,,,TLID4032,TRUE,1,25/10/2022,TLI,Transport and Logistics Training Package,FALSE,Industry Skills Australia,,,,,,Skills and Workforce Ministerial Council,,,,,30717,Plant And Machine Operations,,,,,,,TRUE,FALSE,,FALSE
41304,PM2 Pty Ltd,ONSHIFT EDUCATION;PM SQUARED,TLID0042,Handle furniture and effects,N,Unit of competency,Current,29/05/2025,Current,29/05/2025,,"Deliver and assess , Granted",29/05/2025,06/10/2029,Implicit,FALSE,FALSE,FALSE,FALSE,FALSE,FALSE,FALSE,FALSE,FALSE,,,TLID2018,TRUE,1,29/05/2025,TLI,Transport and Logistics Training Package,FALSE,Industry Skills Australia,,,,,,Skills and Workforce Ministerial Council,,,,,89901,"Purchasing, Warehousing And Distribution",,,,,,,FALSE,FALSE,,FALSE
41304,PM2 Pty Ltd,ONSHIFT EDUCATION;PM SQUARED,TLID0044,Pack and unpack furniture and effects,N,Unit of competency,Current,29/05/2025,Current,29/05/2025,,"Deliver and assess , Granted",29/05/2025,06/10/2029,Implicit,FALSE,FALSE,FALSE,FALSE,FALSE,FALSE,FALSE,FALSE,FALSE,,,TLID3048,TRUE,1,29/05/2025,TLI,Transport and Logistics Training Package,FALSE,Industry Skills Australia,,,,,,Skills and Workforce Ministerial Council,,,,,89901,"Purchasing, Warehousing And Distribution",,,,,,,FALSE,FALSE,,FALSE
41304,PM2 Pty Ltd,ONSHIFT EDUCATION;PM SQUARED,TLID0045,Coordinate furniture removal,N,Unit of competency,Current,29/05/2025,Current,29/05/2025,,"Deliver and assess , Granted",29/05/2025,06/10/2029,Implicit,FALSE,FALSE,FALSE,FALSE,FALSE,FALSE,FALSE,FALSE,FALSE,,,TLID3050,TRUE,1,29/05/2025,TLI,Transport and Logistics Training Package,FALSE,Industry Skills Australia,,,,,,Skills and Workforce Ministerial Council,,,,,89901,"Purchasing, Warehousing And Distribution",,,,,,,FALSE,FALSE,,FALSE
41304,PM2 Pty Ltd,ONSHIFT EDUCATION;PM SQUARED,TLID1001,Shift materials safely using manual handling methods,N,Unit of competency,Superseded,21/11/2021,Superseded,19/10/2015,20/11/2021,"Deliver and assess , Granted",05/11/2021,06/10/2029,Implicit,FALSE,FALSE,FALSE,FALSE,FALSE,FALSE,FALSE,FALSE,FALSE,TLID0020,TRUE,TLID1001A,TRUE,1,19/10/2015,TLI,Transport and Logistics Training Package,FALSE,Industry Skills Australia,,,,,,Skills and Workforce Ministerial Council,,,,,30717,Plant And Machine Operations,,,,,,,FALSE,FALSE,,FALSE
41304,PM2 Pty Ltd,ONSHIFT EDUCATION;PM SQUARED,TLID2003,Handle dangerous goods/hazardous substances,N,Unit of competency,Superseded,21/11/2021,Superseded,29/02/2016,20/11/2021,"Deliver and assess , Granted",05/11/2021,06/10/2029,Implicit,FALSE,FALSE,FALSE,FALSE,FALSE,FALSE,FALSE,FALSE,FALSE,TLID0021,TRUE,TLID2003A,TRUE,1,29/02/2016,TLI,Transport and Logistics Training Package,FALSE,Industry Skills Australia,,,,,,Skills and Workforce Ministerial Council,,,,,89901,"Purchasing, Warehousing And Distribution",,,,,,,FALSE,FALSE,,FALSE
41304,PM2 Pty Ltd,ONSHIFT EDUCATION;PM SQUARED,TLID2010,Operate a forklift,N,Unit of competency,Superseded,21/11/2021,Superseded,19/10/2015,20/11/2021,"Deliver and assess , Granted",19/04/2024,06/10/2029,Implicit,FALSE,FALSE,FALSE,FALSE,FALSE,FALSE,FALSE,FALSE,FALSE,TLID0016,FALSE,TLID2010A,TRUE,1,19/10/2015,TLI,Transport and Logistics Training Package,FALSE,Industry Skills Australia,,,,,,Skills and Workforce Ministerial Council,,,,,30717,Plant And Machine Operations,,,,,,,FALSE,FALSE,,FALSE
41304,PM2 Pty Ltd,ONSHIFT EDUCATION;PM SQUARED,TLID2022,Conduct weighbridge operations,N,Unit of competency,Current,29/02/2016,Current,29/02/2016,,"Deliver and assess , Granted",05/11/2021,06/10/2029,Implicit,FALSE,FALSE,FALSE,FALSE,FALSE,FALSE,FALSE,FALSE,FALSE,,,TLID2022A,TRUE,2,22/11/2021,TLI,Transport and Logistics Training Package,FALSE,Industry Skills Australia,,,,,,Skills and Workforce Ministerial Council,,,,,30717,Plant And Machine Operations,,,,,,,FALSE,FALSE,,FALSE
41304,PM2 Pty Ltd,ONSHIFT EDUCATION;PM SQUARED,TLID2045,Operate specialised light load shifting equipment,N,Unit of competency,Current,29/02/2016,Current,29/02/2016,,"Deliver and assess , Granted",05/11/2021,06/10/2029,Implicit,FALSE,FALSE,FALSE,FALSE,FALSE,FALSE,FALSE,FALSE,FALSE,,,TLID2045A,TRUE,2,22/11/2021,TLI,Transport and Logistics Training Package,FALSE,Industry Skills Australia,,,,,,Skills and Workforce Ministerial Council,,,,,30717,Plant And Machine Operations,,,,,,,TRUE,FALSE,,FALSE
41304,PM2 Pty Ltd,ONSHIFT EDUCATION;PM SQUARED,TLID2047,Prepare cargo for transfer with slings,N,Unit of competency,Current,29/02/2016,Current,29/02/2016,,"Deliver and assess , Granted",05/11/2021,06/10/2029,Implicit,FALSE,FALSE,FALSE,FALSE,FALSE,FALSE,FALSE,FALSE,FALSE,,,TLID2047A,TRUE,2,22/11/2021,TLI,Transport and Logistics Training Package,FALSE,Industry Skills Australia,,,,,,Skills and Workforce Ministerial Council,,,,,30717,Plant And Machine Operations,,,,,,,FALSE,FALSE,,FALSE
41304,PM2 Pty Ltd,ONSHIFT EDUCATION;PM SQUARED,TLID3011,Conduct specialised forklift operations,N,Unit of competency,Current,29/02/2016,Current,29/02/2016,,"Deliver and assess , Granted",18/08/2023,06/10/2029,Implicit,FALSE,FALSE,FALSE,FALSE,FALSE,FALSE,FALSE,FALSE,FALSE,,,TLID3011A,TRUE,1,29/02/2016,TLI,Transport and Logistics Training Package,FALSE,Industry Skills Australia,,,,,,Skills and Workforce Ministerial Council,,,,,30717,Plant And Machine Operations,,,,,,,TRUE,FALSE,,FALSE
41304,PM2 Pty Ltd,ONSHIFT EDUCATION;PM SQUARED,TLID3015,Identify and label explosives/dangerous goods,N,Unit of competency,Current,29/02/2016,Current,29/02/2016,,"Deliver and assess , Granted",05/11/2021,06/10/2029,Implicit,FALSE,FALSE,FALSE,FALSE,FALSE,FALSE,FALSE,FALSE,FALSE,,,TLID3015A,TRUE,3,15/12/2022,TLI,Transport and Logistics Training Package,FALSE,Industry Skills Australia,,,,,,Skills and Workforce Ministerial Council,,,,,89901,"Purchasing, Warehousing And Distribution",,,,,,,FALSE,FALSE,,FALSE
41304,PM2 Pty Ltd,ONSHIFT EDUCATION;PM SQUARED,TLID3023,Use specialised liquid bulk gas transfer equipment,N,Unit of competency,Current,29/02/2016,Current,29/02/2016,,"Deliver and assess , Granted",05/11/2021,06/10/2029,Implicit,FALSE,FALSE,FALSE,FALSE,FALSE,FALSE,FALSE,FALSE,FALSE,,,TLID3023A,TRUE,2,22/11/2021,TLI,Transport and Logistics Training Package,FALSE,Industry Skills Australia,,,,,,Skills and Workforce Ministerial Council,,,,,30717,Plant And Machine Operations,,,,,,,FALSE,FALSE,,FALSE
41304,PM2 Pty Ltd,ONSHIFT EDUCATION;PM SQUARED,TLID3024,Use specialised liquid bulk transfer equipment (gravity/pressurised),N,Unit of competency,Current,29/02/2016,Current,29/02/2016,,"Deliver and assess , Granted",05/11/2021,06/10/2029,Implicit,FALSE,FALSE,FALSE,FALSE,FALSE,FALSE,FALSE,FALSE,FALSE,,,TLID3024A,TRUE,2,22/11/2021,TLI,Transport and Logistics Training Package,FALSE,Industry Skills Australia,,,,,,Skills and Workforce Ministerial Council,,,,,30717,Plant And Machine Operations,,,,,,,FALSE,FALSE,,FALSE
41304,PM2 Pty Ltd,ONSHIFT EDUCATION;PM SQUARED,TLID3031,Rig load,N,Unit of competency,Current,29/02/2016,Current,29/02/2016,,"Deliver and assess , Granted",05/11/2021,06/10/2029,Implicit,FALSE,FALSE,FALSE,FALSE,FALSE,FALSE,FALSE,FALSE,FALSE,,,TLID3031A,TRUE,2,22/11/2021,TLI,Transport and Logistics Training Package,FALSE,Industry Skills Australia,,,,,,Skills and Workforce Ministerial Council,,,,,30717,Plant And Machine Operations,,,,,,,TRUE,FALSE,,FALSE
41304,PM2 Pty Ltd,ONSHIFT EDUCATION;PM SQUARED,TLID3035,Operate a boom type elevating work platform,N,Unit of competency,Current,29/02/2016,Current,29/02/2016,,"Deliver and assess , Granted",05/11/2021,06/10/2029,Implicit,FALSE,FALSE,FALSE,FALSE,FALSE,FALSE,FALSE,FALSE,FALSE,,,TLID3035A,TRUE,1,29/02/2016,TLI,Transport and Logistics Training Package,FALSE,Industry Skills Australia,,,,,,Skills and Workforce Ministerial Council,,,,,30717,Plant And Machine Operations,,,,,,,FALSE,FALSE,,FALSE
41304,PM2 Pty Ltd,ONSHIFT EDUCATION;PM SQUARED,TLID3036,Lift and move load using a mobile crane,N,Unit of competency,Current,29/02/2016,Current,29/02/2016,,"Deliver and assess , Granted",05/11/2021,06/10/2029,Implicit,FALSE,FALSE,FALSE,FALSE,FALSE,FALSE,FALSE,FALSE,FALSE,,,TLID3036A,TRUE,2,22/11/2021,TLI,Transport and Logistics Training Package,FALSE,Industry Skills Australia,,,,,,Skills and Workforce Ministerial Council,,,,,30717,Plant And Machine Operations,,,,,,,FALSE,FALSE,,FALSE
41304,PM2 Pty Ltd,ONSHIFT EDUCATION;PM SQUARED,TLIE0002,Process workplace documentation,N,Unit of competency,Current,04/07/2018,Current,04/07/2018,,"Deliver and assess , Granted",05/11/2021,06/10/2029,Implicit,FALSE,FALSE,FALSE,FALSE,FALSE,FALSE,FALSE,FALSE,FALSE,,,TLIE2008,TRUE,2,12/06/2020,TLI,Transport and Logistics Training Package,FALSE,Industry Skills Australia,,,,,,Skills and Workforce Ministerial Council,,,,,120505,Work Practices Programmes,,,,,,,FALSE,FALSE,,FALSE
41304,PM2 Pty Ltd,ONSHIFT EDUCATION;PM SQUARED,TLIE0003,Consolidate manifest documentation,N,Unit of competency,Current,12/06/2020,Current,12/06/2020,,"Deliver and assess , Granted",05/11/2021,06/10/2029,Implicit,FALSE,FALSE,FALSE,FALSE,FALSE,FALSE,FALSE,FALSE,FALSE,,,TLIE3012,TRUE,1,12/06/2020,TLI,Transport and Logistics Training Package,FALSE,Industry Skills Australia,,,,,,Skills and Workforce Ministerial Council,,,,,89901,"Purchasing, Warehousing And Distribution",,,,,,,FALSE,FALSE,,FALSE
41304,PM2 Pty Ltd,ONSHIFT EDUCATION;PM SQUARED,TLIE0008,"Calculate mass, area and quantify dimensions",N,Unit of competency,Current,22/11/2021,Current,22/11/2021,,"Deliver and assess , Granted",14/06/2022,06/10/2029,Implicit,FALSE,FALSE,FALSE,FALSE,FALSE,FALSE,FALSE,FALSE,FALSE,,,TLIE3002,TRUE,1,22/11/2021,TLI,Transport and Logistics Training Package,FALSE,Industry Skills Australia,,,,,,Skills and Workforce Ministerial Council,,,,,10101,Mathematics,,,,,,,FALSE,FALSE,,FALSE
41304,PM2 Pty Ltd,ONSHIFT EDUCATION;PM SQUARED,TLIE0009,Carry out basic workplace calculations,N,Unit of competency,Current,22/11/2021,Current,22/11/2021,,"Deliver and assess , Granted",14/06/2022,06/10/2029,Implicit,FALSE,FALSE,FALSE,FALSE,FALSE,FALSE,FALSE,FALSE,FALSE,,,TLIE1005,TRUE,1,22/11/2021,TLI,Transport and Logistics Training Package,FALSE,Industry Skills Australia,,,,,,Skills and Workforce Ministerial Council,,,,,10101,Mathematics,,,,,,,FALSE,FALSE,,FALSE
41304,PM2 Pty Ltd,ONSHIFT EDUCATION;PM SQUARED,TLIE1003,Participate in basic workplace communication,N,Unit of competency,Current,19/10/2015,Current,19/10/2015,,"Deliver and assess , Granted",05/11/2021,06/10/2029,Implicit,FALSE,FALSE,FALSE,FALSE,FALSE,FALSE,FALSE,FALSE,FALSE,,,TLIE1003A,TRUE,2,29/01/2021,TLI,Transport and Logistics Training Package,FALSE,Industry Skills Australia,,,,,,Skills and Workforce Ministerial Council,,,,,120505,Work Practices Programmes,,,,,,,FALSE,FALSE,,FALSE
41304,PM2 Pty Ltd,ONSHIFT EDUCATION;PM SQUARED,TLIE2007,Use communications systems,N,Unit of competency,Current,19/10/2015,Current,19/10/2015,,"Deliver and assess , Granted",05/11/2021,06/10/2029,Implicit,FALSE,FALSE,FALSE,FALSE,FALSE,FALSE,FALSE,FALSE,FALSE,,,TLIE2007A,TRUE,3,12/06/2020,TLI,Transport and Logistics Training Package,FALSE,Industry Skills Australia,,,,,,Skills and Workforce Ministerial Council,,,,,31309,Communications Equipment Installation And Maintenance,,,,,,,FALSE,FALSE,,FALSE
41304,PM2 Pty Ltd,ONSHIFT EDUCATION;PM SQUARED,TLIE3004,Prepare workplace documents,N,Unit of competency,Current,29/02/2016,Current,29/02/2016,,"Deliver and assess , Granted",05/11/2021,06/10/2029,Implicit,FALSE,FALSE,FALSE,FALSE,FALSE,FALSE,FALSE,FALSE,FALSE,,,TLIE3004A,TRUE,2,12/06/2020,TLI,Transport and Logistics Training Package,FALSE,Industry Skills Australia,,,,,,Skills and Workforce Ministerial Council,,,,,100705,Written Communication,,,,,,,FALSE,FALSE,,FALSE
41304,PM2 Pty Ltd,ONSHIFT EDUCATION;PM SQUARED,TLIE3009,Use pilot and escort communication,N,Unit of competency,Current,29/02/2016,Current,29/02/2016,,"Deliver and assess , Granted",05/11/2021,06/10/2029,Implicit,FALSE,FALSE,FALSE,FALSE,FALSE,FALSE,FALSE,FALSE,FALSE,,,TLIE3009A,TRUE,2,22/11/2021,TLI,Transport and Logistics Training Package,FALSE,Industry Skills Australia,,,,,,Skills and Workforce Ministerial Council,,,,,30717,Plant And Machine Operations,,,,,,,FALSE,FALSE,,FALSE
41304,PM2 Pty Ltd,ONSHIFT EDUCATION;PM SQUARED,TLIE3016,Estimate/calculate load shifting requirements for a mobile crane,N,Unit of competency,Current,29/02/2016,Current,29/02/2016,,"Deliver and assess , Granted",05/11/2021,06/10/2029,Implicit,FALSE,FALSE,FALSE,FALSE,FALSE,FALSE,FALSE,FALSE,FALSE,,,TLIE3016A,TRUE,2,22/11/2021,TLI,Transport and Logistics Training Package,FALSE,Industry Skills Australia,,,,,,Skills and Workforce Ministerial Council,,,,,10101,Mathematics,,,,,,,FALSE,FALSE,,FALSE
41304,PM2 Pty Ltd,ONSHIFT EDUCATION;PM SQUARED,TLIE3021,Work and communicate effectively with others,N,Unit of competency,Current,19/10/2015,Current,19/10/2015,,"Deliver and assess , Granted",14/06/2022,06/10/2029,Implicit,FALSE,FALSE,FALSE,FALSE,FALSE,FALSE,FALSE,FALSE,FALSE,,,TLIE3021A,TRUE,2,27/10/2020,TLI,Transport and Logistics Training Package,FALSE,Industry Skills Australia,,,,,,Skills and Workforce Ministerial Council,,,,,120505,Work Practices Programmes,,,,,,,FALSE,FALSE,,FALSE
41304,PM2 Pty Ltd,ONSHIFT EDUCATION;PM SQUARED,TLIE3028,Complete a work diary in the road transport industry,N,Unit of competency,Current,29/02/2016,Current,29/02/2016,,"Deliver and assess , Granted",19/04/2024,06/10/2029,Explicit,TRUE,TRUE,TRUE,TRUE,TRUE,TRUE,TRUE,TRUE,FALSE,,,TLIE3028A,TRUE,2,22/11/2021,TLI,Transport and Logistics Training Package,FALSE,Industry Skills Australia,,,,,,Skills and Workforce Ministerial Council,,,,,120505,Work Practices Programmes,,,,,,,FALSE,FALSE,,FALSE
41304,PM2 Pty Ltd,ONSHIFT EDUCATION;PM SQUARED,TLIE4025,Prepare and process transport documentation for dangerous goods,N,Unit of competency,Current,29/02/2016,Current,29/02/2016,,"Deliver and assess , Granted",19/04/2024,06/10/2029,Implicit,FALSE,FALSE,FALSE,FALSE,FALSE,FALSE,FALSE,FALSE,FALSE,,,TLIE4025A,TRUE,2,22/11/2021,TLI,Transport and Logistics Training Package,FALSE,Industry Skills Australia,,,,,,Skills and Workforce Ministerial Council,,,,,89901,"Purchasing, Warehousing And Distribution",,,,,,,FALSE,FALSE,,FALSE
41304,PM2 Pty Ltd,ONSHIFT EDUCATION;PM SQUARED,TLIF0005,Apply a fatigue risk management system,N,Unit of competency,Current,17/05/2017,Current,17/05/2017,,"Deliver and assess , Granted",05/11/2021,06/10/2029,Implicit,FALSE,FALSE,FALSE,FALSE,FALSE,FALSE,FALSE,FALSE,FALSE,,,,,1,17/05/2017,TLI,Transport and Logistics Training Package,FALSE,Industry Skills Australia,,,,,,Skills and Workforce Ministerial Council,,,,,89901,"Purchasing, Warehousing And Distribution",,,,,,,TRUE,FALSE,,FALSE
41304,PM2 Pty Ltd,ONSHIFT EDUCATION;PM SQUARED,TLIF0006,Administer a fatigue risk management system,N,Unit of competency,Current,17/05/2017,Current,17/05/2017,,"Deliver and assess , Granted",19/04/2024,06/10/2029,Implicit,FALSE,FALSE,FALSE,FALSE,FALSE,FALSE,FALSE,FALSE,FALSE,,,,,1,17/05/2017,TLI,Transport and Logistics Training Package,FALSE,Industry Skills Australia,,,,,,Skills and Workforce Ministerial Council,,,,,89901,"Purchasing, Warehousing And Distribution",,,,,,,TRUE,FALSE,,FALSE
41304,PM2 Pty Ltd,ONSHIFT EDUCATION;PM SQUARED,TLIF0007,Manage a fatigue risk management system,N,Unit of competency,Current,17/05/2017,Current,17/05/2017,,"Deliver and assess , Granted",29/08/2024,06/10/2029,Explicit,TRUE,TRUE,TRUE,TRUE,TRUE,TRUE,TRUE,TRUE,FALSE,,,,,1,17/05/2017,TLI,Transport and Logistics Training Package,FALSE,Industry Skills Australia,,,,,,Skills and Workforce Ministerial Council,,,,,89901,"Purchasing, Warehousing And Distribution",,,,,,,TRUE,FALSE,,FALSE
41304,PM2 Pty Ltd,ONSHIFT EDUCATION;PM SQUARED,TLIF0009,Ensure the safety of transport activities (Chain of Responsibility),N,Unit of competency,Current,12/06/2020,Current,12/06/2020,,"Deliver and assess , Granted",05/11/2021,06/10/2029,Implicit,FALSE,FALSE,FALSE,FALSE,FALSE,FALSE,FALSE,FALSE,FALSE,,,TLIF0001,FALSE,2,10/07/2024,TLI,Transport and Logistics Training Package,FALSE,Industry Skills Australia,,,,,,Skills and Workforce Ministerial Council,,,,,80301,Business Management,,,,,,,FALSE,FALSE,,FALSE
41304,PM2 Pty Ltd,ONSHIFT EDUCATION;PM SQUARED,TLIF0012,Implement and coordinate accident-emergency procedures,N,Unit of competency,Current,12/06/2020,Current,12/06/2020,,"Deliver and assess , Granted",19/04/2024,06/10/2029,Implicit,FALSE,FALSE,FALSE,FALSE,FALSE,FALSE,FALSE,FALSE,FALSE,,,TLIF4007,TRUE,1,12/06/2020,TLI,Transport and Logistics Training Package,FALSE,Industry Skills Australia,,,,,,Skills and Workforce Ministerial Council,,,,,61301,Occupational Health And Safety,,,,,,,FALSE,FALSE,,FALSE
41304,PM2 Pty Ltd,ONSHIFT EDUCATION;PM SQUARED,TLIF0020,Safely access the rail corridor,N,Unit of competency,Current,29/01/2021,Current,29/01/2021,,"Deliver and assess , Granted",19/04/2024,06/10/2029,Explicit,TRUE,TRUE,TRUE,TRUE,TRUE,TRUE,TRUE,TRUE,FALSE,,,TLIF2080,TRUE,1,29/01/2021,TLI,Transport and Logistics Training Package,FALSE,Industry Skills Australia,,,,,,Skills and Workforce Ministerial Council,,,,,61301,Occupational Health And Safety,,,,,,,FALSE,FALSE,,FALSE
41304,PM2 Pty Ltd,ONSHIFT EDUCATION;PM SQUARED,TLIF0021,Administer the implementation of fatigue management strategies,N,Unit of competency,Current,22/11/2021,Current,22/11/2021,,"Deliver and assess , Granted",14/06/2022,06/10/2029,Implicit,FALSE,FALSE,FALSE,FALSE,FALSE,FALSE,FALSE,FALSE,FALSE,,,TLIF3063,TRUE,1,22/11/2021,TLI,Transport and Logistics Training Package,FALSE,Industry Skills Australia,,,,,,Skills and Workforce Ministerial Council,,,,,61301,Occupational Health And Safety,,,,,,,FALSE,FALSE,,FALSE
41304,PM2 Pty Ltd,ONSHIFT EDUCATION;PM SQUARED,TLIF0022,Conduct housekeeping activities,N,Unit of competency,Current,22/11/2021,Current,22/11/2021,,"Deliver and assess , Granted",14/06/2022,06/10/2029,Implicit,FALSE,FALSE,FALSE,FALSE,FALSE,FALSE,FALSE,FALSE,FALSE,,,TLIF1002,TRUE,1,22/11/2021,TLI,Transport and Logistics Training Package,FALSE,Industry Skills Australia,,,,,,Skills and Workforce Ministerial Council,,,,,61301,Occupational Health And Safety,,,,,,,FALSE,FALSE,,FALSE
41304,PM2 Pty Ltd,ONSHIFT EDUCATION;PM SQUARED,TLIF0024,Develop and maintain a safe workplace,N,Unit of competency,Current,22/11/2021,Current,22/11/2021,,"Deliver and assess , Granted",14/06/2022,06/10/2029,Implicit,FALSE,FALSE,FALSE,FALSE,FALSE,FALSE,FALSE,FALSE,FALSE,,,TLIF4014,TRUE,1,22/11/2021,TLI,Transport and Logistics Training Package,FALSE,Industry Skills Australia,,,,,,Skills and Workforce Ministerial Council,,,,,61301,Occupational Health And Safety,,,,,,,FALSE,FALSE,,FALSE
41304,PM2 Pty Ltd,ONSHIFT EDUCATION;PM SQUARED,TLIF0025,Follow work health and safety procedures,N,Unit of competency,Current,22/11/2021,Current,22/11/2021,,"Deliver and assess , Granted",14/06/2022,06/10/2029,Implicit,FALSE,FALSE,FALSE,FALSE,FALSE,FALSE,FALSE,FALSE,FALSE,,,TLIF1001,TRUE,1,22/11/2021,TLI,Transport and Logistics Training Package,FALSE,Industry Skills Australia,,,,,,Skills and Workforce Ministerial Council,,,,,61301,Occupational Health And Safety,,,,,,,FALSE,FALSE,,FALSE
41304,PM2 Pty Ltd,ONSHIFT EDUCATION;PM SQUARED,TLIF0026,Manage in-vehicle technology distractions,N,Unit of competency,Current,22/11/2021,Current,22/11/2021,,"Deliver and assess , Granted",14/06/2022,06/10/2029,Implicit,FALSE,FALSE,FALSE,FALSE,FALSE,FALSE,FALSE,FALSE,FALSE,,,,,1,22/11/2021,TLI,Transport and Logistics Training Package,FALSE,Industry Skills Australia,,,,,,Skills and Workforce Ministerial Council,,,,,30717,Plant And Machine Operations,,,,,,,FALSE,FALSE,,FALSE
41304,PM2 Pty Ltd,ONSHIFT EDUCATION;PM SQUARED,TLIF0080,Implement and monitor the safety duties of transport activities (Chain of Responsibility),N,Unit of competency,Current,10/07/2024,Current,10/07/2024,,"Deliver and assess , Granted",10/07/2024,06/10/2029,Implicit,FALSE,FALSE,FALSE,FALSE,FALSE,FALSE,FALSE,FALSE,FALSE,,,TLIF0014,TRUE,1,10/07/2024,TLI,Transport and Logistics Training Package,FALSE,Industry Skills Australia,,,,,,Skills and Workforce Ministerial Council,,,,,80301,Business Management,,,,,,,FALSE,FALSE,,FALSE
41304,PM2 Pty Ltd,ONSHIFT EDUCATION;PM SQUARED,TLIF2006,Apply accident-emergency procedures,N,Unit of competency,Current,19/10/2015,Current,19/10/2015,,"Deliver and assess , Granted",05/11/2021,06/10/2029,Implicit,FALSE,FALSE,FALSE,FALSE,FALSE,FALSE,FALSE,FALSE,FALSE,,,TLIF2006A,TRUE,2,12/06/2020,TLI,Transport and Logistics Training Package,FALSE,Industry Skills Australia,,,,,,Skills and Workforce Ministerial Council,,,,,61301,Occupational Health And Safety,,,,,,,FALSE,FALSE,,FALSE
41304,PM2 Pty Ltd,ONSHIFT EDUCATION;PM SQUARED,TLIF2010,Apply fatigue management strategies,N,Unit of competency,Current,19/10/2015,Current,19/10/2015,,"Deliver and assess , Granted",05/11/2021,06/10/2029,Implicit,FALSE,FALSE,FALSE,FALSE,FALSE,FALSE,FALSE,FALSE,FALSE,,,TLIF2010A,TRUE,2,22/11/2021,TLI,Transport and Logistics Training Package,FALSE,Industry Skills Australia,,,,,,Skills and Workforce Ministerial Council,,,,,61301,Occupational Health And Safety,,,,,,,FALSE,FALSE,,FALSE
41304,PM2 Pty Ltd,ONSHIFT EDUCATION;PM SQUARED,TLIF2012,Apply safe procedures when handling/transporting dangerous goods or explosives,N,Unit of competency,Current,29/02/2016,Current,29/02/2016,,"Deliver and assess , Granted",05/11/2021,06/10/2029,Implicit,FALSE,FALSE,FALSE,FALSE,FALSE,FALSE,FALSE,FALSE,FALSE,,,TLIF2012A,TRUE,2,22/11/2021,TLI,Transport and Logistics Training Package,FALSE,Industry Skills Australia,,,,,,Skills and Workforce Ministerial Council,,,,,61301,Occupational Health And Safety,,,,,,,FALSE,FALSE,,FALSE
41304,PM2 Pty Ltd,ONSHIFT EDUCATION;PM SQUARED,TLIF2018,Operate firefighting equipment,N,Unit of competency,Current,19/10/2015,Current,19/10/2015,,"Deliver and assess , Granted",05/11/2021,06/10/2029,Implicit,FALSE,FALSE,FALSE,FALSE,FALSE,FALSE,FALSE,FALSE,FALSE,,,TLIF2018A,TRUE,3,29/05/2025,TLI,Transport and Logistics Training Package,FALSE,Industry Skills Australia,,,,,,Skills and Workforce Ministerial Council,,,,,39905,Fire Technology,,,,,,,FALSE,FALSE,,FALSE
41304,PM2 Pty Ltd,ONSHIFT EDUCATION;PM SQUARED,TLIF2019,Ensure a safe on-board passenger and working environment,N,Unit of competency,Current,19/10/2015,Current,19/10/2015,,"Deliver and assess , Granted",05/11/2021,06/10/2029,Implicit,FALSE,FALSE,FALSE,FALSE,FALSE,FALSE,FALSE,FALSE,FALSE,,,TLIF2019A,TRUE,2,27/10/2020,TLI,Transport and Logistics Training Package,FALSE,Industry Skills Australia,,,,,,Skills and Workforce Ministerial Council,,,,,61301,Occupational Health And Safety,,,,,,,FALSE,FALSE,,FALSE
41304,PM2 Pty Ltd,ONSHIFT EDUCATION;PM SQUARED,TLIF3013,Coordinate breakdowns and emergencies,N,Unit of competency,Current,19/10/2015,Current,19/10/2015,,"Deliver and assess , Granted",05/11/2021,06/10/2029,Implicit,FALSE,FALSE,FALSE,FALSE,FALSE,FALSE,FALSE,FALSE,FALSE,,,TLIF3013A,TRUE,2,12/06/2020,TLI,Transport and Logistics Training Package,FALSE,Industry Skills Australia,,,,,,Skills and Workforce Ministerial Council,,,,,80399,"Business And Management, N.e.c.",,,,,,,FALSE,FALSE,,FALSE
41304,PM2 Pty Ltd,ONSHIFT EDUCATION;PM SQUARED,TLIF3015,Work safely as a non-electrical licensed worker near electrical assets,N,Unit of competency,Current,29/02/2016,Current,29/02/2016,,"Deliver and assess , Granted",14/06/2022,06/10/2029,Implicit,FALSE,FALSE,FALSE,FALSE,FALSE,FALSE,FALSE,FALSE,FALSE,,,TLIF3015A,TRUE,1,29/02/2016,TLI,Transport and Logistics Training Package,FALSE,Industry Skills Australia,,,,,,Skills and Workforce Ministerial Council,,,,,61301,Occupational Health And Safety,,,,,,,FALSE,FALSE,,FALSE
41304,PM2 Pty Ltd,ONSHIFT EDUCATION;PM SQUARED,TLIF3060,Control traffic as a pilot vehicle operator,N,Unit of competency,Current,29/02/2016,Current,29/02/2016,,"Deliver and assess , Granted",05/11/2021,06/10/2029,Implicit,FALSE,FALSE,FALSE,FALSE,FALSE,FALSE,FALSE,FALSE,FALSE,,,TLIF3060A,TRUE,2,22/11/2021,TLI,Transport and Logistics Training Package,FALSE,Industry Skills Australia,,,,,,Skills and Workforce Ministerial Council,,,,,30909,Transport Engineering,,,,,,,FALSE,FALSE,,FALSE
41304,PM2 Pty Ltd,ONSHIFT EDUCATION;PM SQUARED,TLIF3084,Follow mobile crane safety procedures,N,Unit of competency,Current,29/02/2016,Current,29/02/2016,,"Deliver and assess , Granted",19/04/2024,06/10/2029,Implicit,FALSE,FALSE,FALSE,FALSE,FALSE,FALSE,FALSE,FALSE,FALSE,,,TLIF3084A,TRUE,2,25/10/2022,TLI,Transport and Logistics Training Package,FALSE,Industry Skills Australia,,,,,,Skills and Workforce Ministerial Council,,,,,30717,Plant And Machine Operations,,,,,,,FALSE,FALSE,,FALSE
41304,PM2 Pty Ltd,ONSHIFT EDUCATION;PM SQUARED,TLIF3091,Apply awareness of dangerous goods and hazardous materials requirements,N,Unit of competency,Current,19/10/2015,Current,19/10/2015,,"Deliver and assess , Granted",05/11/2021,06/10/2029,Implicit,FALSE,FALSE,FALSE,FALSE,FALSE,FALSE,FALSE,FALSE,FALSE,,,TLIF3091A,TRUE,2,27/10/2020,TLI,Transport and Logistics Training Package,FALSE,Industry Skills Australia,,,,,,Skills and Workforce Ministerial Council,,,,,61301,Occupational Health And Safety,,,,,,,FALSE,FALSE,,FALSE
41304,PM2 Pty Ltd,ONSHIFT EDUCATION;PM SQUARED,TLIF3096,Carry out emergency response to a dangerous goods incident,N,Unit of competency,Current,29/02/2016,Current,29/02/2016,,"Deliver and assess , Granted",19/04/2024,06/10/2029,Implicit,FALSE,FALSE,FALSE,FALSE,FALSE,FALSE,FALSE,FALSE,FALSE,,,TLIF3096A,TRUE,2,22/11/2021,TLI,Transport and Logistics Training Package,FALSE,Industry Skills Australia,,,,,,Skills and Workforce Ministerial Council,,,,,80399,"Business And Management, N.e.c.",,,,,,,FALSE,FALSE,,FALSE
41304,PM2 Pty Ltd,ONSHIFT EDUCATION;PM SQUARED,TLIF4065,Ensure compliance with Australian Dangerous Goods Code,N,Unit of competency,Current,29/02/2016,Current,29/02/2016,,"Deliver and assess , Granted",05/11/2021,06/10/2029,Implicit,FALSE,FALSE,FALSE,FALSE,FALSE,FALSE,FALSE,FALSE,FALSE,,,TLIF4065A,TRUE,2,22/11/2021,TLI,Transport and Logistics Training Package,FALSE,Industry Skills Australia,,,,,,Skills and Workforce Ministerial Council,,,,,61301,Occupational Health And Safety,,,,,,,FALSE,FALSE,,FALSE
41304,PM2 Pty Ltd,ONSHIFT EDUCATION;PM SQUARED,TLIF4066,Implement and supervise transport regulations compliance systems,N,Unit of competency,Current,29/02/2016,Current,29/02/2016,,"Deliver and assess , Granted",19/04/2024,06/10/2029,Implicit,FALSE,FALSE,FALSE,FALSE,FALSE,FALSE,FALSE,FALSE,FALSE,,,TLIF4066A,TRUE,2,22/11/2021,TLI,Transport and Logistics Training Package,FALSE,Industry Skills Australia,,,,,,Skills and Workforce Ministerial Council,,,,,30909,Transport Engineering,,,,,,,FALSE,FALSE,,FALSE
41304,PM2 Pty Ltd,ONSHIFT EDUCATION;PM SQUARED,TLIF4095,Apply work health and safety requirements for driving operations,N,Unit of competency,Current,29/02/2016,Current,29/02/2016,,"Deliver and assess , Granted",19/04/2024,06/10/2029,Implicit,FALSE,FALSE,FALSE,FALSE,FALSE,FALSE,FALSE,FALSE,FALSE,,,TLIF4095A,TRUE,2,12/06/2020,TLI,Transport and Logistics Training Package,FALSE,Industry Skills Australia,,,,,,Skills and Workforce Ministerial Council,,,,,61301,Occupational Health And Safety,,,,,,,FALSE,FALSE,,FALSE
41304,PM2 Pty Ltd,ONSHIFT EDUCATION;PM SQUARED,TLIG0002,Lead a work team,N,Unit of competency,Current,22/11/2021,Current,22/11/2021,,"Deliver and assess , Granted",29/05/2025,06/10/2029,Implicit,FALSE,FALSE,FALSE,FALSE,FALSE,FALSE,FALSE,FALSE,FALSE,,,TLIG3002,TRUE,1,22/11/2021,TLI,Transport and Logistics Training Package,FALSE,Industry Skills Australia,,,,,,Skills and Workforce Ministerial Council,,,,,120505,Work Practices Programmes,,,,,,,FALSE,FALSE,,FALSE
41304,PM2 Pty Ltd,ONSHIFT EDUCATION;PM SQUARED,TLIG0003,Work effectively with others in a team,N,Unit of competency,Current,22/11/2021,Current,22/11/2021,,"Deliver and assess , Granted",14/06/2022,06/10/2029,Implicit,FALSE,FALSE,FALSE,FALSE,FALSE,FALSE,FALSE,FALSE,FALSE,,,TLIG1001,FALSE,1,22/11/2021,TLI,Transport and Logistics Training Package,FALSE,Industry Skills Australia,,,,,,Skills and Workforce Ministerial Council,,,,,120505,Work Practices Programmes,,,,,,,FALSE,FALSE,,FALSE
41304,PM2 Pty Ltd,ONSHIFT EDUCATION;PM SQUARED,TLIG2007,Work in a socially diverse environment,N,Unit of competency,Current,19/10/2015,Current,19/10/2015,,"Deliver and assess , Granted",05/11/2021,06/10/2029,Implicit,FALSE,FALSE,FALSE,FALSE,FALSE,FALSE,FALSE,FALSE,FALSE,,,TLIG2007A,TRUE,2,29/01/2021,TLI,Transport and Logistics Training Package,FALSE,Industry Skills Australia,,,,,,Skills and Workforce Ministerial Council,,,,,120505,Work Practices Programmes,,,,,,,FALSE,FALSE,,FALSE
41304,PM2 Pty Ltd,ONSHIFT EDUCATION;PM SQUARED,TLIH0004,"Identify major roads, services and attractions",N,Unit of competency,Current,22/11/2021,Current,22/11/2021,,"Deliver and assess , Granted",14/06/2022,06/10/2029,Implicit,FALSE,FALSE,FALSE,FALSE,FALSE,FALSE,FALSE,FALSE,FALSE,,,TLIH3004,TRUE,1,22/11/2021,TLI,Transport and Logistics Training Package,FALSE,Industry Skills Australia,,,,,,Skills and Workforce Ministerial Council,,,,,30909,Transport Engineering,,,,,,,TRUE,FALSE,,FALSE
41304,PM2 Pty Ltd,ONSHIFT EDUCATION;PM SQUARED,TLIH0005,Interpret road maps and navigate pre-determined routes,N,Unit of competency,Current,22/11/2021,Current,22/11/2021,,"Deliver and assess , Granted",14/06/2022,06/10/2029,Implicit,FALSE,FALSE,FALSE,FALSE,FALSE,FALSE,FALSE,FALSE,FALSE,,,TLIH2001,TRUE,1,22/11/2021,TLI,Transport and Logistics Training Package,FALSE,Industry Skills Australia,,,,,,Skills and Workforce Ministerial Council,,,,,89901,"Purchasing, Warehousing And Distribution",,,,,,,FALSE,FALSE,,FALSE
41304,PM2 Pty Ltd,ONSHIFT EDUCATION;PM SQUARED,TLIH0006,Plan and navigate routes,N,Unit of competency,Current,22/11/2021,Current,22/11/2021,,"Deliver and assess , Granted",14/06/2022,06/10/2029,Implicit,FALSE,FALSE,FALSE,FALSE,FALSE,FALSE,FALSE,FALSE,FALSE,,,TLIH3002,TRUE,1,22/11/2021,TLI,Transport and Logistics Training Package,FALSE,Industry Skills Australia,,,,,,Skills and Workforce Ministerial Council,,,,,89901,"Purchasing, Warehousing And Distribution",,,,,,,FALSE,FALSE,,FALSE
41304,PM2 Pty Ltd,ONSHIFT EDUCATION;PM SQUARED,TLII0005,Apply customer service skills,N,Unit of competency,Current,22/11/2021,Current,22/11/2021,,"Deliver and assess , Granted",14/06/2022,06/10/2029,Implicit,FALSE,FALSE,FALSE,FALSE,FALSE,FALSE,FALSE,FALSE,FALSE,,,TLII1002,TRUE,1,22/11/2021,TLI,Transport and Logistics Training Package,FALSE,Industry Skills Australia,,,,,,Skills and Workforce Ministerial Council,,,,,80501,Sales,,,,,,,FALSE,FALSE,,FALSE
41304,PM2 Pty Ltd,ONSHIFT EDUCATION;PM SQUARED,TLII3003,Provide customer service in transport vehicles/vessels,N,Unit of competency,Current,29/02/2016,Current,29/02/2016,,"Deliver and assess , Granted",05/11/2021,06/10/2029,Implicit,FALSE,FALSE,FALSE,FALSE,FALSE,FALSE,FALSE,FALSE,FALSE,,,TLII3003A,TRUE,2,22/11/2021,TLI,Transport and Logistics Training Package,FALSE,Industry Skills Australia,,,,,,Skills and Workforce Ministerial Council,,,,,80501,Sales,,,,,,,FALSE,FALSE,,FALSE
41304,PM2 Pty Ltd,ONSHIFT EDUCATION;PM SQUARED,TLII3009,Provide on-board services to customers,N,Unit of competency,Current,19/10/2015,Current,19/10/2015,,"Deliver and assess , Granted",05/11/2021,06/10/2029,Implicit,FALSE,FALSE,FALSE,FALSE,FALSE,FALSE,FALSE,FALSE,FALSE,,,TLII3009A,TRUE,2,27/10/2020,TLI,Transport and Logistics Training Package,FALSE,Industry Skills Australia,,,,,,Skills and Workforce Ministerial Council,,,,,80501,Sales,,,,,,,FALSE,FALSE,,FALSE
41304,PM2 Pty Ltd,ONSHIFT EDUCATION;PM SQUARED,TLII3010,Provide travel information to customers,N,Unit of competency,Current,29/02/2016,Current,29/02/2016,,"Deliver and assess , Granted",05/11/2021,06/10/2029,Implicit,FALSE,FALSE,FALSE,FALSE,FALSE,FALSE,FALSE,FALSE,FALSE,,,TLII3010A,TRUE,2,22/11/2021,TLI,Transport and Logistics Training Package,FALSE,Industry Skills Australia,,,,,,Skills and Workforce Ministerial Council,,,,,80701,Tourism,,,,,,,FALSE,FALSE,,FALSE
41304,PM2 Pty Ltd,ONSHIFT EDUCATION;PM SQUARED,TLIJ0003,Apply quality systems,N,Unit of competency,Current,22/11/2021,Current,22/11/2021,,"Deliver and assess , Granted",14/06/2022,06/10/2029,Implicit,FALSE,FALSE,FALSE,FALSE,FALSE,FALSE,FALSE,FALSE,FALSE,,,TLIJ3002;TLIJ4008,True;False,1,22/11/2021,TLI,Transport and Logistics Training Package,FALSE,Industry Skills Australia,,,,,,Skills and Workforce Ministerial Council,,,,,80317,Quality Management,,,,,,,FALSE,FALSE,,FALSE
41304,PM2 Pty Ltd,ONSHIFT EDUCATION;PM SQUARED,TLIJ2001,Apply quality procedures,N,Unit of competency,Current,19/10/2015,Current,19/10/2015,,"Deliver and assess , Granted",05/11/2021,06/10/2029,Implicit,FALSE,FALSE,FALSE,FALSE,FALSE,FALSE,FALSE,FALSE,FALSE,,,TLIJ2001A,TRUE,2,22/11/2021,TLI,Transport and Logistics Training Package,FALSE,Industry Skills Australia,,,,,,Skills and Workforce Ministerial Council,,,,,80317,Quality Management,,,,,,,FALSE,FALSE,,FALSE
41304,PM2 Pty Ltd,ONSHIFT EDUCATION;PM SQUARED,TLIJ3005,"Sample, inspect and test products to specifications",N,Unit of competency,Current,29/02/2016,Current,29/02/2016,,"Deliver and assess , Granted",05/11/2021,06/10/2029,Implicit,FALSE,FALSE,FALSE,FALSE,FALSE,FALSE,FALSE,FALSE,FALSE,,,TLIJ3005A,TRUE,2,22/11/2021,TLI,Transport and Logistics Training Package,FALSE,Industry Skills Australia,,,,,,Skills and Workforce Ministerial Council,,,,,80317,Quality Management,,,,,,,FALSE,FALSE,,FALSE
41304,PM2 Pty Ltd,ONSHIFT EDUCATION;PM SQUARED,TLIK2010,Use infotechnology devices in the workplace,N,Unit of competency,Current,19/10/2015,Current,19/10/2015,,"Deliver and assess , Granted",05/11/2021,06/10/2029,Implicit,FALSE,FALSE,FALSE,FALSE,FALSE,FALSE,FALSE,FALSE,FALSE,,,TLIK2010A,TRUE,2,12/06/2020,TLI,Transport and Logistics Training Package,FALSE,Industry Skills Australia,,,,,,Skills and Workforce Ministerial Council,,,,,80905,Practical Computing Skills,,,,,,,FALSE,FALSE,,FALSE
41304,PM2 Pty Ltd,ONSHIFT EDUCATION;PM SQUARED,TLIL0004,Apply conflict and grievance resolution strategies,N,Unit of competency,Current,22/11/2021,Current,22/11/2021,,"Deliver and assess , Granted",14/06/2022,06/10/2029,Implicit,FALSE,FALSE,FALSE,FALSE,FALSE,FALSE,FALSE,FALSE,FALSE,,,TLIL4005,FALSE,1,22/11/2021,TLI,Transport and Logistics Training Package,FALSE,Industry Skills Australia,,,,,,Skills and Workforce Ministerial Council,,,,,120301,Social And Interpersonal Skills Programmes,,,,,,,FALSE,FALSE,,FALSE
41304,PM2 Pty Ltd,ONSHIFT EDUCATION;PM SQUARED,TLIL0005,Assess and confirm customer transport requirements,N,Unit of competency,Current,22/11/2021,Current,22/11/2021,,"Deliver and assess , Granted",14/06/2022,06/10/2029,Implicit,FALSE,FALSE,FALSE,FALSE,FALSE,FALSE,FALSE,FALSE,FALSE,,,TLIL4010,FALSE,1,22/11/2021,TLI,Transport and Logistics Training Package,FALSE,Industry Skills Australia,,,,,,Skills and Workforce Ministerial Council,,,,,80399,"Business And Management, N.e.c.",,,,,,,FALSE,FALSE,,FALSE
41304,PM2 Pty Ltd,ONSHIFT EDUCATION;PM SQUARED,TLIL0007,Complete workplace induction procedures,N,Unit of competency,Current,22/11/2021,Current,22/11/2021,,"Deliver and assess , Granted",14/06/2022,06/10/2029,Implicit,FALSE,FALSE,FALSE,FALSE,FALSE,FALSE,FALSE,FALSE,FALSE,,,TLIL1001,TRUE,1,22/11/2021,TLI,Transport and Logistics Training Package,FALSE,Industry Skills Australia,,,,,,Skills and Workforce Ministerial Council,,,,,80303,Human Resource Management,,,,,,,FALSE,FALSE,,FALSE
41304,PM2 Pty Ltd,ONSHIFT EDUCATION;PM SQUARED,TLIL1001,Complete workplace orientation/induction procedures,N,Unit of competency,Superseded,21/11/2021,Superseded,19/10/2015,20/11/2021,"Deliver and assess , Granted",05/11/2021,06/10/2029,Implicit,FALSE,FALSE,FALSE,FALSE,FALSE,FALSE,FALSE,FALSE,FALSE,TLIL0007,TRUE,TLIL1001A,TRUE,2,29/01/2021,TLI,Transport and Logistics Training Package,FALSE,Industry Skills Australia,,,,,,Skills and Workforce Ministerial Council,,,,,80303,Human Resource Management,,,,,,,FALSE,FALSE,,FALSE
41304,PM2 Pty Ltd,ONSHIFT EDUCATION;PM SQUARED,TLIL2008,Complete routine administrative tasks,N,Unit of competency,Current,19/10/2015,Current,19/10/2015,,"Deliver and assess , Granted",05/11/2021,06/10/2029,Implicit,FALSE,FALSE,FALSE,FALSE,FALSE,FALSE,FALSE,FALSE,FALSE,,,TLIL2008A,TRUE,1,19/10/2015,TLI,Transport and Logistics Training Package,FALSE,Industry Skills Australia,,,,,,Skills and Workforce Ministerial Council,,,,,80901,Secretarial And Clerical Studies,,,,,,,FALSE,FALSE,,FALSE
41304,PM2 Pty Ltd,ONSHIFT EDUCATION;PM SQUARED,TLIL2060,Complete induction to the transport industry,N,Unit of competency,Current,29/02/2016,Current,29/02/2016,,"Deliver and assess , Granted",05/11/2021,06/10/2029,Implicit,FALSE,FALSE,FALSE,FALSE,FALSE,FALSE,FALSE,FALSE,FALSE,,,TLIL2060A,TRUE,2,22/11/2021,TLI,Transport and Logistics Training Package,FALSE,Industry Skills Australia,,,,,,Skills and Workforce Ministerial Council,,,,,120505,Work Practices Programmes,,,,,,,TRUE,FALSE,,FALSE
41304,PM2 Pty Ltd,ONSHIFT EDUCATION;PM SQUARED,TLIL3003,Conduct induction process,N,Unit of competency,Current,29/02/2016,Current,29/02/2016,,"Deliver and assess , Granted",13/10/2023,06/10/2029,Implicit,FALSE,FALSE,FALSE,FALSE,FALSE,FALSE,FALSE,FALSE,FALSE,,,TLIL3003A,TRUE,1,29/02/2016,TLI,Transport and Logistics Training Package,FALSE,Industry Skills Australia,,,,,,Skills and Workforce Ministerial Council,,,,,80303,Human Resource Management,,,,,,,FALSE,FALSE,,FALSE
41304,PM2 Pty Ltd,ONSHIFT EDUCATION;PM SQUARED,TLIL4009,Manage personal work priorities and professional development,N,Unit of competency,Current,19/10/2015,Current,19/10/2015,,"Deliver and assess , Granted",05/11/2021,06/10/2029,Implicit,FALSE,FALSE,FALSE,FALSE,FALSE,FALSE,FALSE,FALSE,FALSE,,,TLIL4009A,TRUE,2,22/11/2021,TLI,Transport and Logistics Training Package,FALSE,Industry Skills Australia,,,,,,Skills and Workforce Ministerial Council,,,,,120301,Social And Interpersonal Skills Programmes,,,,,,,FALSE,FALSE,,FALSE
41304,PM2 Pty Ltd,ONSHIFT EDUCATION;PM SQUARED,TLIL4034,Arrange alternative passenger transport,N,Unit of competency,Current,19/10/2015,Current,19/10/2015,,"Deliver and assess , Granted",05/11/2021,06/10/2029,Implicit,FALSE,FALSE,FALSE,FALSE,FALSE,FALSE,FALSE,FALSE,FALSE,,,TLIL4034A,TRUE,2,27/10/2020,TLI,Transport and Logistics Training Package,FALSE,Industry Skills Australia,,,,,,Skills and Workforce Ministerial Council,,,,,80501,Sales,,,,,,,FALSE,FALSE,,FALSE
41304,PM2 Pty Ltd,ONSHIFT EDUCATION;PM SQUARED,TLILIC0001,Licence to transport dangerous goods by road,N,Unit of competency,Current,29/02/2016,Current,29/02/2016,,"Deliver and assess , Granted",05/11/2021,06/10/2029,Implicit,FALSE,FALSE,FALSE,FALSE,FALSE,FALSE,FALSE,FALSE,FALSE,,,TLILIC3013A,FALSE,1,29/02/2016,TLI,Transport and Logistics Training Package,FALSE,Industry Skills Australia,,,,,,Skills and Workforce Ministerial Council,,,,,89901,"Purchasing, Warehousing And Distribution",,,,,,,TRUE,FALSE,,FALSE
41304,PM2 Pty Ltd,ONSHIFT EDUCATION;PM SQUARED,TLILIC0002,Licence to operate a vehicle loading crane (capacity 10 metre tonnes and above),N,Unit of competency,Superseded,21/11/2021,Superseded,13/09/2018,20/11/2021,"Deliver and assess , Granted",05/11/2021,06/10/2029,Implicit,FALSE,FALSE,FALSE,FALSE,FALSE,FALSE,FALSE,FALSE,FALSE,TLILIC0024,TRUE,TLILIC0012,TRUE,2,27/09/2019,TLI,Transport and Logistics Training Package,FALSE,Industry Skills Australia,,,,,,Skills and Workforce Ministerial Council,,,,,30717,Plant And Machine Operations,,,,,,,FALSE,FALSE,,FALSE
41304,PM2 Pty Ltd,ONSHIFT EDUCATION;PM SQUARED,TLILIC0003,Licence to operate a forklift truck,N,Unit of competency,Current,13/09/2018,Current,13/09/2018,,"Deliver and assess , Granted",23/05/2022,06/10/2029,Implicit,FALSE,FALSE,FALSE,FALSE,FALSE,FALSE,FALSE,FALSE,FALSE,,,TLILIC2001,TRUE,1,13/09/2018,TLI,Transport and Logistics Training Package,FALSE,Industry Skills Australia,,,,,,Skills and Workforce Ministerial Council,,,,,30717,Plant And Machine Operations,,,,,,,TRUE,FALSE,,FALSE
41304,PM2 Pty Ltd,ONSHIFT EDUCATION;PM SQUARED,TLILIC0005,Licence to operate a boom-type elevating work platform (boom length 11 metres or more),N,Unit of competency,Current,13/09/2018,Current,13/09/2018,,"Deliver and assess , Granted",23/05/2022,06/10/2029,Implicit,FALSE,FALSE,FALSE,FALSE,FALSE,FALSE,FALSE,FALSE,FALSE,,,TLILIC2005,TRUE,2,27/09/2019,TLI,Transport and Logistics Training Package,FALSE,Industry Skills Australia,,,,,,Skills and Workforce Ministerial Council,,,,,30717,Plant And Machine Operations,,,,,,,TRUE,FALSE,,FALSE
41304,PM2 Pty Ltd,ONSHIFT EDUCATION;PM SQUARED,TLILIC0006,Licence to operate a bridge and gantry crane,N,Unit of competency,Superseded,21/11/2021,Superseded,13/09/2018,20/11/2021,"Deliver and assess , Granted",13/10/2023,06/10/2029,Implicit,FALSE,FALSE,FALSE,FALSE,FALSE,FALSE,FALSE,FALSE,FALSE,TLILIC0016,TRUE,TLILIC3003,TRUE,2,27/09/2019,TLI,Transport and Logistics Training Package,FALSE,Industry Skills Australia,,,,,,Skills and Workforce Ministerial Council,,,,,30717,Plant And Machine Operations,,,,,,,FALSE,FALSE,,FALSE
41304,PM2 Pty Ltd,ONSHIFT EDUCATION;PM SQUARED,TLILIC0008,Licence to operate a non-slewing mobile crane (greater than 3 tonnes capacity),N,Unit of competency,Superseded,21/11/2021,Superseded,13/09/2018,20/11/2021,"Deliver and assess , Granted",14/06/2022,06/10/2029,Implicit,FALSE,FALSE,FALSE,FALSE,FALSE,FALSE,FALSE,FALSE,FALSE,TLILIC0018,TRUE,TLILIC3006,TRUE,2,27/09/2019,TLI,Transport and Logistics Training Package,FALSE,Industry Skills Australia,,,,,,Skills and Workforce Ministerial Council,,,,,30717,Plant And Machine Operations,,,,,,,FALSE,FALSE,,FALSE
41304,PM2 Pty Ltd,ONSHIFT EDUCATION;PM SQUARED,TLILIC0010,Licence to operate a slewing mobile crane (up to 20 tonnes),N,Unit of competency,Superseded,21/11/2021,Superseded,13/09/2018,20/11/2021,"Deliver and assess , Granted",13/10/2023,06/10/2029,Implicit,FALSE,FALSE,FALSE,FALSE,FALSE,FALSE,FALSE,FALSE,FALSE,TLILIC0022,TRUE,TLILIC3008,TRUE,2,27/09/2019,TLI,Transport and Logistics Training Package,FALSE,Industry Skills Australia,,,,,,Skills and Workforce Ministerial Council,,,,,30717,Plant And Machine Operations,,,,,,,FALSE,FALSE,,FALSE
41304,PM2 Pty Ltd,ONSHIFT EDUCATION;PM SQUARED,TLILIC0016,Licence to operate a bridge and gantry crane,N,Unit of competency,Current,22/11/2021,Current,22/11/2021,,"Deliver and assess , Granted",19/04/2024,06/10/2029,Explicit,TRUE,TRUE,TRUE,TRUE,TRUE,TRUE,TRUE,TRUE,FALSE,,,TLILIC0006,TRUE,1,22/11/2021,TLI,Transport and Logistics Training Package,FALSE,Industry Skills Australia,,,,,,Skills and Workforce Ministerial Council,,,,,30717,Plant And Machine Operations,,,,,,,TRUE,FALSE,,FALSE
41304,PM2 Pty Ltd,ONSHIFT EDUCATION;PM SQUARED,TLILIC0022,Licence to operate a slewing mobile crane (up to 20 tonnes),N,Unit of competency,Current,22/11/2021,Current,22/11/2021,,"Deliver and assess , Granted",19/04/2024,06/10/2029,Implicit,FALSE,FALSE,FALSE,FALSE,FALSE,FALSE,FALSE,FALSE,FALSE,,,TLILIC0010,TRUE,1,22/11/2021,TLI,Transport and Logistics Training Package,FALSE,Industry Skills Australia,,,,,,Skills and Workforce Ministerial Council,,,,,30717,Plant And Machine Operations,,,,,,,TRUE,FALSE,,FALSE
41304,PM2 Pty Ltd,ONSHIFT EDUCATION;PM SQUARED,TLILIC0023,Licence to operate a slewing mobile crane (up to 60 tonnes),N,Unit of competency,Current,22/11/2021,Current,22/11/2021,,"Deliver and assess , Granted",19/04/2024,06/10/2029,Implicit,FALSE,FALSE,FALSE,FALSE,FALSE,FALSE,FALSE,FALSE,FALSE,,,TLILIC0013,TRUE,1,22/11/2021,TLI,Transport and Logistics Training Package,FALSE,Industry Skills Australia,,,,,,Skills and Workforce Ministerial Council,,,,,30717,Plant And Machine Operations,,,,,,,TRUE,FALSE,,FALSE
41304,PM2 Pty Ltd,ONSHIFT EDUCATION;PM SQUARED,TLILIC0024,Licence to operate a vehicle loading crane (capacity 10 metre tonnes and above),N,Unit of competency,Current,22/11/2021,Current,22/11/2021,,"Deliver and assess , Granted",14/06/2022,06/10/2029,Implicit,FALSE,FALSE,FALSE,FALSE,FALSE,FALSE,FALSE,FALSE,FALSE,,,TLILIC0002,TRUE,1,22/11/2021,TLI,Transport and Logistics Training Package,FALSE,Industry Skills Australia,,,,,,Skills and Workforce Ministerial Council,,,,,30717,Plant And Machine Operations,,,,,,,TRUE,FALSE,,FALSE
41304,PM2 Pty Ltd,ONSHIFT EDUCATION;PM SQUARED,TLILIC0040,Licence to operate a non-slewing mobile crane (greater than 3 tonnes capacity),N,Unit of competency,Current,25/10/2022,Current,25/10/2022,,"Deliver and assess , Granted",03/12/2025,06/10/2029,Implicit,FALSE,FALSE,FALSE,FALSE,FALSE,FALSE,FALSE,FALSE,FALSE,,,TLILIC0018,FALSE,1,25/10/2022,TLI,Transport and Logistics Training Package,FALSE,Industry Skills Australia,,,,,,Skills and Workforce Ministerial Council,,,,,30717,Plant And Machine Operations,,,,,,,TRUE,FALSE,,FALSE
41304,PM2 Pty Ltd,ONSHIFT EDUCATION;PM SQUARED,TLILIC2014,Licence to drive a light rigid vehicle,N,Unit of competency,Current,29/02/2016,Current,29/02/2016,,"Deliver and assess , Granted",05/11/2021,06/10/2029,Implicit,FALSE,FALSE,FALSE,FALSE,FALSE,FALSE,FALSE,FALSE,FALSE,,,TLILIC2014B,TRUE,2,17/05/2017,TLI,Transport and Logistics Training Package,FALSE,Industry Skills Australia,,,,,,Skills and Workforce Ministerial Council,,,,,30515,Automotive Vehicle Operations,,,,,,,TRUE,FALSE,,FALSE
41304,PM2 Pty Ltd,ONSHIFT EDUCATION;PM SQUARED,TLILIC2015,Licence to drive a medium rigid vehicle,N,Unit of competency,Current,29/02/2016,Current,29/02/2016,,"Deliver and assess , Granted",05/11/2021,06/10/2029,Implicit,FALSE,FALSE,FALSE,FALSE,FALSE,FALSE,FALSE,FALSE,FALSE,,,TLILIC2015B,TRUE,2,17/05/2017,TLI,Transport and Logistics Training Package,FALSE,Industry Skills Australia,,,,,,Skills and Workforce Ministerial Council,,,,,30515,Automotive Vehicle Operations,,,,,,,TRUE,FALSE,,FALSE
41304,PM2 Pty Ltd,ONSHIFT EDUCATION;PM SQUARED,TLILIC2016,Licence to drive a heavy rigid vehicle,N,Unit of competency,Current,29/02/2016,Current,29/02/2016,,"Deliver and assess , Granted",05/11/2021,06/10/2029,Implicit,FALSE,FALSE,FALSE,FALSE,FALSE,FALSE,FALSE,FALSE,FALSE,,,TLILIC2016B,TRUE,2,17/05/2017,TLI,Transport and Logistics Training Package,FALSE,Industry Skills Australia,,,,,,Skills and Workforce Ministerial Council,,,,,30515,Automotive Vehicle Operations,,,,,,,TRUE,FALSE,,FALSE
41304,PM2 Pty Ltd,ONSHIFT EDUCATION;PM SQUARED,TLILIC3017,Licence to drive a heavy combination vehicle,N,Unit of competency,Current,29/02/2016,Current,29/02/2016,,"Deliver and assess , Granted",05/11/2021,06/10/2029,Implicit,FALSE,FALSE,FALSE,FALSE,FALSE,FALSE,FALSE,FALSE,FALSE,,,TLILIC3017B,TRUE,2,17/05/2017,TLI,Transport and Logistics Training Package,FALSE,Industry Skills Australia,,,,,,Skills and Workforce Ministerial Council,,,,,30515,Automotive Vehicle Operations,,,,,,,TRUE,FALSE,,FALSE
41304,PM2 Pty Ltd,ONSHIFT EDUCATION;PM SQUARED,TLILIC3018,Licence to drive a multi-combination vehicle,N,Unit of competency,Current,29/02/2016,Current,29/02/2016,,"Deliver and assess , Granted",05/11/2021,06/10/2029,Implicit,FALSE,FALSE,FALSE,FALSE,FALSE,FALSE,FALSE,FALSE,FALSE,,,TLILIC3018B,TRUE,2,17/05/2017,TLI,Transport and Logistics Training Package,FALSE,Industry Skills Australia,,,,,,Skills and Workforce Ministerial Council,,,,,30515,Automotive Vehicle Operations,,,,,,,TRUE,FALSE,,FALSE
41304,PM2 Pty Ltd,ONSHIFT EDUCATION;PM SQUARED,TLIO0001,Undertake emergency response action to a security threat,N,Unit of competency,Current,04/07/2018,Current,04/07/2018,,"Deliver and assess , Granted",05/11/2021,06/10/2029,Implicit,FALSE,FALSE,FALSE,FALSE,FALSE,FALSE,FALSE,FALSE,FALSE,,,TLIO3007,TRUE,2,12/06/2020,TLI,Transport and Logistics Training Package,FALSE,Industry Skills Australia,,,,,,Skills and Workforce Ministerial Council,,,,,80399,"Business And Management, N.e.c.",,,,,,,FALSE,FALSE,,FALSE
41304,PM2 Pty Ltd,ONSHIFT EDUCATION;PM SQUARED,TLIO0002,Apply and monitor workplace security procedures,N,Unit of competency,Current,12/06/2020,Current,12/06/2020,,"Deliver and assess , Granted",05/11/2021,06/10/2029,Implicit,FALSE,FALSE,FALSE,FALSE,FALSE,FALSE,FALSE,FALSE,FALSE,,,TLIO3016,TRUE,1,12/06/2020,TLI,Transport and Logistics Training Package,FALSE,Industry Skills Australia,,,,,,Skills and Workforce Ministerial Council,,,,,99905,Security Services,,,,,,,FALSE,FALSE,,FALSE
41304,PM2 Pty Ltd,ONSHIFT EDUCATION;PM SQUARED,TLIO0003,Follow security procedures when working with goods and cargo,N,Unit of competency,Current,12/06/2020,Current,12/06/2020,,"Deliver and assess , Granted",05/11/2021,06/10/2029,Implicit,FALSE,FALSE,FALSE,FALSE,FALSE,FALSE,FALSE,FALSE,FALSE,,,TLIO2021,TRUE,1,12/06/2020,TLI,Transport and Logistics Training Package,FALSE,Industry Skills Australia,,,,,,Skills and Workforce Ministerial Council,,,,,99905,Security Services,,,,,,,FALSE,FALSE,,FALSE
41304,PM2 Pty Ltd,ONSHIFT EDUCATION;PM SQUARED,TLIO0005,Provide revenue protection measures,N,Unit of competency,Current,07/04/2022,Current,07/04/2022,,"Deliver and assess , Granted",14/06/2022,06/10/2029,Implicit,FALSE,FALSE,FALSE,FALSE,FALSE,FALSE,FALSE,FALSE,FALSE,,,TLIO2011,TRUE,1,07/04/2022,TLI,Transport and Logistics Training Package,FALSE,Industry Skills Australia,,,,,,Skills and Workforce Ministerial Council,,,,,80301,Business Management,,,,,,,FALSE,FALSE,,FALSE
41304,PM2 Pty Ltd,ONSHIFT EDUCATION;PM SQUARED,TLIO1002,Follow security procedures when working with passengers and personnel,N,Unit of competency,Current,19/10/2015,Current,19/10/2015,,"Deliver and assess , Granted",05/11/2021,06/10/2029,Implicit,FALSE,FALSE,FALSE,FALSE,FALSE,FALSE,FALSE,FALSE,FALSE,,,TLIO1002A,TRUE,2,22/11/2021,TLI,Transport and Logistics Training Package,FALSE,Industry Skills Australia,,,,,,Skills and Workforce Ministerial Council,,,,,99905,Security Services,,,,,,,FALSE,FALSE,,FALSE
41304,PM2 Pty Ltd,ONSHIFT EDUCATION;PM SQUARED,TLIO3012,Manage disruptive and/or unlawful behaviour,N,Unit of competency,Current,19/10/2015,Current,19/10/2015,,"Deliver and assess , Granted",05/11/2021,06/10/2029,Implicit,FALSE,FALSE,FALSE,FALSE,FALSE,FALSE,FALSE,FALSE,FALSE,,,TLIO3012A,TRUE,2,12/06/2020,TLI,Transport and Logistics Training Package,FALSE,Industry Skills Australia,,,,,,Skills and Workforce Ministerial Council,,,,,91199,"Justice And Law Enforcement, N.e.c.",,,,,,,FALSE,FALSE,,FALSE
41304,PM2 Pty Ltd,ONSHIFT EDUCATION;PM SQUARED,TLIP2024,Conduct financial transactions,N,Unit of competency,Current,19/10/2015,Current,19/10/2015,,"Deliver and assess , Granted",05/11/2021,06/10/2029,Implicit,FALSE,FALSE,FALSE,FALSE,FALSE,FALSE,FALSE,FALSE,FALSE,,,TLIP2024A,TRUE,2,22/11/2021,TLI,Transport and Logistics Training Package,FALSE,Industry Skills Australia,,,,,,Skills and Workforce Ministerial Council,,,,,80501,Sales,,,,,,,FALSE,FALSE,,FALSE
41304,PM2 Pty Ltd,ONSHIFT EDUCATION;PM SQUARED,TLIP2029,Prepare and process financial documents,N,Unit of competency,Current,19/10/2015,Current,19/10/2015,,"Deliver and assess , Granted",05/11/2021,06/10/2029,Implicit,FALSE,FALSE,FALSE,FALSE,FALSE,FALSE,FALSE,FALSE,FALSE,,,TLIP2029A,TRUE,2,22/11/2021,TLI,Transport and Logistics Training Package,FALSE,Industry Skills Australia,,,,,,Skills and Workforce Ministerial Council,,,,,80101,Accounting,,,,,,,FALSE,FALSE,,FALSE
41304,PM2 Pty Ltd,ONSHIFT EDUCATION;PM SQUARED,TLIP2032,Maintain petty cash account,N,Unit of competency,Current,19/10/2015,Current,19/10/2015,,"Deliver and assess , Granted",05/11/2021,06/10/2029,Implicit,FALSE,FALSE,FALSE,FALSE,FALSE,FALSE,FALSE,FALSE,FALSE,,,TLIP2032A,TRUE,2,22/11/2021,TLI,Transport and Logistics Training Package,FALSE,Industry Skills Australia,,,,,,Skills and Workforce Ministerial Council,,,,,80101,Accounting,,,,,,,FALSE,FALSE,,FALSE
41304,PM2 Pty Ltd,ONSHIFT EDUCATION;PM SQUARED,TLIU1009,Monitor plant and equipment in an environmentally sustainable manner,N,Unit of competency,Current,19/10/2015,Current,19/10/2015,,"Deliver and assess , Granted",05/11/2021,06/10/2029,Implicit,FALSE,FALSE,FALSE,FALSE,FALSE,FALSE,FALSE,FALSE,FALSE,,,TLIU1009A,TRUE,2,12/06/2020,TLI,Transport and Logistics Training Package,FALSE,Industry Skills Australia,,,,,,Skills and Workforce Ministerial Council,,,,,61301,Occupational Health And Safety,,,,,,,FALSE,FALSE,,FALSE
41304,PM2 Pty Ltd,ONSHIFT EDUCATION;PM SQUARED,TLIU2012,Participate in environmentally sustainable work practices,N,Unit of competency,Current,19/10/2015,Current,19/10/2015,,"Deliver and assess , Granted",14/06/2022,06/10/2029,Implicit,FALSE,FALSE,FALSE,FALSE,FALSE,FALSE,FALSE,FALSE,FALSE,,,TLIU2012A,TRUE,2,27/10/2020,TLI,Transport and Logistics Training Package,FALSE,Industry Skills Australia,,,,,,Skills and Workforce Ministerial Council,,,,,61301,Occupational Health And Safety,,,,,,,FALSE,FALSE,,FALSE
41304,PM2 Pty Ltd,ONSHIFT EDUCATION;PM SQUARED,TLIU3014,Operate vehicle in an environmentally sustainable manner,N,Unit of competency,Current,29/02/2016,Current,29/02/2016,,"Deliver and assess , Granted",05/11/2021,06/10/2029,Implicit,FALSE,FALSE,FALSE,FALSE,FALSE,FALSE,FALSE,FALSE,FALSE,,,TLIU3014A,TRUE,2,12/06/2020,TLI,Transport and Logistics Training Package,FALSE,Industry Skills Australia,,,,,,Skills and Workforce Ministerial Council,,,,,30515,Automotive Vehicle Operations,,,,,,,FALSE,FALSE,,FALSE
41304,PM2 Pty Ltd,ONSHIFT EDUCATION;PM SQUARED,TLIU3015,Identify wastes and hazards in the waste management industry,N,Unit of competency,Current,29/02/2016,Current,29/02/2016,,"Deliver and assess , Granted",14/06/2022,06/10/2029,Implicit,FALSE,FALSE,FALSE,FALSE,FALSE,FALSE,FALSE,FALSE,FALSE,,,TLIU3015A,TRUE,1,29/02/2016,TLI,Transport and Logistics Training Package,FALSE,Industry Skills Australia,,,,,,Skills and Workforce Ministerial Council,,,,,39901,Environmental Engineering,,,,,,,FALSE,FALSE,,FALSE
41304,PM2 Pty Ltd,ONSHIFT EDUCATION;PM SQUARED,TLIX0022,Decommission fuel storage and dispensing systems,N,Unit of competency,Current,29/01/2021,Current,29/01/2021,,"Deliver and assess , Granted",19/04/2024,06/10/2029,Implicit,FALSE,FALSE,FALSE,FALSE,FALSE,FALSE,FALSE,FALSE,FALSE,,,,,1,29/01/2021,TLI,Transport and Logistics Training Package,FALSE,Industry Skills Australia,,,,,,Skills and Workforce Ministerial Council,,,,,39901,Environmental Engineering,,,,,,,TRUE,FALSE,,FALSE
41304,PM2 Pty Ltd,ONSHIFT EDUCATION;PM SQUARED,TLIX0024,"Install, modify and commission fuel storage and dispensing systems",N,Unit of competency,Current,29/01/2021,Current,29/01/2021,,"Deliver and assess , Granted",19/04/2024,06/10/2029,Implicit,FALSE,FALSE,FALSE,FALSE,FALSE,FALSE,FALSE,FALSE,FALSE,,,,,1,29/01/2021,TLI,Transport and Logistics Training Package,FALSE,Industry Skills Australia,,,,,,Skills and Workforce Ministerial Council,,,,,39901,Environmental Engineering,,,,,,,TRUE,FALSE,,FALSE
41304,PM2 Pty Ltd,ONSHIFT EDUCATION;PM SQUARED,TLIX0025,Maintain fuel storage and dispensing systems,N,Unit of competency,Current,29/01/2021,Current,29/01/2021,,"Deliver and assess , Granted",19/04/2024,06/10/2029,Implicit,FALSE,FALSE,FALSE,FALSE,FALSE,FALSE,FALSE,FALSE,FALSE,,,,,1,29/01/2021,TLI,Transport and Logistics Training Package,FALSE,Industry Skills Australia,,,,,,Skills and Workforce Ministerial Council,,,,,39901,Environmental Engineering,,,,,,,TRUE,FALSE,,FALSE
41304,PM2 Pty Ltd,ONSHIFT EDUCATION;PM SQUARED,TLIX0026,Work in compliance with fuel storage and dispensing site requirements,N,Unit of competency,Current,29/01/2021,Current,29/01/2021,,"Deliver and assess , Granted",19/04/2024,06/10/2029,Implicit,FALSE,FALSE,FALSE,FALSE,FALSE,FALSE,FALSE,FALSE,FALSE,,,,,1,29/01/2021,TLI,Transport and Logistics Training Package,FALSE,Industry Skills Australia,,,,,,Skills and Workforce Ministerial Council,,,,,39901,Environmental Engineering,,,,,,,TRUE,FALSE,,FALSE
41304,PM2 Pty Ltd,ONSHIFT EDUCATION;PM SQUARED,TLIX0027,Work safely at a fuel storage and dispensing site,N,Unit of competency,Current,29/01/2021,Current,29/01/2021,,"Deliver and assess , Granted",19/04/2024,06/10/2029,Implicit,FALSE,FALSE,FALSE,FALSE,FALSE,FALSE,FALSE,FALSE,FALSE,,,,,1,29/01/2021,TLI,Transport and Logistics Training Package,FALSE,Industry Skills Australia,,,,,,Skills and Workforce Ministerial Council,,,,,61301,Occupational Health And Safety,,,,,,,TRUE,FALSE,,FALSE
41304,PM2 Pty Ltd,ONSHIFT EDUCATION;PM SQUARED,UEECD0007,"Apply work health and safety regulations, codes and practices in the workplace",N,Unit of competency,Current,05/10/2020,Current,05/10/2020,,"Deliver and assess , Granted",18/08/2023,06/10/2029,Explicit,TRUE,TRUE,TRUE,TRUE,TRUE,TRUE,TRUE,TRUE,FALSE,,,UEENEEE101A,TRUE,1,05/10/2020,UEE,Electrotechnology Training Package,FALSE,Powering Skills Organisation,,,,,,Skills and Workforce Ministerial Council,,,,,61301,Occupational Health And Safety,,,,,,,FALSE,FALSE,,FALSE
41304,PM2 Pty Ltd,ONSHIFT EDUCATION;PM SQUARED,UEECO0002,Maintain documentation,N,Unit of competency,Current,05/10/2020,Current,05/10/2020,,"Deliver and assess , Granted",29/08/2024,06/10/2029,Implicit,FALSE,FALSE,FALSE,FALSE,FALSE,FALSE,FALSE,FALSE,FALSE,,,UEENEEC001B,TRUE,1,05/10/2020,UEE,Electrotechnology Training Package,FALSE,Powering Skills Organisation,,,,,,Skills and Workforce Ministerial Council,,,,,100705,Written Communication,,,,,,,FALSE,FALSE,,FALSE
41304,PM2 Pty Ltd,ONSHIFT EDUCATION;PM SQUARED,UEGNSG002,Apply environmental policies and procedures in the gas supply industry,N,Unit of competency,Current,09/12/2022,Current,09/12/2022,,"Deliver and assess , Granted",29/08/2024,06/10/2029,Implicit,FALSE,FALSE,FALSE,FALSE,FALSE,FALSE,FALSE,FALSE,FALSE,,,UEGNSG133;UEGNSG140,True;True,1,09/12/2022,UEG,Gas Industry Training Package,FALSE,Powering Skills Organisation,,,,,,Skills and Workforce Ministerial Council,,,,,50999,"Environmental Studies, N.e.c.",,,,,,,FALSE,FALSE,,FALSE
41304,PM2 Pty Ltd,ONSHIFT EDUCATION;PM SQUARED,UEGNSG007,Assess the operational capability of gas safety equipment on a delivery vehicle,N,Unit of competency,Current,09/12/2022,Current,09/12/2022,,"Deliver and assess , Granted",15/12/2022,06/10/2029,Implicit,FALSE,FALSE,FALSE,FALSE,FALSE,FALSE,FALSE,FALSE,FALSE,,,UEGNSG622,FALSE,1,09/12/2022,UEG,Gas Industry Training Package,FALSE,Powering Skills Organisation,,,,,,Skills and Workforce Ministerial Council,,,,,30717,Plant And Machine Operations,,,,,,,FALSE,FALSE,,FALSE
41304,PM2 Pty Ltd,ONSHIFT EDUCATION;PM SQUARED,UEGNSG008,Assist with the construction and laying of gas distribution mains,N,Unit of competency,Current,09/12/2022,Current,09/12/2022,,"Deliver and assess , Granted",29/08/2024,06/10/2029,Implicit,FALSE,FALSE,FALSE,FALSE,FALSE,FALSE,FALSE,FALSE,FALSE,,,UEGNSG227,TRUE,1,09/12/2022,UEG,Gas Industry Training Package,FALSE,Powering Skills Organisation,,,,,,Skills and Workforce Ministerial Council,,,,,30717,Plant And Machine Operations,,,,,,,FALSE,FALSE,,FALSE
41304,PM2 Pty Ltd,ONSHIFT EDUCATION;PM SQUARED,UEGNSG009,"Assist with the construction, laying and connection of gas distribution services to mains",N,Unit of competency,Current,09/12/2022,Current,09/12/2022,,"Deliver and assess , Granted",29/08/2024,06/10/2029,Implicit,FALSE,FALSE,FALSE,FALSE,FALSE,FALSE,FALSE,FALSE,FALSE,,,UEGNSG226,TRUE,1,09/12/2022,UEG,Gas Industry Training Package,FALSE,Powering Skills Organisation,,,,,,Skills and Workforce Ministerial Council,,,,,30717,Plant And Machine Operations,,,,,,,FALSE,FALSE,,FALSE
41304,PM2 Pty Ltd,ONSHIFT EDUCATION;PM SQUARED,UEGNSG010,Conduct general excavations,N,Unit of competency,Current,09/12/2022,Current,09/12/2022,,"Deliver and assess , Granted",29/08/2024,06/10/2029,Implicit,FALSE,FALSE,FALSE,FALSE,FALSE,FALSE,FALSE,FALSE,FALSE,,,UEGNSG219,TRUE,1,09/12/2022,UEG,Gas Industry Training Package,FALSE,Powering Skills Organisation,,,,,,Skills and Workforce Ministerial Council,,,,,30717,Plant And Machine Operations,,,,,,,FALSE,FALSE,,FALSE
41304,PM2 Pty Ltd,ONSHIFT EDUCATION;PM SQUARED,UEGNSG011,Conduct isolations under the permit to work system for gas industry worksites,N,Unit of competency,Current,09/12/2022,Current,09/12/2022,,"Deliver and assess , Granted",29/08/2024,06/10/2029,Implicit,FALSE,FALSE,FALSE,FALSE,FALSE,FALSE,FALSE,FALSE,FALSE,,,UEGNSG142,TRUE,1,09/12/2022,UEG,Gas Industry Training Package,FALSE,Powering Skills Organisation,,,,,,Skills and Workforce Ministerial Council,,,,,40327,Plumbing,,,,,,,TRUE,FALSE,,TRUE
41304,PM2 Pty Ltd,ONSHIFT EDUCATION;PM SQUARED,UEGNSG012,Construct and lay plastic gas distribution mains,N,Unit of competency,Current,09/12/2022,Current,09/12/2022,,"Deliver and assess , Granted",29/08/2024,06/10/2029,Implicit,FALSE,FALSE,FALSE,FALSE,FALSE,FALSE,FALSE,FALSE,FALSE,,,UEGNSG209;UEGNSG222,True;True,1,09/12/2022,UEG,Gas Industry Training Package,FALSE,Powering Skills Organisation,,,,,,Skills and Workforce Ministerial Council,,,,,40327,Plumbing,,,,,,,FALSE,FALSE,,FALSE
41304,PM2 Pty Ltd,ONSHIFT EDUCATION;PM SQUARED,UEGNSG013,"Construct, lay and connect a gas distribution service to a main",N,Unit of competency,Current,09/12/2022,Current,09/12/2022,,"Deliver and assess , Granted",29/08/2024,06/10/2029,Implicit,FALSE,FALSE,FALSE,FALSE,FALSE,FALSE,FALSE,FALSE,FALSE,,,UEGNSG212;UEGNSG213,True;True,1,09/12/2022,UEG,Gas Industry Training Package,FALSE,Powering Skills Organisation,,,,,,Skills and Workforce Ministerial Council,,,,,40327,Plumbing,,,,,,,FALSE,FALSE,,FALSE
41304,PM2 Pty Ltd,ONSHIFT EDUCATION;PM SQUARED,UEGNSG014,Control industrial gas storage/processing operations,N,Unit of competency,Current,09/12/2022,Current,09/12/2022,,"Deliver and assess , Granted",29/08/2024,06/10/2029,Implicit,FALSE,FALSE,FALSE,FALSE,FALSE,FALSE,FALSE,FALSE,FALSE,,,,,1,09/12/2022,UEG,Gas Industry Training Package,FALSE,Powering Skills Organisation,,,,,,Skills and Workforce Ministerial Council,,,,,89901,"Purchasing, Warehousing And Distribution",,,,,,,FALSE,FALSE,,FALSE
41304,PM2 Pty Ltd,ONSHIFT EDUCATION;PM SQUARED,UEGNSG015,Coordinate gas transmission pipeline repairs and modifications,N,Unit of competency,Current,09/12/2022,Current,09/12/2022,,"Deliver and assess , Granted",29/08/2024,06/10/2029,Implicit,FALSE,FALSE,FALSE,FALSE,FALSE,FALSE,FALSE,FALSE,FALSE,,,UEGNSG305,TRUE,1,09/12/2022,UEG,Gas Industry Training Package,FALSE,Powering Skills Organisation,,,,,,Skills and Workforce Ministerial Council,,,,,40327,Plumbing,,,,,,,FALSE,FALSE,,FALSE
41304,PM2 Pty Ltd,ONSHIFT EDUCATION;PM SQUARED,UEGNSG016,Establish right of way access and maintain transmission pipeline easement,N,Unit of competency,Current,09/12/2022,Current,09/12/2022,,"Deliver and assess , Granted",29/08/2024,06/10/2029,Implicit,FALSE,FALSE,FALSE,FALSE,FALSE,FALSE,FALSE,FALSE,FALSE,,,UEGNSG331;UEGNSG342,True;True,1,09/12/2022,UEG,Gas Industry Training Package,FALSE,Powering Skills Organisation,,,,,,Skills and Workforce Ministerial Council,,,,,40327,Plumbing,,,,,,,FALSE,FALSE,,FALSE
41304,PM2 Pty Ltd,ONSHIFT EDUCATION;PM SQUARED,UEGNSG017,Fill by weight industrial gas cylinders,N,Unit of competency,Current,09/12/2022,Current,09/12/2022,,"Deliver and assess , Granted",29/08/2024,06/10/2029,Implicit,FALSE,FALSE,FALSE,FALSE,FALSE,FALSE,FALSE,FALSE,FALSE,,,UEGNSG615,TRUE,1,09/12/2022,UEG,Gas Industry Training Package,FALSE,Powering Skills Organisation,,,,,,Skills and Workforce Ministerial Council,,,,,30717,Plant And Machine Operations,,,,,,,FALSE,FALSE,,FALSE
41304,PM2 Pty Ltd,ONSHIFT EDUCATION;PM SQUARED,UEGNSG018,First on site response to gas pipeline emergencies,N,Unit of competency,Current,09/12/2022,Current,09/12/2022,,"Deliver and assess , Granted",29/08/2024,06/10/2029,Implicit,FALSE,FALSE,FALSE,FALSE,FALSE,FALSE,FALSE,FALSE,FALSE,,,UEGNSG230,TRUE,1,09/12/2022,UEG,Gas Industry Training Package,FALSE,Powering Skills Organisation,,,,,,Skills and Workforce Ministerial Council,,,,,61301,Occupational Health And Safety,,,,,,,FALSE,FALSE,,FALSE
41304,PM2 Pty Ltd,ONSHIFT EDUCATION;PM SQUARED,UEGNSG019,"Inspect, test and maintain gas cylinders",N,Unit of competency,Current,09/12/2022,Current,09/12/2022,,"Deliver and assess , Granted",29/08/2024,06/10/2029,Implicit,FALSE,FALSE,FALSE,FALSE,FALSE,FALSE,FALSE,FALSE,FALSE,,,UEGNSG616,TRUE,1,09/12/2022,UEG,Gas Industry Training Package,FALSE,Powering Skills Organisation,,,,,,Skills and Workforce Ministerial Council,,,,,30717,Plant And Machine Operations,,,,,,,FALSE,FALSE,,FALSE
41304,PM2 Pty Ltd,ONSHIFT EDUCATION;PM SQUARED,UEGNSG020,"Load, unload, exchange and connect industrial gas cylinders",N,Unit of competency,Current,09/12/2022,Current,09/12/2022,,"Deliver and assess , Granted",15/12/2022,06/10/2029,Implicit,FALSE,FALSE,FALSE,FALSE,FALSE,FALSE,FALSE,FALSE,FALSE,,,UEGNSG614,TRUE,1,09/12/2022,UEG,Gas Industry Training Package,FALSE,Powering Skills Organisation,,,,,,Skills and Workforce Ministerial Council,,,,,30717,Plant And Machine Operations,,,,,,,FALSE,FALSE,,FALSE
41304,PM2 Pty Ltd,ONSHIFT EDUCATION;PM SQUARED,UEGNSG021,"Maintain multi-stage, multi-run pressure control devices",N,Unit of competency,Current,09/12/2022,Current,09/12/2022,,"Deliver and assess , Granted",29/08/2024,06/10/2029,Implicit,FALSE,FALSE,FALSE,FALSE,FALSE,FALSE,FALSE,FALSE,FALSE,,,UEGNSG805,TRUE,1,09/12/2022,UEG,Gas Industry Training Package,FALSE,Powering Skills Organisation,,,,,,Skills and Workforce Ministerial Council,,,,,40327,Plumbing,,,,,,,FALSE,FALSE,,TRUE
41304,PM2 Pty Ltd,ONSHIFT EDUCATION;PM SQUARED,UEGNSG022,"Maintain single stage, single run pressure control devices",N,Unit of competency,Current,09/12/2022,Current,09/12/2022,,"Deliver and assess , Granted",29/08/2024,06/10/2029,Implicit,FALSE,FALSE,FALSE,FALSE,FALSE,FALSE,FALSE,FALSE,FALSE,,,UEGNSG804,TRUE,1,09/12/2022,UEG,Gas Industry Training Package,FALSE,Powering Skills Organisation,,,,,,Skills and Workforce Ministerial Council,,,,,40327,Plumbing,,,,,,,FALSE,FALSE,,TRUE
41304,PM2 Pty Ltd,ONSHIFT EDUCATION;PM SQUARED,UEGNSG024,Monitor and control the transfer of bulk industrial gas,N,Unit of competency,Current,09/12/2022,Current,09/12/2022,,"Deliver and assess , Granted",29/08/2024,06/10/2029,Implicit,FALSE,FALSE,FALSE,FALSE,FALSE,FALSE,FALSE,FALSE,FALSE,,,UEGNSG617,TRUE,1,09/12/2022,UEG,Gas Industry Training Package,FALSE,Powering Skills Organisation,,,,,,Skills and Workforce Ministerial Council,,,,,30717,Plant And Machine Operations,,,,,,,FALSE,FALSE,,FALSE
41304,PM2 Pty Ltd,ONSHIFT EDUCATION;PM SQUARED,UEGNSG025,"Monitor and operate complex flow control, measuring and regulating devices",N,Unit of competency,Current,09/12/2022,Current,09/12/2022,,"Deliver and assess , Granted",29/08/2024,06/10/2029,Implicit,FALSE,FALSE,FALSE,FALSE,FALSE,FALSE,FALSE,FALSE,FALSE,,,UEGNSG811,TRUE,1,09/12/2022,UEG,Gas Industry Training Package,FALSE,Powering Skills Organisation,,,,,,Skills and Workforce Ministerial Council,,,,,40327,Plumbing,,,,,,,TRUE,FALSE,,FALSE
41304,PM2 Pty Ltd,ONSHIFT EDUCATION;PM SQUARED,UEGNSG026,Perform routine maintenance on distribution pipelines and facilities,N,Unit of competency,Current,09/12/2022,Current,09/12/2022,,"Deliver and assess , Granted",29/08/2024,06/10/2029,Implicit,FALSE,FALSE,FALSE,FALSE,FALSE,FALSE,FALSE,FALSE,FALSE,,,UEGNSG225,TRUE,1,09/12/2022,UEG,Gas Industry Training Package,FALSE,Powering Skills Organisation,,,,,,Skills and Workforce Ministerial Council,,,,,40327,Plumbing,,,,,,,FALSE,FALSE,,FALSE
41304,PM2 Pty Ltd,ONSHIFT EDUCATION;PM SQUARED,UEGNSG027,Perform routine maintenance on transmission pipeline facilities and equipment,N,Unit of competency,Current,09/12/2022,Current,09/12/2022,,"Deliver and assess , Granted",29/08/2024,06/10/2029,Implicit,FALSE,FALSE,FALSE,FALSE,FALSE,FALSE,FALSE,FALSE,FALSE,,,UEGNSG347;UEGNSG352,True;False,1,09/12/2022,UEG,Gas Industry Training Package,FALSE,Powering Skills Organisation,,,,,,Skills and Workforce Ministerial Council,,,,,40327,Plumbing,,,,,,,FALSE,FALSE,,TRUE
41304,PM2 Pty Ltd,ONSHIFT EDUCATION;PM SQUARED,UEGNSG028,Perform scheduled maintenance on gas processing or storage facilities and equipment,N,Unit of competency,Current,09/12/2022,Current,09/12/2022,,"Deliver and assess , Granted",29/08/2024,06/10/2029,Implicit,FALSE,FALSE,FALSE,FALSE,FALSE,FALSE,FALSE,FALSE,FALSE,,,UEGNSG619,FALSE,1,09/12/2022,UEG,Gas Industry Training Package,FALSE,Powering Skills Organisation,,,,,,Skills and Workforce Ministerial Council,,,,,40327,Plumbing,,,,,,,FALSE,FALSE,,FALSE
41304,PM2 Pty Ltd,ONSHIFT EDUCATION;PM SQUARED,UEGNSG030,Store and handle bulk industrial gases,N,Unit of competency,Current,09/12/2022,Current,09/12/2022,,"Deliver and assess , Granted",29/08/2024,06/10/2029,Implicit,FALSE,FALSE,FALSE,FALSE,FALSE,FALSE,FALSE,FALSE,FALSE,,,UEGNSG621,FALSE,1,09/12/2022,UEG,Gas Industry Training Package,FALSE,Powering Skills Organisation,,,,,,Skills and Workforce Ministerial Council,,,,,89901,"Purchasing, Warehousing And Distribution",,,,,,,FALSE,FALSE,,FALSE
41304,PM2 Pty Ltd,ONSHIFT EDUCATION;PM SQUARED,UEGNSG031,Prepare to work in the gas industry,N,Unit of competency,Current,09/12/2022,Current,09/12/2022,,"Deliver and assess , Granted",15/12/2022,06/10/2029,Implicit,FALSE,FALSE,FALSE,FALSE,FALSE,FALSE,FALSE,FALSE,FALSE,,,UEGNSG005,TRUE,1,09/12/2022,UEG,Gas Industry Training Package,FALSE,Powering Skills Organisation,,,,,,Skills and Workforce Ministerial Council,,,,,120505,Work Practices Programmes,,,,,,,FALSE,FALSE,,FALSE
41304,PM2 Pty Ltd,ONSHIFT EDUCATION;PM SQUARED,UEGNSG032,Carry out aerial surveillance of gas transmission pipelines,N,Unit of competency,Current,09/12/2022,Current,09/12/2022,,"Deliver and assess , Granted",29/08/2024,06/10/2029,Implicit,FALSE,FALSE,FALSE,FALSE,FALSE,FALSE,FALSE,FALSE,FALSE,,,UEGNSG353,TRUE,1,09/12/2022,UEG,Gas Industry Training Package,FALSE,Powering Skills Organisation,,,,,,Skills and Workforce Ministerial Council,,,,,30717,Plant And Machine Operations,,,,,,,FALSE,FALSE,,FALSE
41304,PM2 Pty Ltd,ONSHIFT EDUCATION;PM SQUARED,UEGNSG033,Carry out basic work activities in a gas industry work environment,N,Unit of competency,Current,09/12/2022,Current,09/12/2022,,"Deliver and assess , Granted",29/08/2024,06/10/2029,Implicit,FALSE,FALSE,FALSE,FALSE,FALSE,FALSE,FALSE,FALSE,FALSE,,,UEGNSG132,TRUE,1,09/12/2022,UEG,Gas Industry Training Package,FALSE,Powering Skills Organisation,,,,,,Skills and Workforce Ministerial Council,,,,,120505,Work Practices Programmes,,,,,,,FALSE,FALSE,,FALSE
41304,PM2 Pty Ltd,ONSHIFT EDUCATION;PM SQUARED,UEGNSG034,Carry out surveillance of gas transmission pipelines,N,Unit of competency,Current,09/12/2022,Current,09/12/2022,,"Deliver and assess , Granted",29/08/2024,06/10/2029,Implicit,FALSE,FALSE,FALSE,FALSE,FALSE,FALSE,FALSE,FALSE,FALSE,,,UEGNSG349,TRUE,1,09/12/2022,UEG,Gas Industry Training Package,FALSE,Powering Skills Organisation,,,,,,Skills and Workforce Ministerial Council,,,,,30717,Plant And Machine Operations,,,,,,,FALSE,FALSE,,FALSE
41304,PM2 Pty Ltd,ONSHIFT EDUCATION;PM SQUARED,UEGNSG035,Respond to gas infrastructure emergencies,N,Unit of competency,Current,09/12/2022,Current,09/12/2022,,"Deliver and assess , Granted",29/08/2024,06/10/2029,Implicit,FALSE,FALSE,FALSE,FALSE,FALSE,FALSE,FALSE,FALSE,FALSE,,,UEGNSG506,TRUE,1,09/12/2022,UEG,Gas Industry Training Package,FALSE,Powering Skills Organisation,,,,,,Skills and Workforce Ministerial Council,,,,,61301,Occupational Health And Safety,,,,,,,FALSE,FALSE,,FALSE
41304,PM2 Pty Ltd,ONSHIFT EDUCATION;PM SQUARED,UEGNSG036,Supervise and monitor contract work,N,Unit of competency,Current,09/12/2022,Current,09/12/2022,,"Deliver and assess , Granted",29/08/2024,06/10/2029,Implicit,FALSE,FALSE,FALSE,FALSE,FALSE,FALSE,FALSE,FALSE,FALSE,,,UEGNSG310;UEGNSG210,True;False,1,09/12/2022,UEG,Gas Industry Training Package,FALSE,Powering Skills Organisation,,,,,,Skills and Workforce Ministerial Council,,,,,80315,Project Management,,,,,,,FALSE,FALSE,,FALSE
41304,PM2 Pty Ltd,ONSHIFT EDUCATION;PM SQUARED,UEGNSG038,Supervise the operation of plant and equipment for the construction of gas transmission pipelines,N,Unit of competency,Current,09/12/2022,Current,09/12/2022,,"Deliver and assess , Granted",29/08/2024,06/10/2029,Implicit,FALSE,FALSE,FALSE,FALSE,FALSE,FALSE,FALSE,FALSE,FALSE,,,UEGNSG348,TRUE,1,09/12/2022,UEG,Gas Industry Training Package,FALSE,Powering Skills Organisation,,,,,,Skills and Workforce Ministerial Council,,,,,30717,Plant And Machine Operations,,,,,,,FALSE,FALSE,,FALSE
41304,PM2 Pty Ltd,ONSHIFT EDUCATION;PM SQUARED,UEGNSG039,Test new residential and small commercial gas installations,N,Unit of competency,Current,09/12/2022,Current,09/12/2022,,"Deliver and assess , Granted",29/08/2024,06/10/2029,Implicit,FALSE,FALSE,FALSE,FALSE,FALSE,FALSE,FALSE,FALSE,FALSE,,,UEGNSG706,TRUE,1,09/12/2022,UEG,Gas Industry Training Package,FALSE,Powering Skills Organisation,,,,,,Skills and Workforce Ministerial Council,,,,,40327,Plumbing,,,,,,,TRUE,FALSE,,FALSE
41304,PM2 Pty Ltd,ONSHIFT EDUCATION;PM SQUARED,UEGNSG040,Use a portable detector to locate a combustible gas escape,N,Unit of competency,Current,09/12/2022,Current,09/12/2022,,"Deliver and assess , Granted",29/08/2024,06/10/2029,Implicit,FALSE,FALSE,FALSE,FALSE,FALSE,FALSE,FALSE,FALSE,FALSE,,,UEGNSG006,TRUE,1,09/12/2022,UEG,Gas Industry Training Package,FALSE,Powering Skills Organisation,,,,,,Skills and Workforce Ministerial Council,,,,,30717,Plant And Machine Operations,,,,,,,FALSE,FALSE,,FALSE
41304,PM2 Pty Ltd,ONSHIFT EDUCATION;PM SQUARED,UEGNSG041,Apply safe working practices in the gas supply industry,N,Unit of competency,Current,09/12/2022,Current,09/12/2022,,"Deliver and assess , Granted",15/12/2022,06/10/2029,Implicit,FALSE,FALSE,FALSE,FALSE,FALSE,FALSE,FALSE,FALSE,FALSE,,,UEGNSG141,TRUE,1,09/12/2022,UEG,Gas Industry Training Package,FALSE,Powering Skills Organisation,,,,,,Skills and Workforce Ministerial Council,,,,,61301,Occupational Health And Safety,,,,,,,FALSE,FALSE,,FALSE
41304,PM2 Pty Ltd,ONSHIFT EDUCATION;PM SQUARED,UEGNSG042,Pressure test residential and small commercial gas installations,N,Unit of competency,Current,09/12/2022,Current,09/12/2022,,"Deliver and assess , Granted",29/08/2024,06/10/2029,Implicit,FALSE,FALSE,FALSE,FALSE,FALSE,FALSE,FALSE,FALSE,FALSE,,,UEGNSG708,TRUE,1,09/12/2022,UEG,Gas Industry Training Package,FALSE,Powering Skills Organisation,,,,,,Skills and Workforce Ministerial Council,,,,,40327,Plumbing,,,,,,,TRUE,FALSE,,FALSE
41304,PM2 Pty Ltd,ONSHIFT EDUCATION;PM SQUARED,UEGNSG043,Relight Type A gas appliances,N,Unit of competency,Current,09/12/2022,Current,09/12/2022,,"Deliver and assess , Granted",29/08/2024,06/10/2029,Implicit,FALSE,FALSE,FALSE,FALSE,FALSE,FALSE,FALSE,FALSE,FALSE,,,UEGNSG714,TRUE,1,09/12/2022,UEG,Gas Industry Training Package,FALSE,Powering Skills Organisation,,,,,,Skills and Workforce Ministerial Council,,,,,40327,Plumbing,,,,,,,FALSE,FALSE,,FALSE
41304,PM2 Pty Ltd,ONSHIFT EDUCATION;PM SQUARED,UEGNSG044,Repair and maintain stationary gas fuelled turbine engines,N,Unit of competency,Current,09/12/2022,Current,09/12/2022,,"Deliver and assess , Granted",29/08/2024,06/10/2029,Implicit,FALSE,FALSE,FALSE,FALSE,FALSE,FALSE,FALSE,FALSE,FALSE,,,UEGNSG139,TRUE,1,09/12/2022,UEG,Gas Industry Training Package,FALSE,Powering Skills Organisation,,,,,,Skills and Workforce Ministerial Council,,,,,40327,Plumbing,,,,,,,TRUE,FALSE,,FALSE
41304,PM2 Pty Ltd,ONSHIFT EDUCATION;PM SQUARED,UEGNSG045,Carry out surveillance on gas distribution assets,N,Unit of competency,Current,09/12/2022,Current,09/12/2022,,"Deliver and assess , Granted",29/08/2024,06/10/2029,Implicit,FALSE,FALSE,FALSE,FALSE,FALSE,FALSE,FALSE,FALSE,FALSE,,,UEGNSG218,TRUE,1,09/12/2022,UEG,Gas Industry Training Package,FALSE,Powering Skills Organisation,,,,,,Skills and Workforce Ministerial Council,,,,,30717,Plant And Machine Operations,,,,,,,FALSE,FALSE,,FALSE
41304,PM2 Pty Ltd,ONSHIFT EDUCATION;PM SQUARED,UEGNSG046,Coat metallic pipelines,N,Unit of competency,Current,09/12/2022,Current,09/12/2022,,"Deliver and assess , Granted",29/08/2024,06/10/2029,Implicit,FALSE,FALSE,FALSE,FALSE,FALSE,FALSE,FALSE,FALSE,FALSE,,,UEGNSG330,TRUE,1,09/12/2022,UEG,Gas Industry Training Package,FALSE,Powering Skills Organisation,,,,,,Skills and Workforce Ministerial Council,,,,,40327,Plumbing,,,,,,,FALSE,FALSE,,FALSE
41304,PM2 Pty Ltd,ONSHIFT EDUCATION;PM SQUARED,UEGNSG048,Conduct butt fusion of large diameter polyethylene gas pipeline systems,N,Unit of competency,Current,09/12/2022,Current,09/12/2022,,"Deliver and assess , Granted",29/08/2024,06/10/2029,Implicit,FALSE,FALSE,FALSE,FALSE,FALSE,FALSE,FALSE,FALSE,FALSE,,,UEGNSG200,TRUE,1,09/12/2022,UEG,Gas Industry Training Package,FALSE,Powering Skills Organisation,,,,,,Skills and Workforce Ministerial Council,,,,,40327,Plumbing,,,,,,,FALSE,FALSE,,FALSE
41304,PM2 Pty Ltd,ONSHIFT EDUCATION;PM SQUARED,UEGNSG049,Control excavations in the vicinity of gas transmission pipelines,N,Unit of competency,Current,09/12/2022,Current,09/12/2022,,"Deliver and assess , Granted",29/08/2024,06/10/2029,Implicit,FALSE,FALSE,FALSE,FALSE,FALSE,FALSE,FALSE,FALSE,FALSE,,,UEGNSG354,TRUE,1,09/12/2022,UEG,Gas Industry Training Package,FALSE,Powering Skills Organisation,,,,,,Skills and Workforce Ministerial Council,,,,,30717,Plant And Machine Operations,,,,,,,FALSE,FALSE,,TRUE
41304,PM2 Pty Ltd,ONSHIFT EDUCATION;PM SQUARED,UEGNSG050,Control field pipeline operations,N,Unit of competency,Current,09/12/2022,Current,09/12/2022,,"Deliver and assess , Granted",29/08/2024,06/10/2029,Implicit,FALSE,FALSE,FALSE,FALSE,FALSE,FALSE,FALSE,FALSE,FALSE,,,UEGNSG109,TRUE,1,09/12/2022,UEG,Gas Industry Training Package,FALSE,Powering Skills Organisation,,,,,,Skills and Workforce Ministerial Council,,,,,40327,Plumbing,,,,,,,FALSE,FALSE,,FALSE
41304,PM2 Pty Ltd,ONSHIFT EDUCATION;PM SQUARED,UEGNSG052,Establish a utilities infrastructure worksite,N,Unit of competency,Current,09/12/2022,Current,09/12/2022,,"Deliver and assess , Granted",29/08/2024,06/10/2029,Implicit,FALSE,FALSE,FALSE,FALSE,FALSE,FALSE,FALSE,FALSE,FALSE,,,UEGNSG134,TRUE,1,09/12/2022,UEG,Gas Industry Training Package,FALSE,Powering Skills Organisation,,,,,,Skills and Workforce Ministerial Council,,,,,30717,Plant And Machine Operations,,,,,,,FALSE,FALSE,,FALSE
41304,PM2 Pty Ltd,ONSHIFT EDUCATION;PM SQUARED,UEGNSG053,Install and commission stationary gas fuelled turbine engines,N,Unit of competency,Current,09/12/2022,Current,09/12/2022,,"Deliver and assess , Granted",29/08/2024,06/10/2029,Implicit,FALSE,FALSE,FALSE,FALSE,FALSE,FALSE,FALSE,FALSE,FALSE,,,UEGNSG138,TRUE,1,09/12/2022,UEG,Gas Industry Training Package,FALSE,Powering Skills Organisation,,,,,,Skills and Workforce Ministerial Council,,,,,40327,Plumbing,,,,,,,TRUE,FALSE,,TRUE
41304,PM2 Pty Ltd,ONSHIFT EDUCATION;PM SQUARED,UEGNSG054,Install cathodic protection systems,N,Unit of competency,Current,09/12/2022,Current,09/12/2022,,"Deliver and assess , Granted",29/08/2024,06/10/2029,Implicit,FALSE,FALSE,FALSE,FALSE,FALSE,FALSE,FALSE,FALSE,FALSE,,,UEGNSG412,TRUE,1,09/12/2022,UEG,Gas Industry Training Package,FALSE,Powering Skills Organisation,,,,,,Skills and Workforce Ministerial Council,,,,,40327,Plumbing,,,,,,,FALSE,FALSE,,FALSE
41304,PM2 Pty Ltd,ONSHIFT EDUCATION;PM SQUARED,UEGNSG055,Launch and recover PIGs in a gas distribution pipeline,N,Unit of competency,Current,09/12/2022,Current,09/12/2022,,"Deliver and assess , Granted",29/08/2024,06/10/2029,Implicit,FALSE,FALSE,FALSE,FALSE,FALSE,FALSE,FALSE,FALSE,FALSE,,,UEGNSG217,TRUE,1,09/12/2022,UEG,Gas Industry Training Package,FALSE,Powering Skills Organisation,,,,,,Skills and Workforce Ministerial Council,,,,,40327,Plumbing,,,,,,,FALSE,FALSE,,FALSE
41304,PM2 Pty Ltd,ONSHIFT EDUCATION;PM SQUARED,UEGNSG056,Launch and recover PIGs in gas transmission pipelines,N,Unit of competency,Current,09/12/2022,Current,09/12/2022,,"Deliver and assess , Granted",29/08/2024,06/10/2029,Implicit,FALSE,FALSE,FALSE,FALSE,FALSE,FALSE,FALSE,FALSE,FALSE,,,UEGNSG346,TRUE,1,09/12/2022,UEG,Gas Industry Training Package,FALSE,Powering Skills Organisation,,,,,,Skills and Workforce Ministerial Council,,,,,40327,Plumbing,,,,,,,FALSE,FALSE,,FALSE
41304,PM2 Pty Ltd,ONSHIFT EDUCATION;PM SQUARED,UEGNSG057,Liaise with third party and the community to maintain pipeline integrity and community safety,N,Unit of competency,Current,09/12/2022,Current,09/12/2022,,"Deliver and assess , Granted",29/08/2024,06/10/2029,Implicit,FALSE,FALSE,FALSE,FALSE,FALSE,FALSE,FALSE,FALSE,FALSE,,,UEGNSG314,TRUE,1,09/12/2022,UEG,Gas Industry Training Package,FALSE,Powering Skills Organisation,,,,,,Skills and Workforce Ministerial Council,,,,,40327,Plumbing,,,,,,,FALSE,FALSE,,FALSE
41304,PM2 Pty Ltd,ONSHIFT EDUCATION;PM SQUARED,UEGNSG058,"Locate, prove and protect utility assets",N,Unit of competency,Current,09/12/2022,Current,09/12/2022,,"Deliver and assess , Granted",29/08/2024,06/10/2029,Implicit,FALSE,FALSE,FALSE,FALSE,FALSE,FALSE,FALSE,FALSE,FALSE,,,UEGNSG004,TRUE,1,09/12/2022,UEG,Gas Industry Training Package,FALSE,Powering Skills Organisation,,,,,,Skills and Workforce Ministerial Council,,,,,30717,Plant And Machine Operations,,,,,,,FALSE,FALSE,,FALSE
41304,PM2 Pty Ltd,ONSHIFT EDUCATION;PM SQUARED,UEGNSG059,Maintain cathodic protection systems,N,Unit of competency,Current,09/12/2022,Current,09/12/2022,,"Deliver and assess , Granted",29/08/2024,06/10/2029,Implicit,FALSE,FALSE,FALSE,FALSE,FALSE,FALSE,FALSE,FALSE,FALSE,,,UEGNSG411,TRUE,1,09/12/2022,UEG,Gas Industry Training Package,FALSE,Powering Skills Organisation,,,,,,Skills and Workforce Ministerial Council,,,,,40327,Plumbing,,,,,,,FALSE,FALSE,,FALSE
41304,PM2 Pty Ltd,ONSHIFT EDUCATION;PM SQUARED,UEGNSG060,Maintain SCADA controlled flow and pressure equipment and electronic gas measurement equipment,N,Unit of competency,Current,09/12/2022,Current,09/12/2022,,"Deliver and assess , Granted",29/08/2024,06/10/2029,Implicit,FALSE,FALSE,FALSE,FALSE,FALSE,FALSE,FALSE,FALSE,FALSE,,,UEGNSG806,TRUE,1,09/12/2022,UEG,Gas Industry Training Package,FALSE,Powering Skills Organisation,,,,,,Skills and Workforce Ministerial Council,,,,,40327,Plumbing,,,,,,,TRUE,FALSE,,TRUE
41304,PM2 Pty Ltd,ONSHIFT EDUCATION;PM SQUARED,UEGNSG061,Monitor and control gas odourisation,N,Unit of competency,Current,09/12/2022,Current,09/12/2022,,"Deliver and assess , Granted",29/08/2024,06/10/2029,Implicit,FALSE,FALSE,FALSE,FALSE,FALSE,FALSE,FALSE,FALSE,FALSE,,,UEGNSG135,TRUE,1,09/12/2022,UEG,Gas Industry Training Package,FALSE,Powering Skills Organisation,,,,,,Skills and Workforce Ministerial Council,,,,,30717,Plant And Machine Operations,,,,,,,FALSE,FALSE,,FALSE
41304,PM2 Pty Ltd,ONSHIFT EDUCATION;PM SQUARED,UEGNSG062,Monitor and report on cathodic protection systems,N,Unit of competency,Current,09/12/2022,Current,09/12/2022,,"Deliver and assess , Granted",29/08/2024,06/10/2029,Implicit,FALSE,FALSE,FALSE,FALSE,FALSE,FALSE,FALSE,FALSE,FALSE,,,UEGNSG355,TRUE,1,09/12/2022,UEG,Gas Industry Training Package,FALSE,Powering Skills Organisation,,,,,,Skills and Workforce Ministerial Council,,,,,40327,Plumbing,,,,,,,FALSE,FALSE,,FALSE
41304,PM2 Pty Ltd,ONSHIFT EDUCATION;PM SQUARED,UEGNSG063,Operate and maintain gas station water bath heaters,N,Unit of competency,Current,09/12/2022,Current,09/12/2022,,"Deliver and assess , Granted",29/08/2024,06/10/2029,Implicit,FALSE,FALSE,FALSE,FALSE,FALSE,FALSE,FALSE,FALSE,FALSE,,,UEGNSG137,TRUE,1,09/12/2022,UEG,Gas Industry Training Package,FALSE,Powering Skills Organisation,,,,,,Skills and Workforce Ministerial Council,,,,,30717,Plant And Machine Operations,,,,,,,FALSE,FALSE,,FALSE
41304,PM2 Pty Ltd,ONSHIFT EDUCATION;PM SQUARED,UEGNSG065,"Install gas flow, measuring and pressure regulating devices",N,Unit of competency,Current,09/12/2022,Current,09/12/2022,,"Deliver and assess , Granted",29/08/2024,06/10/2029,Implicit,FALSE,FALSE,FALSE,FALSE,FALSE,FALSE,FALSE,FALSE,FALSE,,,UEGNSG807,TRUE,1,09/12/2022,UEG,Gas Industry Training Package,FALSE,Powering Skills Organisation,,,,,,Skills and Workforce Ministerial Council,,,,,40327,Plumbing,,,,,,,TRUE,FALSE,,TRUE
41304,PM2 Pty Ltd,ONSHIFT EDUCATION;PM SQUARED,UEGNSG101,Undertake gas leak surveys,N,Unit of competency,Current,25/01/2021,Current,25/01/2021,,"Deliver and assess , Granted",29/08/2024,06/10/2029,Implicit,FALSE,FALSE,FALSE,FALSE,FALSE,FALSE,FALSE,FALSE,FALSE,,,,,1,25/01/2021,UEG,Gas Industry Training Package,FALSE,Powering Skills Organisation,,,,,,Skills and Workforce Ministerial Council,,,,,40327,Plumbing,,,,,,,FALSE,FALSE,,FALSE
41304,PM2 Pty Ltd,ONSHIFT EDUCATION;PM SQUARED,UEGNSG201,Conduct distribution pipeline emergency repair,N,Unit of competency,Current,25/01/2021,Current,25/01/2021,,"Deliver and assess , Granted",29/08/2024,06/10/2029,Implicit,FALSE,FALSE,FALSE,FALSE,FALSE,FALSE,FALSE,FALSE,FALSE,,,,,1,25/01/2021,UEG,Gas Industry Training Package,FALSE,Powering Skills Organisation,,,,,,Skills and Workforce Ministerial Council,,,,,40327,Plumbing,,,,,,,FALSE,FALSE,,TRUE
41304,PM2 Pty Ltd,ONSHIFT EDUCATION;PM SQUARED,UEGNSG202,Conduct emergency site control on gas distribution assets,N,Unit of competency,Current,25/01/2021,Current,25/01/2021,,"Deliver and assess , Granted",29/08/2024,06/10/2029,Implicit,FALSE,FALSE,FALSE,FALSE,FALSE,FALSE,FALSE,FALSE,FALSE,,,,,1,25/01/2021,UEG,Gas Industry Training Package,FALSE,Powering Skills Organisation,,,,,,Skills and Workforce Ministerial Council,,,,,40327,Plumbing,,,,,,,FALSE,FALSE,,FALSE
41304,PM2 Pty Ltd,ONSHIFT EDUCATION;PM SQUARED,UEGNSG203,Evaluate and extinguish gas fire,N,Unit of competency,Current,25/01/2021,Current,25/01/2021,,"Deliver and assess , Granted",29/08/2024,06/10/2029,Implicit,FALSE,FALSE,FALSE,FALSE,FALSE,FALSE,FALSE,FALSE,FALSE,,,,,1,25/01/2021,UEG,Gas Industry Training Package,FALSE,Powering Skills Organisation,,,,,,Skills and Workforce Ministerial Council,,,,,39905,Fire Technology,,,,,,,FALSE,FALSE,,FALSE
41304,PM2 Pty Ltd,ONSHIFT EDUCATION;PM SQUARED,UEGNSG205,Commission or decommission gas distribution pipelines,N,Unit of competency,Current,23/11/2021,Current,23/11/2021,,"Deliver and assess , Granted",29/08/2024,06/10/2029,Implicit,FALSE,FALSE,FALSE,FALSE,FALSE,FALSE,FALSE,FALSE,FALSE,,,UEGNSG216,TRUE,1,23/11/2021,UEG,Gas Industry Training Package,FALSE,Powering Skills Organisation,,,,,,Skills and Workforce Ministerial Council,,,,,40327,Plumbing,,,,,,,TRUE,FALSE,,FALSE
41304,PM2 Pty Ltd,ONSHIFT EDUCATION;PM SQUARED,UEGNSG206,Construct and lay copper and stainless steel gas distribution pipelines,N,Unit of competency,Current,23/11/2021,Current,23/11/2021,,"Deliver and assess , Granted",29/08/2024,06/10/2029,Implicit,FALSE,FALSE,FALSE,FALSE,FALSE,FALSE,FALSE,FALSE,FALSE,,,UEGNSG224,TRUE,1,23/11/2021,UEG,Gas Industry Training Package,FALSE,Powering Skills Organisation,,,,,,Skills and Workforce Ministerial Council,,,,,40327,Plumbing,,,,,,,TRUE,FALSE,,FALSE
41304,PM2 Pty Ltd,ONSHIFT EDUCATION;PM SQUARED,UEGNSG208,Construct and lay large copper gas distribution pipelines,N,Unit of competency,Current,23/11/2021,Current,23/11/2021,,"Deliver and assess , Granted",29/08/2024,06/10/2029,Implicit,FALSE,FALSE,FALSE,FALSE,FALSE,FALSE,FALSE,FALSE,FALSE,,,UEGNSG228,TRUE,1,23/11/2021,UEG,Gas Industry Training Package,FALSE,Powering Skills Organisation,,,,,,Skills and Workforce Ministerial Council,,,,,40327,Plumbing,,,,,,,TRUE,FALSE,,FALSE
41304,PM2 Pty Ltd,ONSHIFT EDUCATION;PM SQUARED,UEGNSG211,Construct and lay steel gas distribution pipelines,N,Unit of competency,Current,23/11/2021,Current,23/11/2021,,"Deliver and assess , Granted",29/08/2024,06/10/2029,Implicit,FALSE,FALSE,FALSE,FALSE,FALSE,FALSE,FALSE,FALSE,FALSE,,,UEGNSG223,TRUE,1,23/11/2021,UEG,Gas Industry Training Package,FALSE,Powering Skills Organisation,,,,,,Skills and Workforce Ministerial Council,,,,,40327,Plumbing,,,,,,,TRUE,FALSE,,FALSE
41304,PM2 Pty Ltd,ONSHIFT EDUCATION;PM SQUARED,UEGNSG214,Coordinate and conduct gas distribution pipeline repair and modifications,N,Unit of competency,Current,23/11/2021,Current,23/11/2021,,"Deliver and assess , Granted",29/08/2024,06/10/2029,Implicit,FALSE,FALSE,FALSE,FALSE,FALSE,FALSE,FALSE,FALSE,FALSE,,,UEGNSG204,TRUE,1,23/11/2021,UEG,Gas Industry Training Package,FALSE,Powering Skills Organisation,,,,,,Skills and Workforce Ministerial Council,,,,,40327,Plumbing,,,,,,,TRUE,FALSE,,FALSE
41304,PM2 Pty Ltd,ONSHIFT EDUCATION;PM SQUARED,UEGNSG215,"Coordinate construction, laying and testing of gas distribution pipelines",N,Unit of competency,Current,23/11/2021,Current,23/11/2021,,"Deliver and assess , Granted",29/08/2024,06/10/2029,Implicit,FALSE,FALSE,FALSE,FALSE,FALSE,FALSE,FALSE,FALSE,FALSE,,,UEGNSG207,TRUE,1,23/11/2021,UEG,Gas Industry Training Package,FALSE,Powering Skills Organisation,,,,,,Skills and Workforce Ministerial Council,,,,,40327,Plumbing,,,,,,,TRUE,FALSE,,FALSE
41304,PM2 Pty Ltd,ONSHIFT EDUCATION;PM SQUARED,UEGNSG229,Prepare simple drawings of as laid gas mains and services,N,Unit of competency,Current,05/09/2018,Current,05/09/2018,,"Deliver and assess , Granted",29/08/2024,06/10/2029,Implicit,FALSE,FALSE,FALSE,FALSE,FALSE,FALSE,FALSE,FALSE,FALSE,,,UEGNSG229A,TRUE,1,05/09/2018,UEG,Gas Industry Training Package,FALSE,Powering Skills Organisation,,,,,,Skills and Workforce Ministerial Council,,,,,40327,Plumbing,,,,,,,FALSE,FALSE,,FALSE
41304,PM2 Pty Ltd,ONSHIFT EDUCATION;PM SQUARED,UEGNSG302,Conduct transmission pipeline emergency repair,N,Unit of competency,Current,25/01/2021,Current,25/01/2021,,"Deliver and assess , Granted",29/08/2024,06/10/2029,Implicit,FALSE,FALSE,FALSE,FALSE,FALSE,FALSE,FALSE,FALSE,FALSE,,,,,1,25/01/2021,UEG,Gas Industry Training Package,FALSE,Powering Skills Organisation,,,,,,Skills and Workforce Ministerial Council,,,,,40327,Plumbing,,,,,,,FALSE,FALSE,,FALSE
41304,PM2 Pty Ltd,ONSHIFT EDUCATION;PM SQUARED,UEGNSG303,Carry out transmission pipeline construction work activities,N,Unit of competency,Current,23/11/2021,Current,23/11/2021,,"Deliver and assess , Granted",29/08/2024,06/10/2029,Implicit,FALSE,FALSE,FALSE,FALSE,FALSE,FALSE,FALSE,FALSE,FALSE,,,UEGNSG136,TRUE,1,23/11/2021,UEG,Gas Industry Training Package,FALSE,Powering Skills Organisation,,,,,,Skills and Workforce Ministerial Council,,,,,40327,Plumbing,,,,,,,TRUE,FALSE,,FALSE
41304,PM2 Pty Ltd,ONSHIFT EDUCATION;PM SQUARED,UEGNSG304,Commission or decommission gas transmission pipelines,N,Unit of competency,Current,23/11/2021,Current,23/11/2021,,"Deliver and assess , Granted",29/08/2024,06/10/2029,Implicit,FALSE,FALSE,FALSE,FALSE,FALSE,FALSE,FALSE,FALSE,FALSE,,,UEGNSG344,TRUE,1,23/11/2021,UEG,Gas Industry Training Package,FALSE,Powering Skills Organisation,,,,,,Skills and Workforce Ministerial Council,,,,,40327,Plumbing,,,,,,,TRUE,FALSE,,FALSE
41304,PM2 Pty Ltd,ONSHIFT EDUCATION;PM SQUARED,UEGNSG306,"Control gas processing, storage or regasification operations in an LNG storage facility",N,Unit of competency,Current,23/11/2021,Current,23/11/2021,,"Deliver and assess , Granted",29/08/2024,06/10/2029,Implicit,FALSE,FALSE,FALSE,FALSE,FALSE,FALSE,FALSE,FALSE,FALSE,,,,,1,23/11/2021,UEG,Gas Industry Training Package,FALSE,Powering Skills Organisation,,,,,,Skills and Workforce Ministerial Council,,,,,30399,"Process And Resources Engineering, N.e.c.",,,,,,,TRUE,FALSE,,FALSE
41304,PM2 Pty Ltd,ONSHIFT EDUCATION;PM SQUARED,UEGNSG307,Coordinate the operation of relevant plant and equipment for transmission pipeline construction,N,Unit of competency,Current,23/11/2021,Current,23/11/2021,,"Deliver and assess , Granted",29/08/2024,06/10/2029,Implicit,FALSE,FALSE,FALSE,FALSE,FALSE,FALSE,FALSE,FALSE,FALSE,,,UEGNSG325,TRUE,1,23/11/2021,UEG,Gas Industry Training Package,FALSE,Powering Skills Organisation,,,,,,Skills and Workforce Ministerial Council,,,,,40327,Plumbing,,,,,,,TRUE,FALSE,,FALSE
41304,PM2 Pty Ltd,ONSHIFT EDUCATION;PM SQUARED,UEGNSG309,Coordinate transmission pipeline construction operations,N,Unit of competency,Current,23/11/2021,Current,23/11/2021,,"Deliver and assess , Granted",29/08/2024,06/10/2029,Implicit,FALSE,FALSE,FALSE,FALSE,FALSE,FALSE,FALSE,FALSE,FALSE,,,UEGNSG327,TRUE,1,23/11/2021,UEG,Gas Industry Training Package,FALSE,Powering Skills Organisation,,,,,,Skills and Workforce Ministerial Council,,,,,40327,Plumbing,,,,,,,TRUE,FALSE,,FALSE
41304,PM2 Pty Ltd,ONSHIFT EDUCATION;PM SQUARED,UEGNSG312,Inject gas into underground storage,N,Unit of competency,Current,23/11/2021,Current,23/11/2021,,"Deliver and assess , Granted",29/08/2024,06/10/2029,Implicit,FALSE,FALSE,FALSE,FALSE,FALSE,FALSE,FALSE,FALSE,FALSE,,,,,1,23/11/2021,UEG,Gas Industry Training Package,FALSE,Powering Skills Organisation,,,,,,Skills and Workforce Ministerial Council,,,,,30399,"Process And Resources Engineering, N.e.c.",,,,,,,TRUE,FALSE,,FALSE
41304,PM2 Pty Ltd,ONSHIFT EDUCATION;PM SQUARED,UEGNSG313,"Monitor and operate flow control, pressure measuring and regulating devices for gas transmission",N,Unit of competency,Current,23/11/2021,Current,23/11/2021,,"Deliver and assess , Granted",29/08/2024,06/10/2029,Implicit,FALSE,FALSE,FALSE,FALSE,FALSE,FALSE,FALSE,FALSE,FALSE,,,UEGNSG356,TRUE,1,23/11/2021,UEG,Gas Industry Training Package,FALSE,Powering Skills Organisation,,,,,,Skills and Workforce Ministerial Council,,,,,40327,Plumbing,,,,,,,TRUE,FALSE,,TRUE
41304,PM2 Pty Ltd,ONSHIFT EDUCATION;PM SQUARED,UEGNSG315,Withdraw gas from underground storage,N,Unit of competency,Current,23/11/2021,Current,23/11/2021,,"Deliver and assess , Granted",29/08/2024,06/10/2029,Implicit,FALSE,FALSE,FALSE,FALSE,FALSE,FALSE,FALSE,FALSE,FALSE,,,,,1,23/11/2021,UEG,Gas Industry Training Package,FALSE,Powering Skills Organisation,,,,,,Skills and Workforce Ministerial Council,,,,,30399,"Process And Resources Engineering, N.e.c.",,,,,,,TRUE,FALSE,,FALSE
41304,PM2 Pty Ltd,ONSHIFT EDUCATION;PM SQUARED,UEGNSG316,Work in proximity of transmission pipeline construction plant and equipment,N,Unit of competency,Current,23/11/2021,Current,23/11/2021,,"Deliver and assess , Granted",29/08/2024,06/10/2029,Implicit,FALSE,FALSE,FALSE,FALSE,FALSE,FALSE,FALSE,FALSE,FALSE,,,UEGNSG333,TRUE,1,23/11/2021,UEG,Gas Industry Training Package,FALSE,Powering Skills Organisation,,,,,,Skills and Workforce Ministerial Council,,,,,30717,Plant And Machine Operations,,,,,,,TRUE,FALSE,,FALSE
41304,PM2 Pty Ltd,ONSHIFT EDUCATION;PM SQUARED,UEGNSG317,First response to a gas facility event,N,Unit of competency,Current,23/11/2021,Current,23/11/2021,,"Deliver and assess , Granted",29/08/2024,06/10/2029,Implicit,FALSE,FALSE,FALSE,FALSE,FALSE,FALSE,FALSE,FALSE,FALSE,,,UEGNSG350,TRUE,1,23/11/2021,UEG,Gas Industry Training Package,FALSE,Powering Skills Organisation,,,,,,Skills and Workforce Ministerial Council,,,,,61301,Occupational Health And Safety,,,,,,,FALSE,FALSE,,TRUE
41304,PM2 Pty Ltd,ONSHIFT EDUCATION;PM SQUARED,UEGNSG326,Coordinate and monitor staff and contractors,N,Unit of competency,Current,05/09/2018,Current,05/09/2018,,"Deliver and assess , Granted",29/08/2024,06/10/2029,Implicit,FALSE,FALSE,FALSE,FALSE,FALSE,FALSE,FALSE,FALSE,FALSE,,,UEGNSG326A,TRUE,1,05/09/2018,UEG,Gas Industry Training Package,FALSE,Powering Skills Organisation,,,,,,Skills and Workforce Ministerial Council,,,,,80303,Human Resource Management,,,,,,,FALSE,FALSE,,FALSE
41304,PM2 Pty Ltd,ONSHIFT EDUCATION;PM SQUARED,UEGNSG501,Communicate with gas industry stakeholders to meet operational requirements,N,Unit of competency,Current,25/01/2021,Current,25/01/2021,,"Deliver and assess , Granted",29/08/2024,06/10/2029,Implicit,FALSE,FALSE,FALSE,FALSE,FALSE,FALSE,FALSE,FALSE,FALSE,,,UEGNSG512,TRUE,1,25/01/2021,UEG,Gas Industry Training Package,FALSE,Powering Skills Organisation,,,,,,Skills and Workforce Ministerial Council,,,,,89999,"Management And Commerce, N.e.c.",,,,,,,FALSE,FALSE,,FALSE
41304,PM2 Pty Ltd,ONSHIFT EDUCATION;PM SQUARED,UEGNSG503,Monitor and control field activities,N,Unit of competency,Current,25/01/2021,Current,25/01/2021,,"Deliver and assess , Granted",29/08/2024,06/10/2029,Implicit,FALSE,FALSE,FALSE,FALSE,FALSE,FALSE,FALSE,FALSE,FALSE,,,UEGNSG514,TRUE,1,25/01/2021,UEG,Gas Industry Training Package,FALSE,Powering Skills Organisation,,,,,,Skills and Workforce Ministerial Council,,,,,80399,"Business And Management, N.e.c.",,,,,,,FALSE,FALSE,,FALSE
41304,PM2 Pty Ltd,ONSHIFT EDUCATION;PM SQUARED,UEGNSG504,Monitor and control gas infrastructure using Control Centre systems,N,Unit of competency,Current,25/01/2021,Current,25/01/2021,,"Deliver and assess , Granted",29/08/2024,06/10/2029,Implicit,FALSE,FALSE,FALSE,FALSE,FALSE,FALSE,FALSE,FALSE,FALSE,,,UEGNSG515,TRUE,1,25/01/2021,UEG,Gas Industry Training Package,FALSE,Powering Skills Organisation,,,,,,Skills and Workforce Ministerial Council,,,,,30905,Building Services Engineering,,,,,,,FALSE,FALSE,,FALSE
41304,PM2 Pty Ltd,ONSHIFT EDUCATION;PM SQUARED,UEGNSG505,Operate and monitor gas infrastructure to meet nominated demand,N,Unit of competency,Current,25/01/2021,Current,25/01/2021,,"Deliver and assess , Granted",29/08/2024,06/10/2029,Implicit,FALSE,FALSE,FALSE,FALSE,FALSE,FALSE,FALSE,FALSE,FALSE,,,UEGNSG511,TRUE,1,25/01/2021,UEG,Gas Industry Training Package,FALSE,Powering Skills Organisation,,,,,,Skills and Workforce Ministerial Council,,,,,30717,Plant And Machine Operations,,,,,,,FALSE,FALSE,,TRUE
41304,PM2 Pty Ltd,ONSHIFT EDUCATION;PM SQUARED,UEGNSG509,Remotely monitor and operate gas transmission flow and pressure measuring and regulating devices,N,Unit of competency,Current,23/11/2021,Current,23/11/2021,,"Deliver and assess , Granted",29/08/2024,06/10/2029,Implicit,FALSE,FALSE,FALSE,FALSE,FALSE,FALSE,FALSE,FALSE,FALSE,,,UEGNSG507,TRUE,1,23/11/2021,UEG,Gas Industry Training Package,FALSE,Powering Skills Organisation,,,,,,Skills and Workforce Ministerial Council,,,,,30717,Plant And Machine Operations,,,,,,,TRUE,FALSE,,TRUE
41304,PM2 Pty Ltd,ONSHIFT EDUCATION;PM SQUARED,UEGNSG701,Disconnect and reconnect data logging equipment,N,Unit of competency,Current,23/11/2021,Current,23/11/2021,,"Deliver and assess , Granted",29/08/2024,06/10/2029,Implicit,FALSE,FALSE,FALSE,FALSE,FALSE,FALSE,FALSE,FALSE,FALSE,,,,,1,23/11/2021,UEG,Gas Industry Training Package,FALSE,Powering Skills Organisation,,,,,,Skills and Workforce Ministerial Council,,,,,30399,"Process And Resources Engineering, N.e.c.",,,,,,,TRUE,FALSE,,FALSE
41304,PM2 Pty Ltd,ONSHIFT EDUCATION;PM SQUARED,UEGNSG702,Disconnect and reconnect small capacity gas meters,N,Unit of competency,Current,23/11/2021,Current,23/11/2021,,"Deliver and assess , Granted",29/08/2024,06/10/2029,Implicit,FALSE,FALSE,FALSE,FALSE,FALSE,FALSE,FALSE,FALSE,FALSE,,,UEGNSG705,TRUE,1,23/11/2021,UEG,Gas Industry Training Package,FALSE,Powering Skills Organisation,,,,,,Skills and Workforce Ministerial Council,,,,,40327,Plumbing,,,,,,,TRUE,FALSE,,FALSE
41304,PM2 Pty Ltd,ONSHIFT EDUCATION;PM SQUARED,UEGNSG703,Fault find and repair data logging equipment,N,Unit of competency,Current,23/11/2021,Current,23/11/2021,,"Deliver and assess , Granted",29/08/2024,06/10/2029,Implicit,FALSE,FALSE,FALSE,FALSE,FALSE,FALSE,FALSE,FALSE,FALSE,,,,,1,23/11/2021,UEG,Gas Industry Training Package,FALSE,Powering Skills Organisation,,,,,,Skills and Workforce Ministerial Council,,,,,30399,"Process And Resources Engineering, N.e.c.",,,,,,,TRUE,FALSE,,FALSE
41304,PM2 Pty Ltd,ONSHIFT EDUCATION;PM SQUARED,UEGNSG704,Install and commission data logging equipment,N,Unit of competency,Current,23/11/2021,Current,23/11/2021,,"Deliver and assess , Granted",29/08/2024,06/10/2029,Implicit,FALSE,FALSE,FALSE,FALSE,FALSE,FALSE,FALSE,FALSE,FALSE,,,,,1,23/11/2021,UEG,Gas Industry Training Package,FALSE,Powering Skills Organisation,,,,,,Skills and Workforce Ministerial Council,,,,,30399,"Process And Resources Engineering, N.e.c.",,,,,,,TRUE,FALSE,,FALSE
41304,PM2 Pty Ltd,ONSHIFT EDUCATION;PM SQUARED,UEGNSG707,Process data logging information,N,Unit of competency,Current,23/11/2021,Current,23/11/2021,,"Deliver and assess , Granted",29/08/2024,06/10/2029,Implicit,FALSE,FALSE,FALSE,FALSE,FALSE,FALSE,FALSE,FALSE,FALSE,,,,,1,23/11/2021,UEG,Gas Industry Training Package,FALSE,Powering Skills Organisation,,,,,,Skills and Workforce Ministerial Council,,,,,30399,"Process And Resources Engineering, N.e.c.",,,,,,,TRUE,FALSE,,FALSE
41304,PM2 Pty Ltd,ONSHIFT EDUCATION;PM SQUARED,UEGNSG709,Process meter reading information using appropriate technology,N,Unit of competency,Current,23/11/2021,Current,23/11/2021,,"Deliver and assess , Granted",29/08/2024,06/10/2029,Implicit,FALSE,FALSE,FALSE,FALSE,FALSE,FALSE,FALSE,FALSE,FALSE,,,UEGNSG711,TRUE,1,23/11/2021,UEG,Gas Industry Training Package,FALSE,Powering Skills Organisation,,,,,,Skills and Workforce Ministerial Council,,,,,80905,Practical Computing Skills,,,,,,,TRUE,FALSE,,FALSE
41304,PM2 Pty Ltd,ONSHIFT EDUCATION;PM SQUARED,UEGNSG710,Read and record meter readings,N,Unit of competency,Current,23/11/2021,Current,23/11/2021,,"Deliver and assess , Granted",29/08/2024,06/10/2029,Implicit,FALSE,FALSE,FALSE,FALSE,FALSE,FALSE,FALSE,FALSE,FALSE,,,UEGNSG712,TRUE,1,23/11/2021,UEG,Gas Industry Training Package,FALSE,Powering Skills Organisation,,,,,,Skills and Workforce Ministerial Council,,,,,40327,Plumbing,,,,,,,TRUE,FALSE,,FALSE
41304,PM2 Pty Ltd,ONSHIFT EDUCATION;PM SQUARED,UEGNSG715,Use data logging equipment,N,Unit of competency,Current,23/11/2021,Current,23/11/2021,,"Deliver and assess , Granted",29/08/2024,06/10/2029,Implicit,FALSE,FALSE,FALSE,FALSE,FALSE,FALSE,FALSE,FALSE,FALSE,,,,,1,23/11/2021,UEG,Gas Industry Training Package,FALSE,Powering Skills Organisation,,,,,,Skills and Workforce Ministerial Council,,,,,30399,"Process And Resources Engineering, N.e.c.",,,,,,,TRUE,FALSE,,FALSE
41304,PM2 Pty Ltd,ONSHIFT EDUCATION;PM SQUARED,UEGNSG901,"Apply safety practices, procedures, and compliance standards for handling hydrogen gas",N,Unit of competency,Current,23/11/2021,Current,23/11/2021,,"Deliver and assess , Granted",29/08/2024,06/10/2029,Implicit,FALSE,FALSE,FALSE,FALSE,FALSE,FALSE,FALSE,FALSE,FALSE,,,,,1,23/11/2021,UEG,Gas Industry Training Package,FALSE,Powering Skills Organisation,,,,,,Skills and Workforce Ministerial Council,,,,,30399,"Process And Resources Engineering, N.e.c.",,,,,,,TRUE,FALSE,,FALSE
41304,PM2 Pty Ltd,ONSHIFT EDUCATION;PM SQUARED,UEGNSG902,"Commission, operate and maintain electrolysers",N,Unit of competency,Current,23/11/2021,Current,23/11/2021,,"Deliver and assess , Granted",29/08/2024,06/10/2029,Implicit,FALSE,FALSE,FALSE,FALSE,FALSE,FALSE,FALSE,FALSE,FALSE,,,,,1,23/11/2021,UEG,Gas Industry Training Package,FALSE,Powering Skills Organisation,,,,,,Skills and Workforce Ministerial Council,,,,,31399,"Electrical And Electronic Engineering And Technology, N.e.c.",,,,,,,TRUE,FALSE,,FALSE
41304,PM2 Pty Ltd,ONSHIFT EDUCATION;PM SQUARED,UEGNSG903,Fault find and repair hydrogen storage equipment,N,Unit of competency,Current,23/11/2021,Current,23/11/2021,,"Deliver and assess , Granted",29/08/2024,06/10/2029,Implicit,FALSE,FALSE,FALSE,FALSE,FALSE,FALSE,FALSE,FALSE,FALSE,,,,,1,23/11/2021,UEG,Gas Industry Training Package,FALSE,Powering Skills Organisation,,,,,,Skills and Workforce Ministerial Council,,,,,30399,"Process And Resources Engineering, N.e.c.",,,,,,,TRUE,FALSE,,FALSE
41304,PM2 Pty Ltd,ONSHIFT EDUCATION;PM SQUARED,UEGNSG904,Inject hydrogen gas into distribution networks,N,Unit of competency,Current,23/11/2021,Current,23/11/2021,,"Deliver and assess , Granted",29/08/2024,06/10/2029,Implicit,FALSE,FALSE,FALSE,FALSE,FALSE,FALSE,FALSE,FALSE,FALSE,,,,,1,23/11/2021,UEG,Gas Industry Training Package,FALSE,Powering Skills Organisation,,,,,,Skills and Workforce Ministerial Council,,,,,30399,"Process And Resources Engineering, N.e.c.",,,,,,,TRUE,FALSE,,FALSE
41304,PM2 Pty Ltd,ONSHIFT EDUCATION;PM SQUARED,UEGNSG905,Monitor and control hydrogen in gas distribution networks,N,Unit of competency,Current,23/11/2021,Current,23/11/2021,,"Deliver and assess , Granted",29/08/2024,06/10/2029,Implicit,FALSE,FALSE,FALSE,FALSE,FALSE,FALSE,FALSE,FALSE,FALSE,,,,,1,23/11/2021,UEG,Gas Industry Training Package,FALSE,Powering Skills Organisation,,,,,,Skills and Workforce Ministerial Council,,,,,30399,"Process And Resources Engineering, N.e.c.",,,,,,,TRUE,FALSE,,FALSE
41304,PM2 Pty Ltd,ONSHIFT EDUCATION;PM SQUARED,UEGNSG906,Undertake routine hydrogen storage operations,N,Unit of competency,Current,23/11/2021,Current,23/11/2021,,"Deliver and assess , Granted",29/08/2024,06/10/2029,Implicit,FALSE,FALSE,FALSE,FALSE,FALSE,FALSE,FALSE,FALSE,FALSE,,,,,1,23/11/2021,UEG,Gas Industry Training Package,FALSE,Powering Skills Organisation,,,,,,Skills and Workforce Ministerial Council,,,,,30399,"Process And Resources Engineering, N.e.c.",,,,,,,TRUE,FALSE,,FALSE
41304,PM2 Pty Ltd,ONSHIFT EDUCATION;PM SQUARED,UEPMNT367,Install and commission stationary gas fuelled reciprocating engines,N,Unit of competency,Current,31/10/2018,Current,31/10/2018,,"Deliver and assess , Granted",29/08/2024,06/10/2029,Implicit,FALSE,FALSE,FALSE,FALSE,FALSE,FALSE,FALSE,FALSE,FALSE,,,UEPMNT367A,TRUE,2,20/04/2022,UEP,Electricity Supply Industry - Generation Sector Training Package,FALSE,Powering Skills Organisation,,,,,,Skills and Workforce Ministerial Council,,,,,30717,Plant And Machine Operations,,,,,,,FALSE,FALSE,,TRUE
41304,PM2 Pty Ltd,ONSHIFT EDUCATION;PM SQUARED,UEPMNT368,Repair and maintain stationary gas fuelled reciprocating engines,N,Unit of competency,Current,31/10/2018,Current,31/10/2018,,"Deliver and assess , Granted",29/08/2024,06/10/2029,Implicit,FALSE,FALSE,FALSE,FALSE,FALSE,FALSE,FALSE,FALSE,FALSE,,,UEPMNT368A,TRUE,2,20/04/2022,UEP,Electricity Supply Industry - Generation Sector Training Package,FALSE,Powering Skills Organisation,,,,,,Skills and Workforce Ministerial Council,,,,,30717,Plant And Machine Operations,,,,,,,FALSE,FALSE,,TRUE
41304,PM2 Pty Ltd,ONSHIFT EDUCATION;PM SQUARED,UEPOPS059,"Manage, operate and monitor a gas turbine unit",N,Unit of competency,Current,20/04/2022,Current,20/04/2022,,"Deliver and assess , Granted",29/08/2024,06/10/2029,Implicit,FALSE,FALSE,FALSE,FALSE,FALSE,FALSE,FALSE,FALSE,FALSE,,,UEPOPS336,TRUE,1,20/04/2022,UEP,Electricity Supply Industry - Generation Sector Training Package,FALSE,Powering Skills Organisation,,,,,,Skills and Workforce Ministerial Council,,,,,30717,Plant And Machine Operations,,,,,,,FALSE,FALSE,,FALSE
41304,PM2 Pty Ltd,ONSHIFT EDUCATION;PM SQUARED,UEPOPS085,Operate and monitor communications system,N,Unit of competency,Current,20/04/2022,Current,20/04/2022,,"Deliver and assess , Granted",29/08/2024,06/10/2029,Implicit,FALSE,FALSE,FALSE,FALSE,FALSE,FALSE,FALSE,FALSE,FALSE,,,UEPOPS203,TRUE,1,20/04/2022,UEP,Electricity Supply Industry - Generation Sector Training Package,FALSE,Powering Skills Organisation,,,,,,Skills and Workforce Ministerial Council,,,,,30717,Plant And Machine Operations,,,,,,,FALSE,FALSE,,FALSE
41304,PM2 Pty Ltd,ONSHIFT EDUCATION;PM SQUARED,UEPOPS092,Operate and monitor fixed fire protection systems,N,Unit of competency,Current,20/04/2022,Current,20/04/2022,,"Deliver and assess , Granted",29/08/2024,06/10/2029,Implicit,FALSE,FALSE,FALSE,FALSE,FALSE,FALSE,FALSE,FALSE,FALSE,,,UEPOPS317,TRUE,1,20/04/2022,UEP,Electricity Supply Industry - Generation Sector Training Package,FALSE,Powering Skills Organisation,,,,,,Skills and Workforce Ministerial Council,,,,,30717,Plant And Machine Operations,,,,,,,FALSE,FALSE,,FALSE
41304,PM2 Pty Ltd,ONSHIFT EDUCATION;PM SQUARED,UEPOPS107,Operate and monitor supervisory control and data acquisition systems,N,Unit of competency,Current,20/04/2022,Current,20/04/2022,,"Deliver and assess , Granted",29/08/2024,06/10/2029,Implicit,FALSE,FALSE,FALSE,FALSE,FALSE,FALSE,FALSE,FALSE,FALSE,,,UEPOPS347,TRUE,1,20/04/2022,UEP,Electricity Supply Industry - Generation Sector Training Package,FALSE,Powering Skills Organisation,,,,,,Skills and Workforce Ministerial Council,,,,,20303,Database Management,,,,,,,FALSE,FALSE,,FALSE
41304,PM2 Pty Ltd,ONSHIFT EDUCATION;PM SQUARED,UEPOPS316,Operate and monitor boiler steam/water cycle,N,Unit of competency,Superseded,19/04/2022,Superseded,31/10/2018,18/04/2022,"Deliver and assess , Granted",13/10/2023,06/10/2029,Implicit,FALSE,FALSE,FALSE,FALSE,FALSE,FALSE,FALSE,FALSE,FALSE,UEPOPS083,TRUE,UEPOPS316B,TRUE,1,31/10/2018,UEP,Electricity Supply Industry - Generation Sector Training Package,FALSE,Powering Skills Organisation,,,,,,Skills and Workforce Ministerial Council,,,,,30717,Plant And Machine Operations,,,,,,,FALSE,FALSE,,FALSE
41304,PM2 Pty Ltd,ONSHIFT EDUCATION;PM SQUARED,UETDREL006,Work safely in the vicinity of live electrical apparatus as a non-electrical worker,N,Unit of competency,Current,20/09/2021,Current,20/09/2021,,"Deliver and assess , Granted",18/08/2023,06/10/2029,Explicit,TRUE,TRUE,TRUE,TRUE,TRUE,TRUE,TRUE,TRUE,FALSE,,,UETTDREL14,TRUE,2,06/12/2022,UET,"Transmission, Distribution and Rail Sector",FALSE,Powering Skills Organisation,,,,,,Skills and Workforce Ministerial Council,,,,,61301,Occupational Health And Safety,,,,,,,TRUE,FALSE,,FALSE
41304,PM2 Pty Ltd,ONSHIFT EDUCATION;PM SQUARED,UETDRMP007,Perform rescue from a live low voltage panel,N,Unit of competency,Superseded,10/08/2025,Superseded,14/10/2022,09/08/2025,"Deliver and assess , Granted",18/08/2023,09/08/2026,Explicit,TRUE,TRUE,TRUE,TRUE,TRUE,TRUE,TRUE,TRUE,FALSE,UETDRMP018,TRUE,UETDRRF004,FALSE,1,14/10/2022,UET,"Transmission, Distribution and Rail Sector",FALSE,Powering Skills Organisation,,,,,,Skills and Workforce Ministerial Council,,,,,61301,Occupational Health And Safety,,,,,,,TRUE,FALSE,,TRUE
41304,PM2 Pty Ltd,ONSHIFT EDUCATION;PM SQUARED,UETDRMP010,Provide first aid in an ESI environment,N,Unit of competency,Current,14/10/2022,Current,14/10/2022,,"Deliver and assess , Granted",18/08/2023,06/10/2029,Explicit,TRUE,TRUE,TRUE,TRUE,TRUE,TRUE,TRUE,TRUE,FALSE,,,UETDRRF007,FALSE,1,14/10/2022,UET,"Transmission, Distribution and Rail Sector",FALSE,Powering Skills Organisation,,,,,,Skills and Workforce Ministerial Council,,,,,69907,First Aid,,,,,,,FALSE,FALSE,,TRUE
41304,PM2 Pty Ltd,ONSHIFT EDUCATION;PM SQUARED,UETDRMP018,Perform rescue from a live low voltage panel,N,Unit of competency,Current,11/08/2025,Current,11/08/2025,,"Deliver and assess , Granted",11/08/2025,06/10/2029,Explicit,TRUE,TRUE,TRUE,TRUE,TRUE,TRUE,TRUE,TRUE,FALSE,,,UETDRMP007,TRUE,1,11/08/2025,UET,"Transmission, Distribution and Rail Sector",FALSE,Powering Skills Organisation,,,,,,Skills and Workforce Ministerial Council,,,,,61301,Occupational Health And Safety,,,,,,,TRUE,FALSE,,TRUE
41304,PM2 Pty Ltd,ONSHIFT EDUCATION;PM SQUARED,UETTDREL14A,Working safely near live electrical apparatus as a non-electrical worker,N,Unit of competency,Superseded,24/09/2019,Superseded,01/05/2012,23/09/2019,"Deliver and assess , Granted",19/04/2024,06/10/2029,Implicit,FALSE,FALSE,FALSE,FALSE,FALSE,FALSE,FALSE,FALSE,FALSE,UETTDREL14,TRUE,UETTDREL04B,TRUE,1,01/05/2012,UET12,"Transmission, Distribution and Rail Sector Training Package",FALSE,Powering Skills Organisation,,,,,,Skills and Workforce Ministerial Council,,,,,61301,Occupational Health And Safety,,,,,,,FALSE,FALSE,,FALSE